id,hindi,reference_santhali,predicted_santhali
1,"माँ, चलो कल एक फिल्म देखने चलते हैं।","ᱜᱚ, ᱜᱟᱯᱟ ᱢᱚᱵᱷᱤ ᱧᱮᱞᱵᱚᱱ ᱪᱚᱞᱚᱜᱼᱟ ᱾","ᱟᱭᱳ, ᱤᱧᱟᱹᱜ ᱦᱚᱭᱦᱩᱫᱮ ᱢᱤᱫᱴᱟᱝ ᱪᱚᱞᱚᱛ ᱪᱤᱛᱟᱹᱨ ᱧᱮᱞ ᱦᱩᱭᱩᱜ ᱟ ᱾"
2,मुझे कल स्कूल नहीं जाना है।,ᱤᱧ ᱫᱚ ᱥᱠᱩᱞ ᱵᱟᱝ ᱪᱟᱞᱟᱜᱽ ᱦᱩᱭᱩᱜᱽᱛᱤᱧᱟ ᱾,ᱤᱧ ᱦᱚᱭᱦᱩᱫᱮ ᱵᱤᱨᱫᱟᱹᱜᱟᱲ ᱨᱮ ᱵᱟᱝ ᱥᱮᱱ ᱦᱩᱭᱩᱜ ᱛᱟᱢᱟ ᱾
3,छुट्टी है।,ᱡᱤᱨᱟᱹᱣ ᱢᱟᱸᱦᱟ ᱠᱟᱱᱟ ᱾,ᱱᱚᱶᱟ ᱫᱚ ᱢᱤᱫᱴᱟᱝ ᱪᱷᱟᱹᱲ ᱫᱤᱱ ᱾
4,"ओह, कल 14 अप्रैल है न?","ᱳᱦ, ᱜᱟᱯᱟ ᱫᱚ ᱑᱔ ᱮᱯᱨᱤᱞ ᱠᱟᱱᱟ ᱥᱮ ᱵᱟᱝ ?","ᱳᱦ, ᱦᱚᱭᱦᱩᱫᱮ 14 ᱮᱯᱨᱤᱞ, ᱵᱟᱝ?"
5,कल तुम्हारे पिताजी की भी छुट्टी होगी।,ᱟᱢ ᱵᱟᱵᱟᱣᱟᱜᱽ ᱦᱚᱸ ᱜᱟᱯᱟ ᱠᱟᱹᱢᱤᱨᱮ ᱪᱷᱩᱴᱤ ᱛᱟᱦᱮᱸᱛᱟᱭᱟ ᱾,ᱦᱚᱭᱦᱩᱫᱮ ᱟᱢᱨᱮᱱ ᱵᱟᱵᱟ ᱦᱚᱸ ᱪᱷᱟᱹᱲ ᱮᱢ ᱦᱩᱭᱩᱜᱼᱟ ᱾
6,हम फिल्म देखने का प्लान बना सकते हैं!,ᱟᱵᱩ ᱫᱚ ᱥᱤᱱᱟᱹᱢᱟ ᱧᱮᱞ ᱪᱟᱞᱟᱜᱽ ᱨᱮᱭᱟᱜ ᱵᱩᱱ ᱯᱞᱟᱱ ᱫᱟᱲᱤᱭᱟᱜᱽᱼᱟ !,ᱟᱢ ᱪᱚᱞᱚᱛ ᱪᱤᱛᱟᱹᱨ ᱧᱮᱞ ᱨᱮᱭᱟᱜ ᱩᱭᱦᱟᱹᱨ ᱫᱚᱦᱚ ᱫᱟᱲᱮᱭᱟᱜᱼᱟᱢ ᱾
7,यह तो अच्छी खबर है!,ᱚᱱᱟ ᱫᱚ ᱨᱟᱹᱥᱠᱟᱹ ᱠᱷᱚᱵᱚᱨ !,ᱱᱚᱶᱟ ᱫᱚ ᱢᱤᱫᱴᱟᱝ ᱱᱟᱯᱟᱭ ᱰᱚᱜᱚᱨ ᱠᱟᱱᱟ ᱾
8,पर इस दिन छुट्टी क्यों है?,ᱢᱮᱱᱠᱷᱟᱱ ᱪᱷᱩᱴᱤ ᱫᱚ ᱪᱮᱫᱽ ᱞᱟᱹᱜᱤᱫᱽ ?,ᱢᱮᱱᱠᱷᱟᱱ ᱱᱚᱶᱟ ᱫᱤᱱ ᱫᱚ ᱪᱮᱫ ᱞᱟᱹᱜᱤᱫ ᱪᱷᱟᱹᱲ ᱠᱟᱱᱟ?
9,"क्या सभी स्कूल, कॉलेज और ऑफिस कल बंद रहेंगे?",ᱜᱟᱯᱟ ᱫᱚ ᱪᱮᱫᱽ ᱡᱚᱛᱚ ᱥᱠᱩᱞ ᱠᱚᱞᱮᱡᱽᱠᱩ ᱵᱚᱸᱫᱜᱤᱭᱟ ?,"ᱥᱟᱱᱟᱢ ᱵᱤᱨᱫᱟᱹᱜᱟᱲ, ᱠᱚᱞᱮᱡᱽ ᱟᱨ ᱚᱯᱷᱤᱥ ᱫᱚ ᱦᱚᱭᱦᱩᱫᱮ ᱵᱚᱱᱚᱫᱚᱞ ᱦᱩᱭᱩᱜᱼᱟ ᱥᱮ ᱵᱟᱝ?"
10,कल अंबेडकर जयंती है!,ᱜᱟᱯᱟ ᱫᱚ ᱟᱢᱵᱮᱫᱠᱟᱨ ᱡᱚᱭᱚᱱᱛᱤ ᱠᱟᱱᱟ !,ᱦᱚᱭᱦᱩᱫᱮ ᱟᱢᱵᱮᱫᱠᱚᱨ ᱡᱚᱭᱚᱱᱛᱤ ᱾
11,इस दिन को हर वर्ष बी.आर. अंबेडकर के जन्म के उपलक्ष में मनाया जाता है।,ᱱᱤᱭᱟᱹ ᱢᱟᱸᱦᱟ ᱫᱚ ᱡᱟᱣᱥᱮᱨᱢᱟ ᱰᱚᱠᱴᱚᱨ ᱵᱤᱹ ᱟᱨ ᱟᱢᱵᱮᱫᱠᱟᱨᱟᱜᱽ ᱡᱟᱱᱟᱢ ᱢᱟᱸᱦᱟ ᱞᱮᱠᱟᱛᱮ ᱢᱟᱱᱟᱜᱽᱠᱟᱱᱟ ᱾,ᱱᱚᱶᱟ ᱢᱟᱦᱟ ᱫᱚ ᱡᱚᱛᱚ ᱥᱮᱨᱢᱟ ᱜᱮ ᱚᱱᱢᱚᱫᱠᱚᱨ ᱟᱜ ᱡᱟᱱᱟᱢ ᱢᱟᱦᱟ ᱞᱮᱠᱟᱛᱮ ᱯᱟᱞᱟᱣ ᱦᱩᱭᱩᱜᱼᱟ ᱾
12,क्या तुमने उनके बारे में सुना है?,ᱟᱢ ᱫᱚ ᱩᱱᱤᱭᱟᱜ ᱧᱩᱛᱩᱢᱮᱢ ᱟᱸᱡᱚᱢᱟᱠᱟᱫᱟ ?,ᱟᱢ ᱠᱤ ᱩᱱᱠᱩ ᱤᱫᱤ ᱠᱟᱛᱮ ᱵᱟᱰᱟᱭ ᱧᱟᱢ ᱟᱠᱟᱫᱟ?
13,मेरे खयाल से इन्हें मैंने अपनी हिस्ट्री और सिविक्स की किताब में देखा है।,ᱤᱧ ᱫᱤᱥᱟᱹᱭᱟ ᱤᱧ ᱫᱚ ᱱᱟᱜᱟᱢ ᱯᱚᱛᱚᱵ ᱟᱨ ᱱᱟᱜᱟᱨᱤᱭᱟᱹ ᱥᱟᱸᱬᱮᱥ ᱨᱮ ᱧ ᱧᱮᱞᱟᱠᱟᱫᱟ ᱾,"ᱤᱧ ᱢᱚᱱᱮ ᱦᱩᱭᱩᱜ ᱠᱟᱱᱟ, ᱤᱧ ᱱᱚᱣᱟ ᱠᱚ ᱤᱧᱟᱹᱜ ᱱᱟᱜᱟᱢ ᱟᱨ ᱥᱤᱵᱷᱤᱠᱥ ᱯᱚᱛᱚᱵ ᱨᱮ ᱧᱮᱞ ᱟᱠᱟᱫᱟ ᱾"
14,क्या वे हमारे संविधान से संबंध रखते हैं?,ᱩᱱᱤ ᱫᱚ ᱪᱮᱫ ᱟᱵᱩᱣᱟᱜᱽ ᱥᱚᱝᱵᱤᱫᱷᱟᱱ ᱥᱟᱶ ᱡᱟᱸᱦᱟᱞᱮᱠᱟ ᱡᱚᱯᱚᱲᱟᱣ ᱢᱮᱱᱟᱭᱟ ᱾,ᱩᱱᱠᱩ ᱫᱚ ᱪᱮᱫ ᱟᱢᱨᱮᱱ ᱵᱚᱱᱫᱮᱡ ᱥᱟᱞᱟᱜ ᱠᱚ ᱥᱮᱞᱮᱫ ᱟᱠᱟᱫᱟ?
15,बिलकुल सही! उन्हें भारतीय संविधान का जनक कहा जाता है।,ᱱᱤᱦᱟᱹᱛᱜᱤ! ᱩᱱᱤ ᱫᱚ ᱵᱷᱟᱨᱚᱛᱤᱭᱟᱹ ᱥᱚᱝᱵᱤᱫᱷᱟᱱᱨᱮᱱ ᱚᱱᱚᱞᱤᱭᱟᱹ ᱠᱟᱱᱟᱭ ᱾,ᱟᱹᱰᱤ ᱱᱟᱯᱟᱭ! ᱩᱱᱤ ᱫᱚ ᱵᱷᱟᱨᱚᱛ ᱨᱮᱭᱟᱜ ᱥᱟᱵᱤᱫᱤᱱ ᱨᱮᱱ ᱵᱟᱵᱟ ᱢᱮᱱᱛᱮ ᱠᱚ ᱢᱮᱱᱚᱜᱼᱟ ᱾
16,वे नागरिक अधिकारों के लिए लड़ने वाले कार्यकर्ता था जिन्होंने संविधान तैयार करने में महत्वपूर्ण भूमिका निभाई थी।,ᱩᱱᱤ ᱫᱚ ᱢᱤᱫᱦᱚᱲ ᱱᱟᱜᱟᱨᱤᱭᱟᱹ ᱟᱹᱭᱫᱟᱹᱨ ᱠᱟᱹᱢᱤᱭᱟᱹᱭ ᱛᱟᱦᱮᱸᱠᱟᱱᱟ ᱡᱟᱸᱦᱟᱭ ᱫᱚ ᱥᱚᱝᱵᱤᱫᱷᱟᱱ ᱵᱮᱱᱟᱣᱨᱮ ᱢᱩᱲᱩᱫᱽ ᱮᱱᱮᱢᱮ ᱫᱚᱦᱚᱞᱮᱫᱟ ᱾,"ᱩᱱᱤ ᱫᱚ ᱢᱤᱫ ᱦᱚᱲ ᱦᱚᱲ ᱠᱚᱣᱟᱜ ᱫᱟᱲᱮ ᱞᱟᱹᱜᱤᱫ ᱞᱟᱹᱲᱦᱟᱹᱭᱤᱡ ᱮ ᱛᱟᱸᱦᱮ ᱠᱟᱱᱟ, ᱡᱟᱦᱟᱸᱭ ᱫᱚ ᱥᱟᱵᱤᱫᱤᱱ ᱵᱮᱱᱟᱣ ᱨᱮ ᱢᱤᱫᱴᱟᱝ ᱮᱱᱮᱢ ᱟᱱᱟᱜ ᱮᱱᱮᱢᱮ ᱯᱟᱞᱟᱣ ᱞᱮᱫᱟ ᱾"
17,उन्होंने उस जीवंत प्रजातांत्रिक स्वरूप को आकार देने में महत्वपूर्ण भूमिका निभाई जिस पर भारत को गर्व है।,ᱩᱱᱤ ᱫᱚ ᱡᱤᱭᱟᱹᱲ ᱜᱚᱱᱚᱛᱟᱱᱛᱨᱤᱠ ᱜᱚᱲᱦᱚᱱ ᱵᱮᱱᱟᱣᱨᱮ ᱢᱤᱫᱽ ᱢᱩᱲᱩᱫᱽ ᱮᱱᱮᱢᱮ ᱯᱟᱞᱚᱱᱞᱮᱫᱟ ᱡᱟᱸᱦᱟ ᱞᱟᱹᱜᱤᱫᱽ ᱵᱷᱟᱨᱚᱛ ᱫᱚ ᱜᱚᱨᱚᱵᱮ ᱵᱩᱡᱷᱟ ᱾,"ᱵᱷᱟᱨᱚᱛ ᱡᱟᱦᱟᱸ ᱡᱳᱨ ᱟᱱ ᱦᱚᱲᱡᱩᱛᱚᱱᱛᱚᱨᱚ ᱨᱩᱯ ᱨᱮ ᱜᱳᱨᱰᱚᱜ ᱠᱟᱱᱟ, ᱚᱱᱟ ᱵᱮᱱᱟᱣ ᱨᱮ ᱩᱱᱤ ᱫᱚ ᱮᱱᱮᱢᱮ ᱫᱚᱦᱚ ᱞᱮᱫᱟ ᱾"
18,मुझे अब याद आया!,ᱱᱤᱛᱚᱜᱽᱤᱧ ᱫᱤᱥᱟᱹᱭᱮᱫᱟ !,ᱤᱧ ᱱᱤᱛ ᱤᱧᱟᱹᱜ ᱢᱚᱱᱮ ᱦᱩᱭᱩᱜ ᱠᱟᱱᱟ ᱾
19,हाल ही में हम उनके बारे में सिविक्स की कक्षा में चर्चा कर रहे थे।,ᱮᱱᱦᱤᱞᱚᱜ ᱟᱞᱮ ᱫᱚ ᱱᱟᱜᱟᱨᱤᱭᱟᱹ ᱥᱟᱸᱬᱮᱥ ᱠᱞᱟᱥᱨᱮ ᱩᱱᱤ ᱵᱟᱵᱚᱫᱽᱞᱮ ᱜᱟᱞᱚᱪᱮᱫᱽᱠᱟᱱ ᱛᱟᱦᱮᱸᱠᱟᱱᱟ ᱾,"ᱱᱟᱦᱟᱜ ᱚᱠᱛᱚ ᱨᱮ, ᱟᱢ ᱥᱤᱵᱷᱤᱠᱥ ᱨᱮᱭᱟᱜ ᱥᱮᱪᱮᱫ ᱚᱲᱟᱜ ᱨᱮ ᱩᱱᱠᱩ ᱤᱫᱤ ᱠᱟᱛᱮ ᱵᱤᱪᱷᱚᱱᱟ ᱞᱮᱫᱟᱠᱚ ᱾"
20,मैम ने कहा था कि वे उनके बारे में हमें और बताएंगी जब हम भारतीय संविधान का पाठ पढ़ेंगे।,ᱢᱟᱪᱮᱫᱟᱹᱱᱤᱭ ᱞᱟᱹᱭᱟᱠᱟᱫᱟ ᱡᱮ ᱩᱱᱤ ᱫᱚ ᱵᱷᱟᱨᱚᱛᱤᱭᱟᱹ ᱥᱚᱝᱵᱤᱫᱷᱟᱱ ᱦᱟᱹᱴᱤᱧᱞᱮ ᱯᱟᱲᱦᱟᱣᱟ ᱛᱚᱠᱷᱚᱱᱮ ᱞᱟᱹᱭᱟᱞᱮᱭᱟ ᱾,"ᱢᱟᱢ ᱮ ᱞᱟᱹᱭ ᱞᱮᱫᱟ ᱡᱮ, ᱵᱷᱟᱨᱚᱛ ᱨᱮᱭᱟᱜ ᱵᱚᱱᱫᱮᱡ ᱨᱮᱭᱟᱜ ᱥᱮᱪᱮᱫ ᱚᱠᱛᱚ ᱩᱱᱤ ᱫᱚ ᱩᱱᱤ ᱤᱫᱤ ᱠᱟᱛᱮ ᱟᱨᱦᱚᱸ ᱞᱟᱹᱭ ᱥᱚᱫᱚᱨᱼᱟ ᱾"
21,"उन्होंने समाज से जाति के आधार पर भेदभाव खत्म करने के लिए लड़ाई की थी, है ना?","ᱥᱟᱶᱛᱟᱨᱮ ᱢᱮᱱᱟᱜ ᱡᱟᱹᱛᱤ ᱵᱷᱮᱯᱮᱜᱮᱫᱽ ᱚᱪᱚᱜ ᱞᱟᱹᱜᱤᱫᱽᱮ ᱞᱟᱹᱲᱦᱟᱹᱭᱞᱮᱱᱟ, ᱥᱮ ᱵᱟᱝ ?","ᱩᱱᱤ ᱫᱚ ᱥᱟᱶᱛᱟ ᱠᱷᱚᱱ ᱯᱟᱹᱨᱥᱤ ᱞᱮᱠᱟᱛᱮ ᱵᱤᱵᱚᱨᱚᱱ ᱢᱩᱪᱟᱹᱫ ᱞᱟᱹᱜᱤᱫ ᱮ ᱞᱟᱹᱲᱦᱟᱹᱭ ᱞᱮᱫᱟ, ᱵᱟᱝ?"
22,"हाँ, खुद दलित होने की वजह से उन्हें पता था कि छुआछूत की बुराई से जूझना कितना मुश्किल है।",ᱦᱮᱸ ᱾ ᱱᱤᱡᱽ ᱫᱟᱹᱞᱤᱛ ᱞᱮᱠᱟᱛᱮ ᱵᱩᱡᱷᱦᱟᱹᱣᱞᱮᱫᱟ ᱡᱮ ᱵᱷᱮᱯᱮᱜᱟᱨ ᱵᱟᱹᱲᱤᱡᱽ ᱚᱨᱡᱚ ᱡᱟᱸᱜᱮ ᱫᱟᱨᱟᱢ ᱫᱚ ᱛᱤᱱᱟᱹᱜ ᱟᱸᱴᱟ ᱢᱮᱱᱛᱮ ᱾,"ᱦᱩᱭᱩᱜ ᱠᱟᱱᱟ, ᱟᱡ ᱜᱮ ᱢᱤᱫ ᱰᱟᱞᱚᱛ ᱞᱮᱠᱟᱛᱮ, ᱩᱱᱤ ᱮ ᱵᱟᱰᱟᱭ ᱛᱟᱸᱦᱮ ᱠᱟᱱᱟ ᱡᱮ ᱴᱩᱪᱪ ᱨᱮᱭᱟᱜ ᱵᱤᱨᱤᱫ ᱥᱟᱞᱟᱜ ᱞᱟᱹᱲᱦᱟᱹᱭ ᱫᱚ ᱪᱮᱫ ᱞᱮᱠᱟ ᱟᱱᱟᱴ ᱠᱟᱱᱟ ᱾"
23,इसलिए इन्होंने निचली जाति के लोगों के अधिकारों के लिए लड़ाई लड़ी।,"ᱱᱚᱧᱠᱟᱞᱮᱠᱟᱛᱮ, ᱩᱱᱤ ᱫᱚ ᱱᱤᱪᱡᱟᱹᱛᱤ ᱠᱩᱣᱟᱜ ᱟᱹᱭᱫᱟᱹᱨ ᱞᱟᱹᱜᱤᱫᱽᱛᱮᱭ ᱞᱟᱹᱲᱦᱟᱹᱭᱞᱮᱱᱟ ᱾","ᱚᱱᱟᱛᱮ, ᱩᱱᱠᱩ ᱫᱚ ᱞᱟᱛᱟᱨ ᱛᱷᱚᱱᱚᱛ ᱨᱮᱱ ᱦᱚᱲ ᱠᱚᱣᱟᱜ ᱢᱟᱹᱱ ᱞᱟᱹᱜᱤᱫ ᱠᱚ ᱞᱟᱹᱲᱦᱟᱹᱭ ᱞᱮᱫᱟ ᱾"
24,उन्होंने बड़े पैमाने में भेदभाव के खिलाफ लड़ाई की और जीत हासिल की।,ᱩᱱᱤ ᱫᱚ ᱵᱷᱮᱯᱮᱜᱮᱫᱽ ᱵᱤᱨᱩᱫ ᱟᱭᱢᱟᱭ ᱯᱨᱚᱪᱟᱨᱟᱠᱟᱫᱟ ᱟᱨᱮ ᱡᱤᱛᱠᱟᱹᱨᱟᱠᱟᱱᱟ ᱾,ᱩᱱᱤ ᱫᱚ ᱢᱟᱨᱟᱝ ᱯᱚᱨᱤᱢᱟᱱ ᱨᱮ ᱵᱤᱵᱚᱨᱚᱱ ᱵᱤᱨᱩᱫᱷ ᱨᱮᱭ ᱞᱟᱹᱲᱦᱟᱹᱭ ᱞᱮᱫᱟ ᱟᱨ ᱡᱤᱛᱠᱟᱹᱨ ᱞᱮᱱᱟᱭ ᱾
25,"वाह, कितना मजबूत व्यक्तित्व था उनका!","ᱳᱦ, ᱛᱤᱱᱟᱹᱜ ᱠᱮᱴᱮᱡᱽ ᱢᱟᱹᱱᱢᱤ !","ᱳᱣᱟ, ᱩᱱᱤ ᱫᱚ ᱪᱮᱫ ᱞᱮᱠᱟ ᱫᱟᱲᱮᱹᱣᱟᱱᱟᱜ ᱦᱚᱲ ᱮ ᱛᱟᱸᱦᱮ ᱠᱟᱱᱟ ᱾"
26,इसलिए इस दिन को पूरे उपमहाद्वीप में समानता दिवस के रूप में भी मनाया जाता है।,ᱚᱱᱟ ᱞᱟᱹᱜᱤᱫᱽᱛᱮᱜᱤ ᱚᱱᱟ ᱢᱟᱦᱟ ᱫᱚ ᱜᱚᱴᱟ ᱩᱯᱟᱹᱯᱚᱱᱚᱛᱨᱮ ᱥᱟᱢᱢᱚ ᱫᱤᱵᱚᱥ ᱞᱮᱠᱟᱛᱮ ᱦᱚᱸ ᱢᱟᱱᱟᱜᱽᱠᱟᱱᱟ ᱾,"ᱚᱱᱟᱛᱮ, ᱱᱚᱶᱟ ᱢᱟᱦᱟ ᱫᱚ ᱥᱟᱱᱟᱢ ᱩᱯᱚᱢ ᱫᱤᱥᱚᱢ ᱨᱮ ᱢᱤᱫ ᱞᱮᱠᱟᱱ ᱢᱟᱦᱟ ᱞᱮᱠᱟᱛᱮ ᱦᱚᱸ ᱯᱟᱞᱟᱣ ᱦᱩᱭᱩᱜᱼᱟ ᱾"
27,मुझे मालूम है कि तुम्हें इस व्यक्ति के बारे में पढ़ने में बहुत अच्छा लगेगा जब तुम यह पाठ स्कूल में पढ़ोगी।,ᱤᱧᱫᱚᱧ ᱴᱷᱟᱹᱣᱠᱟᱹᱭᱟ ᱡᱮ ᱟᱢ ᱡᱚᱠᱷᱚᱱ ᱤᱥᱠᱩᱞᱨᱮ ᱚᱱᱟ ᱦᱟᱹᱴᱤᱧᱮᱢ ᱯᱟᱲᱦᱟᱣᱟ ᱩᱱᱤ ᱢᱟᱹᱱᱢᱤ ᱵᱟᱵᱚᱫ ᱯᱟᱲᱦᱟᱣᱨᱮ ᱠᱩᱥᱤᱢ ᱵᱩᱡᱷᱦᱟᱹᱣᱟ ᱾,"ᱤᱧ ᱵᱟᱰᱟᱭ ᱟᱠᱟᱱᱟ ᱡᱮ, ᱟᱢ ᱡᱚᱠᱷᱚᱱ ᱱᱚᱶᱟ ᱥᱮᱪᱮᱫ ᱵᱤᱨᱫᱟᱹᱜᱟᱲ ᱨᱮ ᱛᱟᱦᱮᱸᱱᱟ, ᱩᱱ ᱟᱢ ᱱᱚᱶᱟ ᱦᱚᱲ ᱵᱟᱨᱮᱛᱮ ᱯᱟᱲᱦᱟᱣ ᱫᱚ ᱟᱹᱰᱤ ᱱᱟᱯᱟᱭ ᱦᱩᱭᱩᱜᱼᱟ ᱾"
28,"हाँ माँ, मैं इसके लिए इंतज़ार नहीं कर सकती।","ᱦᱮᱸ ᱜᱚ, ᱤᱧ ᱵᱟᱧ ᱛᱟᱹᱜᱤ ᱫᱟᱲᱮᱭᱟᱜᱽᱠᱟᱱᱟ ᱾","ᱟ, ᱟᱭᱳ, ᱤᱧ ᱱᱚᱶᱟ ᱞᱟᱹᱜᱤᱫ ᱛᱮ ᱚᱱᱢᱟᱱ ᱵᱟᱝ ᱫᱟᱲᱮᱭᱟᱜᱼᱟ ᱾"
29,मैं वास्तव में उत्सुक हूं।,ᱤᱧ ᱫᱚ ᱟᱹᱰᱤᱜᱤᱧ ᱟᱹᱠᱩᱛᱟᱠᱟᱱᱟ ᱾,ᱤᱧ ᱫᱚ ᱟᱹᱰᱤ ᱠᱷᱮᱹᱞᱳᱰᱚᱜ ᱠᱟᱱᱟ ᱾
30,"ठीक है, अब बताओ कि कौन सी फिल्म देखना चाहती हो?","ᱴᱷᱤᱠᱜᱮᱭᱟ, ᱱᱤᱛᱚᱜ ᱞᱟᱹᱭᱢᱮ ᱟᱢ ᱫᱚ ᱚᱠᱟᱴᱟᱜᱽ ᱥᱤᱱᱟᱹᱢᱟ ᱧᱮᱞ ᱪᱟᱞᱟᱜᱮᱢ ᱠᱷᱚᱡᱚᱜᱽᱠᱟᱱᱟ ?",ᱟᱢ ᱪᱮᱫ ᱪᱚᱞᱚᱛ ᱪᱤᱛᱟᱹᱨ ᱧᱮᱞ ᱠᱷᱚᱡ ᱠᱟᱱᱟ ᱚᱱᱟ ᱞᱟᱹᱭ ᱢᱮ ᱾
31,क्या तुम नई मार्वल फिल्म देखना चाहोगी?,ᱟᱢ ᱠᱤ ᱢᱟᱨᱵᱷᱮᱞᱟᱜᱽ ᱱᱟᱶᱟ ᱥᱤᱱᱟᱹᱢᱟ ᱧᱮᱞᱮᱢ ᱠᱷᱚᱡᱚᱜᱽᱠᱟᱱᱟ ?,ᱟᱢ ᱠᱤ ᱱᱟᱶᱟ ᱢᱟᱨᱵᱷᱮᱞ ᱪᱚᱞᱚᱛ ᱪᱤᱛᱟᱹᱨ ᱧᱮᱞ ᱠᱷᱚᱡ ᱠᱟᱱᱟ?
32,तुम्हारा मतलब है डॉक्टर स्ट्रेंज और मल्टीवर्स ऑफ मैडनेस?,ᱦᱮᱸ ᱢᱮᱱᱮᱫᱽ ᱫᱚ ᱰᱚᱠᱴᱚᱨ ᱥᱴᱨᱮᱧᱡᱽ ᱟᱨ ᱫᱟ ᱢᱟᱞᱴᱤᱵᱷᱟᱨᱥ ᱚᱯᱷ ᱢᱮᱰᱱᱮᱥ ?,ᱟᱢ ᱪᱮᱫ ᱫᱟᱠᱴᱟᱨ ᱥᱴᱨᱮᱱᱡ ᱟᱨ ᱢᱚᱞᱴᱤᱵᱷᱟᱨᱥ ᱚᱯᱷ ᱢᱮᱰᱱᱮᱥ ᱮ ᱢᱮᱱ ᱮᱫᱟ?
33,मैं उसे देखने के लिए बेकरार हूँ।,ᱤᱧ ᱫᱚ ᱚᱱᱟ ᱧᱮᱞ ᱞᱟᱹᱜᱤᱫᱤᱧ ᱯᱟᱜᱞᱟᱣᱟᱠᱟᱱᱟ ᱾,ᱤᱧ ᱩᱱᱤ ᱧᱮᱞ ᱞᱟᱹᱜᱤᱫ ᱛᱮ ᱵᱟᱝ ᱮ ᱩᱭᱦᱟᱹᱨᱟ ᱾
34,क्या तुम टिकट बुक कर सकती हो?,ᱟᱢ ᱠᱤ ᱴᱤᱠᱤᱴᱮᱢ ᱵᱚᱠ ᱫᱟᱲᱮᱭᱟᱛᱟᱵᱩᱱᱟ ?,ᱟᱢ ᱠᱤ ᱴᱤᱠᱤᱴ ᱠᱚ ᱵᱚᱠ ᱠᱚᱨᱟᱣ ᱫᱟᱲᱮᱭᱟᱜᱼᱟ?
35,पहले पिताजी से बात कर लूं।,ᱤᱧ ᱵᱟᱵᱟ ᱥᱟᱶ ᱠᱟᱛᱷᱟᱧ ᱨᱚᱯᱚᱬᱞᱮᱱᱜᱤ ᱾,ᱤᱧ ᱯᱳᱭᱞᱳ ᱵᱟᱵᱟ ᱥᱟᱶ ᱠᱟᱛᱷᱟ ᱞᱟᱹᱭ ᱤᱧᱢᱮ ᱾
36,"हैलो, तुम वेब डिजाइनिंग का कोर्स कर रही हो न?","ᱮᱤ, ᱟᱢ ᱫᱚ ᱳᱣᱮᱵᱰᱤᱡᱟᱭᱤᱱ ᱨᱮᱭᱟᱜ ᱠᱳᱨᱥᱮᱢ ᱠᱚᱨᱟᱣᱮᱫᱽ ᱠᱟᱱᱟ, ᱦᱮᱸ ᱥᱮ ?","ᱦᱮᱞᱳ, ᱟᱢ ᱳᱭᱮᱵ ᱰᱤᱡᱟᱭᱱᱤᱝ ᱨᱮᱭᱟᱜ ᱠᱳᱥᱥ ᱮᱢ ᱮᱫᱟ, ᱵᱟᱝ?"
37,"मेरी एक दोस्त भी यही कोर्स करने की सोच रही है, तो मैंने उससे कहा कि मैं उसके बारे में तुमसे कुछ जानकारी लूँगी।","ᱤᱧᱨᱮᱱ ᱢᱤᱫᱴᱟᱝ ᱜᱟᱛᱤ ᱚᱱᱟᱜᱤ ᱠᱚᱨᱟᱣᱮ ᱢᱮᱱᱮᱫᱽᱠᱟᱱᱟ ᱚᱱᱟᱛᱮ, ᱤᱧ ᱫᱚ ᱩᱱᱤᱧ ᱢᱮᱱᱟᱠᱟᱫᱤᱭᱟ ᱡᱮ ᱤᱧ ᱫᱚ ᱟᱢ ᱴᱷᱮᱱᱠᱷᱚᱱ ᱚᱱᱟ ᱵᱟᱵᱚᱫ ᱠᱤᱪᱦᱩ ᱛᱮᱛᱮᱫᱽᱤᱧ ᱧᱟᱢᱟ ᱢᱮᱱᱛᱮ ᱾","ᱤᱧᱨᱮᱱ ᱢᱤᱫ ᱜᱟᱛᱮ ᱦᱚᱸ ᱢᱤᱫ ᱞᱮᱠᱟᱱ ᱠᱳᱥᱥ ᱠᱚᱨᱟᱣ ᱨᱮᱭᱟᱜ ᱩᱭᱦᱟᱹᱨ ᱞᱮᱫᱟᱭ, ᱚᱱᱟᱛᱮ ᱤᱧ ᱩᱱᱤ ᱮ ᱢᱮᱱ ᱞᱮᱫᱟ ᱡᱮ, ᱤᱧ ᱩᱱᱤ ᱤᱫᱤ ᱠᱟᱛᱮ ᱟᱢ ᱴᱷᱮᱱ ᱠᱷᱚᱱ ᱠᱤᱪᱷᱩ ᱰᱚᱜᱚᱨ ᱦᱟᱛᱟᱣ ᱤᱧᱢᱮ ᱾"
38,"हाँ, ये मेरा दूसरा साल है।","ᱦᱮᱸ, ᱤᱧ ᱫᱚ ᱫᱚᱥᱟᱨ ᱥᱮᱨᱢᱟᱨᱮᱱ ᱯᱟᱹᱴᱷᱣᱟᱹ ᱾","ᱦᱩᱭᱩᱜ ᱠᱟᱱᱟ, ᱱᱚᱶᱟ ᱫᱚ ᱤᱧᱟᱹᱜ ᱫᱚᱥᱟᱨ ᱥᱮᱨᱢᱟ ᱾"
39,"बढ़िया, तो वो क्या जानना चाहती है?","ᱟᱹᱰᱤ ᱢᱚᱡᱽ, ᱟᱫᱚ ᱩᱱᱤ ᱫᱚ ᱪᱮᱫ ᱵᱟᱰᱟᱭ ᱥᱟᱱᱟᱭᱤᱫᱤᱠᱟᱱᱟ ?","ᱱᱟᱯᱟᱭ, ᱚᱱᱟᱛᱮ ᱩᱱᱤ ᱪᱮᱫ ᱵᱟᱰᱟᱭ ᱠᱷᱚᱡᱟ?"
40,कौन-कौन से कॉलेज हैं जहाँ वेब डिजाइनिंग का डिप्लोमा कोर्स होता है?,ᱳᱣᱮᱵ ᱰᱤᱡᱟᱭᱤᱱ ᱪᱮᱛᱟᱱ ᱰᱤᱯᱞᱳᱢᱟ ᱠᱳᱨᱥᱠᱩ ᱮᱢᱚᱜᱽᱠᱟᱱ ᱠᱚᱞᱮᱡᱽᱠᱩ ᱫᱚ ᱚᱠᱟᱠᱩ ?,ᱳᱭᱮᱵ ᱰᱤᱡᱟᱭᱱᱤᱝ ᱨᱮᱭᱟᱜ ᱰᱤᱞᱢᱳᱯᱟ ᱠᱳᱨᱥ ᱢᱮᱱᱟᱜ ᱠᱚᱞᱮᱡᱽ ᱠᱚ ᱢᱩᱫᱽᱨᱮ ᱪᱮᱫ ᱪᱮᱫ ᱢᱮᱱᱟᱜᱼᱟ?
41,"उसने अपनी पसंद के बारे में कुछ पक्का तय नहीं किया है, तो अभी बस इसे ट्राई करना चाहती है।","ᱩᱱᱤ ᱫᱚ ᱟᱭᱟᱜᱽ ᱠᱩᱥᱤ ᱵᱟᱵᱚᱫ ᱟᱹᱰᱤ ᱵᱟᱭ ᱡᱚᱛᱷᱟᱛᱟ, ᱚᱱᱟᱛᱮ ᱩᱱᱤ ᱫᱚ ᱱᱤᱭᱟᱹ ᱚᱠᱛᱮ ᱚᱱᱟ ᱠᱩᱨᱩᱢᱩᱴᱩᱠᱟᱛᱮ ᱧᱮᱞᱮ ᱠᱷᱚᱡᱽᱚᱜᱽᱠᱟᱱᱟ ᱾","ᱩᱱᱤ ᱫᱚ ᱟᱡᱟᱜ ᱵᱟᱪᱷᱱᱟᱣ ᱤᱫᱤ ᱠᱟᱛᱮ ᱪᱮᱫᱦᱚᱸ ᱜᱚᱴᱟ ᱵᱟᱝ ᱞᱮᱫᱟᱭ, ᱚᱱᱟᱛᱮ ᱱᱤᱛ ᱩᱱᱤ ᱫᱚ ᱱᱚᱶᱟ ᱫᱚ ᱵᱤᱰᱟᱹᱣ ᱞᱟᱹᱜᱤᱫ ᱮ ᱠᱷᱚᱡᱟ ᱾"
42,"ठीक है, मैं समझ गई।","ᱴᱷᱤᱠ ᱜᱤᱭᱟ, ᱤᱧ ᱵᱩᱡᱷᱦᱟᱹᱣᱟᱠᱟᱫᱟ ᱾",ᱤᱧ ᱵᱟᱰᱟᱭ ᱧᱟᱢ ᱟᱠᱟᱫᱟ ᱾
43,ये पुणे के स्कूल ऑफ़ फैशन टेक्नोलॉजी; चेन्नई के स्टेला मैरिस कॉलेज और चेन्नई के लोयोला कॉलेज और अन्य बहुत सारे कॉलेजों में उपलब्ध है।,"ᱟᱭᱢᱟ ᱮᱴᱟᱜᱽ ᱠᱚᱞᱮᱡᱽᱠᱩ ᱢᱩᱫᱽᱨᱮ ᱥᱠᱩᱞ ᱚᱯᱷ ᱯᱷᱮᱥᱚᱱ ᱴᱮᱠᱱᱳᱞᱚᱜᱤ, ᱯᱩᱱᱮ; ᱥᱴᱮᱞᱞᱟ ᱢᱟᱨᱤᱥ ᱠᱚᱞᱮᱡᱽ, ᱪᱮᱱᱱᱟᱭ ᱟᱨ ᱞᱚᱭᱚᱞᱟ ᱠᱚᱞᱮᱡᱽ, ᱪᱮᱱᱱᱟᱭ ᱞᱮᱠᱟᱱ ᱟᱭᱢᱟ ᱠᱚᱞᱮᱡᱽᱠᱩ ᱨᱮᱦᱚᱸ ᱧᱟᱢᱚᱜᱚᱜᱽᱼᱟ ᱾",ᱱᱚᱶᱟ ᱫᱚ ᱯᱩᱞᱮ ᱨᱮᱭᱟᱜ ᱥᱩᱠᱚᱞ ᱚᱯᱷ ᱯᱷᱮᱥᱮᱱ ᱴᱟᱝᱠᱚᱞᱳᱡᱤ; ᱪᱮᱱᱱᱟᱭ ᱨᱮᱭᱟᱜ ᱥᱴᱮᱞᱟ ᱢᱟᱨᱤᱥ ᱠᱚᱞᱮᱡᱽ ᱟᱨ ᱪᱮᱱᱱᱟᱭ ᱨᱮᱭᱟᱜ ᱞᱚᱭᱳᱞᱟ ᱠᱚᱞᱮᱡᱽ ᱟᱨ ᱮᱴᱟᱜ ᱟᱭᱢᱟ ᱠᱚᱞᱮᱡᱽ ᱨᱮ ᱧᱟᱢᱚᱜᱼᱟ ᱾
44,तुम तो लोयोला कॉलेज गई थी न?,"ᱟᱢ ᱫᱚ ᱞᱚᱭᱚᱞᱟ ᱠᱚᱞᱮᱡᱽᱮᱢ ᱪᱟᱞᱟᱣᱞᱮᱱᱟ, ᱥᱟᱹᱨᱤᱜᱮ ?",ᱟᱢ ᱫᱚ ᱞᱚᱭᱳᱞᱟ ᱠᱚᱞᱮᱡᱽ ᱨᱮᱭ ᱥᱮᱱ ᱞᱮᱱᱟ ᱥᱮ ᱵᱟᱝ?
45,"हाँ, मेरी पढ़ाई वहीं हुई थी।","ᱦᱮᱸ, ᱤᱧ ᱚᱸᱰᱮᱧ ᱯᱟᱲᱦᱟᱣᱟᱠᱟᱱᱟ ᱾","ᱦᱩᱭᱩᱜ ᱠᱟᱱᱟ, ᱤᱧ ᱚᱱᱟ ᱴᱷᱟᱶ ᱨᱮ ᱯᱟᱲᱦᱟᱣ ᱞᱮᱱᱟ ᱾"
46,"तुमने जो कॉलेज बताए, वे काफ़ी नामी हैं।",ᱟᱢ ᱧᱩᱛᱩᱢᱟᱜᱽ ᱠᱚᱞᱮᱡᱽᱠᱩ ᱫᱚ ᱵᱷᱟᱜᱤᱥᱟᱹᱦᱤᱫᱽᱤᱧ ᱚᱨᱚᱢᱟ ᱾,"ᱟᱢ ᱡᱟᱦᱟᱸ ᱠᱚᱞᱮᱡᱽ ᱠᱚ ᱞᱟᱹᱭ ᱟᱠᱟᱫᱟ, ᱚᱱᱟᱠᱚ ᱟᱹᱰᱤ ᱧᱩᱛᱩᱢᱟᱱ ᱾"
47,प्रवेश की प्रक्रिया क्या है?,ᱵᱚᱞᱚᱱᱠᱟᱹᱨᱤ ᱫᱚ ᱪᱮᱫᱽᱠᱟᱱᱟ ?,ᱥᱮᱞᱮᱫ ᱨᱮᱭᱟᱜ ᱦᱚᱨᱟ ᱫᱚ ᱪᱮᱫ?
48,"हाँ, कुछ कॉलेज अपने खुद के एंट्रेंस एक्ज़ाम करवाते हैं।","ᱦᱮᱸ, ᱠᱤᱪᱷᱩ ᱠᱚᱞᱮᱡᱽ ᱫᱚ ᱟᱠᱩᱣᱟᱜᱽ ᱱᱤᱡᱽ ᱵᱚᱞᱚᱱ ᱵᱤᱰᱟᱹᱣᱠᱩ ᱦᱩᱭᱩᱪᱩᱭᱟ ᱾","ᱦᱩᱭᱩᱜ ᱠᱟᱱᱟ, ᱠᱤᱪᱷᱩᱜᱟᱱ ᱠᱚᱞᱮᱡᱽ ᱠᱚ ᱩᱱᱠᱩᱭᱟᱜ ᱟᱡᱟᱜ ᱮᱱᱴᱨᱮᱱᱥ ᱵᱤᱰᱟᱹᱣ ᱠᱚ ᱥᱟᱯᱲᱟᱣᱼᱟ ᱾"
49,और10वीं और 12वीं की ग्रेड भी देखते हैं।,ᱩᱝᱠᱩ ᱫᱚ ᱑᱐ ᱟᱨ ᱑᱒ ᱛᱷᱟᱹᱨ ᱜᱨᱟᱰ ᱦᱚᱸᱠᱩ ᱧᱮᱞᱟ ᱾,ᱟᱨ 10 ᱟᱱᱟᱜ ᱟᱨ 12 ᱟᱱᱟᱜ ᱜᱨᱟᱹᱰ ᱦᱚᱸ ᱧᱮᱞᱚᱜᱼᱟ ᱾
50,एन.आई.डी. एंट्रेंस एक्ज़ाम जैसी राष्ट्रीय परीक्षाएँ भी हैं।,ᱮᱱᱟᱭᱰᱤ ᱵᱚᱞᱚᱱ ᱵᱤᱰᱟᱹᱣ ᱞᱮᱠᱟᱱ ᱡᱟᱛᱤᱭᱚ ᱵᱤᱰᱟᱹᱣ ᱦᱚᱸ ᱢᱮᱱᱟᱜᱽᱼᱟ ᱾,<ᱟᱭ ᱰᱤ 1> ᱮᱱᱴᱨᱮᱱᱥ ᱮᱠᱡᱟᱢ ᱞᱮᱠᱟᱱ ᱡᱟᱹᱛᱤᱭᱟᱹᱨᱤ ᱵᱤᱰᱟᱹᱣ ᱦᱚᱸ ᱢᱮᱱᱟᱜᱼᱟ ᱾
51,मेरी दोस्त के बोर्ड में वाकई बहुत अच्छे नंबर आए थे तो वे मेरिट के आधार पर किसी भी एंट्रेंस में पास हो सकती है।,"ᱤᱧᱨᱮᱱ ᱜᱟᱛᱤ ᱩᱱᱤᱭᱟᱜᱽ ᱵᱳᱰ ᱞᱟᱹᱜᱤᱫᱽ ᱥᱟᱹᱨᱤᱜᱤ ᱵᱷᱟᱜᱤᱭ ᱠᱚᱨᱟᱣᱟᱠᱟᱫᱟ, ᱚᱱᱟᱛᱮ ᱩᱱᱤ ᱫᱚ ᱡᱟᱦᱟᱸᱞᱮᱠᱟᱱ ᱡᱳᱜᱢᱟᱱᱟᱱ ᱵᱚᱞᱚᱱ ᱵᱤᱰᱟᱹᱣ ᱨᱮᱜᱤ ᱫᱟᱣᱮ ᱧᱟᱢ ᱫᱟᱲᱮᱭᱟᱜᱽᱼᱟ ᱾",ᱤᱧᱨᱮᱱ ᱜᱟᱛᱮᱭᱟᱜ ᱵᱳᱨᱰ ᱨᱮ ᱟᱹᱰᱤ ᱱᱟᱯᱟᱭ ᱱᱟᱢᱵᱟᱨ ᱛᱟᱦᱮᱸ ᱠᱟᱱᱟ ᱚᱱᱟᱛᱮ ᱩᱱᱠᱩ ᱢᱮᱨᱤᱴ ᱪᱮᱛᱟᱱ ᱴᱮᱦᱟᱴ ᱠᱟᱛᱮ ᱡᱟᱦᱟᱸ ᱞᱮᱠᱟᱱ ᱮᱱᱴᱨᱮᱱᱥ ᱨᱮ ᱯᱟᱥ ᱦᱩᱭ ᱫᱟᱲᱮᱭᱟᱜᱼᱟ ᱾
52,उसे अपनी क्रिएटिव स्किल पर खास भरोसा नहीं है।,ᱩᱱᱤ ᱫᱚ ᱟᱭᱟᱜᱽ ᱥᱤᱨᱡᱚᱱᱟᱱ ᱜᱟᱹᱠᱷᱩᱲ ᱪᱮᱛᱟᱱ ᱱᱤᱡᱽᱯᱟᱹᱛᱭᱟᱹᱣ ᱵᱟᱹᱱᱩᱜᱽᱛᱟᱭᱟ ᱾,ᱩᱱᱤ ᱫᱚ ᱟᱡᱟᱜ ᱵᱮᱱᱟᱣᱟᱱ ᱫᱟᱲᱮ ᱪᱮᱛᱟᱱ ᱟᱹᱰᱤ ᱰᱷᱮᱨ ᱵᱳᱭᱥᱮᱫ ᱵᱟᱝ ᱠᱟᱱᱟ ᱾
53,इन यूनिवर्सिटियों में डिप्लोमा कोर्स कितने समय का है?,ᱱᱤᱭᱟᱹᱠᱩ ᱡᱮᱜᱮᱫᱽᱵᱤᱫᱫᱟᱹᱜᱟᱲᱨᱮ ᱰᱤᱯᱞᱳᱢᱟ ᱠᱳᱨᱥ ᱫᱚ ᱛᱤᱱᱟᱹᱜᱽ ᱡᱮᱞᱮᱧ ?,ᱱᱚᱶᱟ ᱡᱮᱜᱮᱫ ᱵᱤᱨᱫᱟᱹᱜᱟᱲ ᱠᱚ ᱨᱮ ᱰᱤᱞᱢᱳᱯᱟ ᱠᱳᱨᱥ ᱨᱮᱭᱟᱜ ᱚᱠᱛᱚ ᱛᱤᱱᱟᱹᱜ?
54,आम तौर पर ये एक से दो साल तक चलता है।,ᱱᱤᱭᱟᱹ ᱫᱚ ᱥᱟᱫᱷᱟᱨᱚᱱ ᱞᱮᱠᱟᱛᱮ ᱢᱤᱫᱽ ᱥᱮ ᱵᱟᱨ ᱥᱨᱢᱟ ᱢᱩᱫᱽᱨᱮᱜᱤ ᱛᱷᱟᱹᱭᱤᱫᱚᱜᱽᱼᱟ ᱾,ᱥᱟᱫᱷᱟᱨᱚᱱ ᱞᱮᱠᱟᱛᱮ ᱱᱚᱶᱟ ᱫᱚ ᱢᱤᱫ ᱠᱷᱚᱱ ᱵᱟᱨ ᱥᱮᱨᱢᱟ ᱫᱷᱟᱹᱵᱤᱡ ᱪᱟᱞᱟᱣᱚᱜᱼᱟ ᱾
55,असल में ये इस बात पर निर्भर करता है कि किस कॉलेज में एडमिशन लिया है।,ᱚᱱᱟ ᱫᱚ ᱥᱟᱫᱷᱟᱨᱚᱱ ᱞᱮᱠᱟᱛᱮ ᱵᱚᱞᱚᱜᱽᱠᱟᱱ ᱠᱚᱞᱮᱡᱽ ᱪᱮᱛᱟᱱ ᱨᱮᱜᱤᱭ ᱱᱤᱨᱵᱷᱚᱨᱟ ᱾,"ᱥᱟᱫᱷᱟᱨᱚᱱ ᱞᱮᱠᱟᱛᱮ, ᱱᱚᱶᱟ ᱫᱚ ᱚᱱᱟ ᱠᱚᱞᱮᱡᱽ ᱪᱮᱛᱟᱱ ᱴᱮᱦᱟᱴᱚᱜᱼᱟ ᱡᱟᱦᱟᱸ ᱨᱮ ᱩᱱᱤ ᱥᱮᱞᱮᱫ ᱞᱮᱱᱟᱭ ᱾"
56,क्या करियर ऑप्शन अच्छे हैं?,ᱠᱮᱨᱤᱭᱟᱨ ᱨᱮᱭᱟᱜ ᱵᱤᱠᱚᱞᱯᱚᱠᱩ ᱪᱮᱫᱽ ᱵᱷᱟᱜᱤ ?,ᱠᱟᱹᱢᱤ ᱡᱤᱭᱚᱱ ᱨᱮᱭᱟᱜ ᱮᱴᱟᱜ ᱦᱚᱨᱟ ᱠᱚ ᱪᱮᱫ ᱱᱟᱯᱟᱭ ᱠᱟᱱᱟ?
57,"हाँ, इस फ़ील्ड में नौकरी के मौके बढ़िया हैं।","ᱦᱮᱸ, ᱱᱤᱭᱟᱹ ᱠᱷᱮᱛᱨᱚᱨᱮ ᱪᱟᱹᱠᱨᱤ ᱨᱮᱭᱟᱜᱽ ᱦᱩᱭᱫᱟᱲᱮᱭᱟᱱᱟᱜᱽ ᱫᱚ ᱟᱥᱟᱞᱮᱠᱟᱱᱟᱜᱽ ᱜᱤ ᱾","ᱦᱩᱭᱩᱜ ᱠᱟᱱᱟ, ᱱᱚᱶᱟ ᱴᱚᱴᱷᱟ ᱨᱮ ᱠᱟᱹᱢᱤ ᱨᱮᱭᱟᱜ ᱟᱹᱰᱤ ᱱᱟᱯᱟᱭ ᱩᱯᱟᱹᱭ ᱢᱮᱱᱟᱜᱼᱟ ᱾"
58,खास कर के तब जब दुनिया तेजी से डिजिटल होती जा रही है।,ᱱᱤᱭᱟᱹ ᱫᱚ ᱵᱤᱥᱟᱹᱥ ᱠᱟᱭᱛᱮ ᱡᱮᱜᱮᱫᱽ ᱞᱟᱦᱟᱪᱟᱞᱟᱜᱽᱠᱟᱱ ᱰᱤᱡᱤᱴᱟᱞ ᱦᱩᱭ ᱤᱫᱤᱜᱽᱠᱟᱱ ᱢᱮᱱᱛᱮᱭ ᱵᱤᱵᱟᱹᱪᱚᱱᱟᱭᱮᱫᱟ ᱾,ᱢᱩᱲᱩᱫ ᱞᱮᱠᱟᱛᱮ ᱩᱱ ᱚᱠᱛᱚ ᱡᱮᱹᱞᱮᱹ ᱡᱮᱹᱞᱮᱹ ᱡᱮᱹᱞᱮᱹ ᱡᱮᱹᱞᱮᱹ ᱡᱮᱹᱞᱮᱹ ᱡᱮᱹᱞᱮᱹ ᱡᱮᱹᱞᱮᱹ ᱡᱮᱹᱞᱮᱹ ᱡᱮᱹᱞᱮᱹ ᱡᱮᱹᱞᱮᱹ ᱡᱮᱹᱞᱮᱹ ᱡᱮᱹᱞᱮᱹ ᱡᱮᱹᱞᱮᱹ ᱡᱮᱹᱞᱮᱹ ᱡᱮᱹᱞᱮᱹ ᱡᱮᱹᱞᱮᱹ ᱡᱮᱹᱞᱮᱹ ᱡᱮᱹᱞᱮᱹ ᱡᱮᱹᱞᱮᱹ ᱡᱮᱹᱞᱮᱹ ᱡᱮᱹᱞᱮᱹ ᱡᱮᱹᱞᱮᱹ ᱡᱮᱹᱞᱮᱹ ᱡᱮᱹᱞᱮᱹ ᱡᱮᱹᱞᱮᱹ ᱡᱮᱹᱞᱮᱹ ᱡᱮᱹᱞᱮᱹ ᱡᱮᱹᱞᱮᱹ ᱡᱮᱹᱞᱮᱹ ᱡᱮᱹᱞᱮᱹ ᱡᱮᱹᱞᱮᱹ
59,हम्म.. मैं समझ रही हूँ तुम क्या कहना चाहती हो।,ᱦᱮᱸᱹᱹᱹ ᱵᱩᱡᱷᱦᱟᱹᱣᱤᱫᱟᱹᱧ ᱪᱮᱫᱽᱮᱢ ᱢᱮᱱ ᱩᱪᱩᱭᱮᱫᱟ ᱢᱮᱱᱛᱮ ᱾,"ᱦᱟᱢᱢ... ᱟᱢ ᱪᱮᱫ ᱞᱟᱹᱭ ᱠᱷᱚᱡ ᱠᱟᱱᱟ, ᱤᱧ ᱵᱟᱰᱟᱭ ᱟᱠᱟᱱᱟ ᱾"
60,क्या तुम ऐसे किसी को जानती हो जिसने पहले यह कोर्स किया हो?,ᱟᱢ ᱠᱤ ᱡᱟᱦᱟᱸᱭᱮᱢ ᱵᱟᱰᱟᱭᱠᱩᱣᱟ ᱡᱟᱦᱟᱸᱭ ᱫᱚ ᱱᱤᱭᱟᱹ ᱠᱳᱨᱥᱮ ᱞᱟᱦᱟᱨᱮᱭ ᱦᱟᱛᱟᱣᱟᱠᱟᱫᱟ ?,ᱟᱢ ᱠᱤ ᱡᱟᱦᱟᱸᱭ ᱮ ᱵᱟᱰᱟᱭ ᱟᱠᱟᱱᱟ ᱡᱟᱦᱟᱸᱭ ᱱᱚᱶᱟ ᱢᱟᱲᱟᱝ ᱱᱚᱶᱟ ᱠᱳᱥᱥ ᱮ ᱠᱚᱨᱟᱣ ᱟᱠᱟᱫᱟ?
61,"हाँ, मेरे एक दोस्त ने कुछ पाँच साल पहले वेब डिजाइनिंग में डिप्लोमा किया था।","ᱦᱮᱸ, ᱤᱧᱨᱮᱱ ᱢᱤᱫᱽ ᱜᱟᱛᱤ ᱢᱚᱸᱲᱮ ᱥᱮᱨᱢᱟ ᱞᱟᱦᱟ ᱳᱣᱮᱵ ᱰᱤᱡᱟᱭᱤᱱ ᱪᱮᱛᱟᱱ ᱰᱤᱯᱞᱳᱢᱟᱭ ᱠᱚᱨᱟᱣᱟᱠᱟᱫᱟ ᱾","ᱦᱩᱭᱩᱜ ᱠᱟᱱᱟ, ᱤᱧᱨᱮᱱ ᱢᱤᱫ ᱜᱟᱛᱮ ᱢᱚᱬᱮ ᱥᱮᱨᱢᱟ ᱞᱟᱦᱟ ᱳᱭᱮᱵ ᱰᱤᱡᱟᱭᱱᱤᱝ ᱨᱮ ᱰᱤᱞᱢᱳᱢᱟ ᱮ ᱦᱟᱛᱟᱣ ᱞᱮᱫᱟ ᱾"
62,आज वो एक सफल वेब डिज़ाइनर है।,ᱩᱱᱤ ᱫᱚ ᱛᱤᱦᱤᱧ ᱢᱤᱫᱽ ᱡᱤᱛᱠᱟᱹᱨᱤᱭᱟᱹ ᱳᱣᱮᱵ ᱰᱤᱡᱟᱭᱤᱱᱟᱨ ᱠᱟᱱᱟᱭ ᱾,ᱛᱮᱦᱮᱧ ᱩᱱᱤ ᱫᱚ ᱢᱤᱫ ᱦᱚᱲ ᱥᱤᱜᱤᱞ ᱳᱭᱮᱵ ᱰᱤᱡᱟᱭᱱᱟᱨ ᱾
63,"अगर तुम्हें कोई एतराज़ न हो, तो क्या मुझे उनकी कॉन्टैक्ट इंफ़ॉरमेशन मिल सकती है?","ᱡᱟᱦᱟᱸᱱᱟᱜᱽ ᱵᱟᱢ ᱢᱚᱱᱮᱭ ᱠᱷᱟᱱ, ᱤᱧ ᱠᱤ ᱩᱱᱤᱭᱟᱜᱽ ᱡᱳᱜᱟᱡᱳᱜ ᱛᱮᱛᱮᱫᱽᱤᱧ ᱦᱟᱛᱟᱣ ᱫᱟᱲᱤᱭᱟᱜᱽᱼᱟ ?","ᱟᱢ ᱡᱩᱫᱤ ᱵᱟᱝ ᱮᱢ ᱩᱭᱦᱟᱹᱨᱟ, ᱮᱱᱠᱷᱟᱱ ᱤᱧ ᱪᱮᱫ ᱩᱱᱠᱩ ᱴᱷᱮᱱ ᱠᱷᱚᱱ ᱡᱳᱜᱟᱡᱳᱜ ᱨᱮᱭᱟᱜ ᱰᱚᱜᱚᱨ ᱧᱟᱢ ᱫᱟᱲᱮᱭᱟᱜᱼᱟ?"
64,ऐसा इसलिए कि फिर मैं इसे अपनी दोस्त को दे सकती हूँ ताकि वो किसी से इस कोर्स के बारे में डीटेल में बात कर सके।,ᱱᱚᱣᱟ ᱫᱚ ᱱᱤᱭᱟᱹ ᱞᱟᱹᱜᱤᱫᱽ ᱡᱟᱦᱟᱸᱛᱮ ᱫᱚ ᱤᱧ ᱤᱧᱨᱮᱱ ᱜᱟᱛᱤᱧ ᱮᱢ ᱫᱟᱲᱤᱭᱟᱭᱟ ᱟᱨ ᱩᱱᱤ ᱫᱚ ᱠᱳᱨᱥ ᱵᱟᱵᱚᱫ ᱵᱤᱪᱷᱱᱟᱹᱣ ᱥᱟᱹᱦᱤᱫᱽ ᱡᱟᱦᱟᱸᱭ ᱥᱟᱶ ᱠᱟᱛᱷᱟᱭ ᱢᱮᱱᱫᱟᱲᱤᱭᱟᱜᱽᱢᱟ ᱚᱱᱟ ᱞᱟᱹᱜᱤᱫᱽ ᱾,ᱱᱚᱶᱟ ᱚᱡᱮᱛᱮ ᱤᱧ ᱚᱱᱟ ᱤᱧᱟᱹᱜ ᱜᱟᱛᱮ ᱴᱷᱮᱱ ᱮᱢ ᱫᱟᱲᱮᱭᱟᱜᱼᱟ ᱡᱟᱦᱟᱸᱛᱮ ᱩᱱᱤ ᱱᱚᱶᱟ ᱠᱳᱥᱥ ᱤᱫᱤ ᱠᱟᱛᱮ ᱡᱟᱦᱟᱸᱭ ᱥᱟᱶ ᱵᱚᱨᱱᱚᱱ ᱛᱮ ᱠᱟᱛᱷᱟ ᱞᱟᱹᱭ ᱫᱟᱲᱮᱭᱟᱜᱼᱟ ᱾
65,"बिल्कुल, मैं तुम्हें वॉट्सएप पर कॉन्टैक्ट भेज दूँगी।","ᱮᱠᱟᱞᱜᱤ, ᱤᱧ ᱫᱚ ᱟᱢ ᱳᱣᱟᱴᱥᱮᱯ ᱨᱮ ᱡᱳᱜᱟᱡᱳᱜᱤᱧ ᱠᱩᱞᱟᱢᱟ ᱾","ᱜᱚᱴᱟ ᱜᱮ, ᱤᱧ ᱟᱢ ᱳᱭᱟᱴᱥ ᱮᱯ ᱨᱮ ᱡᱳᱜᱟᱡᱳᱜ ᱮᱢᱢᱮ ᱾"
66,क्या मुझे बहुत देर हो गई?,ᱤᱧ ᱫᱚ ᱟᱹᱰᱤᱧ ᱵᱤᱞᱚᱢᱟᱠᱟᱱᱟ ?,ᱤᱧ ᱪᱮᱫ ᱟᱹᱰᱤ ᱛᱟᱭᱚᱢ ᱟᱠᱟᱱᱟ?
67,परेड शुरू हो गई क्या?,ᱯᱮᱨᱮᱰ ᱮᱛᱚᱦᱚᱵᱽᱟᱠᱟᱱᱟ ?,ᱯᱮᱨᱮᱰ ᱮᱦᱚᱵ ᱟᱠᱟᱱᱟ ᱥᱮ ᱵᱟᱝ?
68,पता नहीं इतनी देर कैसे सो गई मैं।,ᱤᱧ ᱫᱚ ᱵᱟᱹᱧ ᱵᱟᱰᱟᱭᱟ ᱪᱮᱫᱟᱜᱽ ᱩᱱᱟᱹᱜᱤᱧ ᱡᱟᱹᱯᱤᱫᱽᱟᱠᱟᱫᱟ ᱾,ᱤᱧ ᱪᱮᱫ ᱞᱮᱠᱟᱛᱮ ᱟᱹᱰᱤ ᱫᱤᱱ ᱮ ᱥᱳᱯᱳᱨ ᱞᱮᱱᱟ ᱚᱱᱟ ᱵᱟᱝ ᱵᱟᱰᱟᱭ ᱟᱠᱟᱱᱟ ᱾
69,"चिंता मत करो, तुम सही समय पर आई हो।","ᱟᱞᱚᱢ ᱵᱷᱟᱹᱵᱤᱫᱚᱜᱽᱼᱟ, ᱟᱢ ᱫᱚ ᱴᱷᱤᱠ ᱚᱠᱛᱚ ᱨᱮᱜᱤᱢ ᱦᱮᱡᱽᱟᱠᱟᱱᱟ ᱾","ᱩᱭᱦᱟᱹᱨ ᱵᱟᱝ ᱢᱮ, ᱟᱢ ᱚᱠᱛᱚ ᱞᱮᱠᱟᱛᱮ ᱦᱮᱡ ᱟᱠᱟᱱᱟ ᱾"
70,अभी बस 5 ही मिनट हुए हैं।,᱕ ᱴᱤᱬᱤᱡᱽᱜᱤ ᱦᱩᱭᱟᱠᱟᱱᱟ ᱾,ᱱᱤᱛ ᱥᱩᱢᱩᱝ 5 ᱴᱤᱲᱤᱡ ᱚᱠᱛᱚ ᱦᱩᱭ ᱟᱠᱟᱱᱟ ᱾
71,इधर आ कर बैठो।,ᱦᱤᱡᱩᱜᱽᱢᱮ ᱟᱨ ᱫᱩᱬᱩᱵᱽᱢᱮ ᱾,ᱱᱚᱶᱟ ᱨᱮ ᱦᱮᱡ ᱢᱮ ᱟᱨ ᱥᱮᱱ ᱢᱮ ᱾
72,मैंने क्या मिस किया?,ᱤᱧ ᱫᱚ ᱪᱮᱫᱽᱤᱧ ᱦᱟᱹᱲᱤᱧᱟᱠᱟᱫᱟ ?,ᱤᱧ ᱪᱮᱫ ᱮ ᱵᱟᱝ ᱧᱮᱞ ᱟᱠᱟᱫᱟ?
73,कुछ खास नहीं! बस राष्ट्रपति जी का राष्ट्रीय झंडा फहराना।,ᱡᱟᱹᱥᱛᱤ ᱫᱚ ᱵᱟᱝ ! ᱫᱤᱥᱚᱢ ᱜᱚᱝᱠᱮ ᱮᱠᱮᱱ ᱡᱤᱛᱤᱭᱟᱹᱨᱤ ᱪᱤᱨᱮ ᱩᱫᱟᱹᱣᱟᱠᱟᱫᱟ ᱾,ᱟᱹᱰᱤ ᱱᱟᱯᱟᱭ ᱪᱮᱫ ᱦᱚᱸ ᱵᱟᱝ ᱠᱟᱱᱟ ᱾ ᱥᱩᱢᱩᱝ ᱫᱤᱥᱚᱢ ᱜᱚᱢᱠᱮᱭᱟᱜ ᱡᱟᱹᱛᱤᱭᱟᱹᱨᱤ جھنᱰᱟ ᱦᱚᱭᱩᱜ ᱟ ᱾
74,और राष्ट्रपति को 21 तोपों की सलामी।,ᱟᱨ ᱒᱑ ᱜᱚᱴᱟᱝ ᱜᱟᱱ ᱥᱮᱞᱩᱴ ᱦᱚᱛᱮᱛᱮ ᱫᱤᱥᱟᱹᱢ ᱜᱚᱝᱠᱮ ᱥᱟᱢᱚᱨᱤᱠ ᱡᱚᱦᱟᱨ ᱵᱟᱰᱟᱭ ᱩᱪᱩ ᱦᱩᱭᱮᱱᱟ ᱾,ᱟᱨ ᱫᱤᱥᱚᱢ ᱨᱟᱡᱯᱚᱱᱚᱛ ᱫᱚ 21 ᱜᱚᱴᱟᱝ ᱠᱟᱴᱚᱱ ᱨᱮᱭᱟᱜ ᱥᱟᱨᱦᱟᱶ ᱮᱢ ᱢᱮ ᱾
75,"अभी आर्मी, नेवी और एयर फोर्स की अलग-अलग टुकड़ियाँ और उनके साथ उनके बैंड राजपथ पर राष्ट्रपति भवन से मार्च करते आ रहे हैं।","ᱱᱤᱛ, ᱥᱮᱱᱟᱯᱷᱟᱹᱫ, ᱫᱟᱜᱽᱯᱷᱟᱹᱫ ᱟᱨ ᱦᱚᱭᱯᱷᱟᱹᱫ ᱨᱮᱱ ᱵᱮᱜᱟᱨ ᱵᱮᱜᱟᱨ ᱨᱮᱡᱤᱢᱮᱱᱴ ᱟᱨ ᱚᱱᱟ ᱥᱟᱶᱛᱮ ᱩᱝᱠᱩᱣᱟᱜ ᱵᱮᱱᱰ, ᱨᱟᱥᱴᱨᱚᱯᱚᱛᱤᱵᱷᱚᱵᱚᱱ ᱠᱷᱚᱱ ᱨᱟᱡᱦᱚᱨ ᱞᱮᱠᱟᱛᱮ ᱯᱮᱨᱮᱰᱠᱟᱛᱮᱠᱩ ᱪᱟᱞᱟᱜᱽᱠᱟᱱᱟ ᱾","ᱱᱟᱦᱟᱜ ᱨᱮ, ᱥᱮᱱᱟᱯᱷᱟᱹᱫᱽ, ᱱᱟᱵᱷᱤ ᱟᱨ ᱮᱭᱟᱨ ᱯᱷᱳᱨᱥ ᱨᱮᱭᱟᱜ ᱵᱷᱮᱜᱟᱨ ᱦᱟᱹᱴᱤᱧ ᱟᱨ ᱩᱱᱠᱩ ᱥᱟᱶᱛᱮ ᱩᱱᱠᱩᱭᱟᱜ ᱵᱮᱱᱰ ᱨᱟᱡᱯᱚᱛ ᱨᱮ ᱨᱟᱡᱯᱚᱱᱚᱛᱚ ᱚᱲᱟᱜ ᱠᱷᱚᱱ ᱥᱟᱸᱜᱷᱟᱨ ᱟᱠᱟᱫᱟᱭ ᱾"
76,ये लोग कहाँ जा रहे हैं?,ᱩᱝᱠᱩ ᱫᱚ ᱚᱠᱟᱛᱮᱠᱩ ᱪᱟᱞᱟᱜᱽᱠᱟᱱᱟ ?,ᱱᱚᱶᱟ ᱦᱚᱲᱠᱚ ᱫᱚ ᱪᱮᱫ ᱥᱮᱫ ᱪᱟᱞᱟᱣᱚᱜ ᱠᱟᱱᱟ?
77,इंडिया गेट की तरफ और अंत में लाल किला।,ᱤᱱᱰᱤᱭᱟ ᱜᱮᱴᱛᱮ ᱟᱨ ᱢᱩᱪᱟᱹᱫᱨᱮ ᱫᱚ ᱨᱮᱰᱯᱷᱳᱨᱰ ᱾,ᱤᱱᱰᱤᱭᱟ ᱜᱮᱴ ᱥᱮᱫ ᱟᱨ ᱢᱩᱪᱟᱹᱫ ᱨᱮ ᱨᱮᱰ ᱯᱷᱳᱨᱴ ᱾
78,"जैसे-जैसे वे गुजरते हैं, राष्ट्रपति को सलाम करते हैं।",ᱩᱝᱠᱩ ᱫᱚ ᱢᱤᱫᱽ ᱢᱤᱫᱽᱛᱮ ᱪᱟᱞᱟᱜ ᱚᱠᱛᱮ ᱫᱤᱥᱟᱹᱢ ᱜᱚᱝᱠᱮ ᱥᱮᱡᱽ ᱢᱟᱹᱱᱠᱩ ᱮᱢᱮᱫᱽᱠᱟᱱᱟ ᱾,ᱩᱱᱤ ᱪᱟᱞᱟᱣᱚᱜ ᱥᱟᱶ ᱥᱟᱶᱛᱮ ᱫᱤᱥᱚᱢ ᱨᱟᱡᱯᱚᱱᱚᱛ ᱫᱚ ᱥᱟᱨᱦᱟᱶ ᱮ ᱮᱢ ᱞᱮᱫᱟ ᱾
79,और देखो वे भी किस तरह खड़े हैं और उन्हें आगे मार्च करते जाने के लिए प्रोत्साहित कर रहे हैं।,ᱟᱨ ᱛᱩᱝᱠᱷᱤᱭᱢᱮ ᱪᱮᱫᱞᱮᱠᱟ ᱩᱱᱤ ᱫᱚ ᱚᱱᱟᱭ ᱟᱸᱜᱚᱡᱮᱟᱛᱮᱭ ᱛᱤᱜᱩᱱᱠᱟᱱᱟ ᱟᱨ ᱩᱝᱠᱩ ᱞᱟᱦᱟ ᱪᱟᱞᱟᱜ ᱞᱟᱹᱜᱤᱫᱽᱮ ᱩᱥᱠᱩᱨᱮᱫᱽᱠᱩᱣᱟ ᱾,ᱟᱨ ᱧᱮᱞ ᱢᱮ ᱪᱮᱫ ᱞᱮᱠᱟᱛᱮ ᱩᱱᱠᱩ ᱦᱚᱸ ᱢᱮᱱᱟᱜ ᱠᱚᱣᱟ ᱟᱨ ᱩᱱᱠᱩ ᱫᱚ ᱞᱟᱦᱟ ᱪᱟᱞᱟᱣ ᱞᱟᱹᱜᱤᱫ ᱮ ᱮᱥᱮᱨ ᱞᱮᱫᱟ ᱾
80,काश मैं किसी दिन सामने से बैठ कर देख सकूं।,ᱤᱧ ᱡᱟᱦᱟᱸᱛᱤᱥ ᱦᱚᱲᱢᱚᱥᱟᱶᱟᱨᱟᱱᱛᱮ ᱚᱱᱟ ᱧᱮᱞ ᱥᱟᱱᱟᱧᱠᱟᱱᱟ ᱾,ᱤᱧ ᱠᱷᱚᱡᱟ ᱡᱮ ᱤᱧ ᱡᱟᱦᱟᱱ ᱫᱤᱱ ᱢᱟᱲᱟᱝ ᱠᱷᱚᱱ ᱥᱮᱱ ᱠᱟᱛᱮ ᱧᱮᱞᱧᱟᱢᱚᱜᱼᱟ ᱾
81,अलग-अलग राज्यों की प्रदर्शनी का क्या हुआ?,ᱮᱴᱟᱜᱽ ᱮᱴᱟᱜᱽ ᱯᱚᱱᱚᱛ ᱠᱩᱨᱮᱱᱟᱜ ᱦᱟᱹᱡᱤᱨ ᱨᱮᱭᱟᱜ ᱠᱷᱚᱵᱚᱨ ᱫᱚ ᱪᱮᱫᱽᱞᱮᱠᱟ ᱾,ᱟᱭᱢᱟ ᱯᱚᱱᱚᱛ ᱨᱮᱭᱟᱜ ᱩᱫᱩᱜ ᱥᱚᱫᱚᱨ ᱨᱮᱭᱟᱜ ᱪᱮᱫ ᱦᱩᱭ ᱟᱠᱟᱱᱟ?
82,क्या वह आर्मी के मार्च पास्ट के बाद होगा?,ᱚᱱᱟ ᱫᱚ ᱪᱮᱫᱽ ᱯᱷᱟᱹᱫᱠᱩᱣᱟᱜ ᱯᱮᱨᱮᱰ ᱛᱟᱭᱚᱢ ᱦᱩᱭᱩᱜᱽᱼᱟ ?,ᱩᱱᱤ ᱫᱚ ᱠᱤ ᱥᱮᱱᱟᱯᱷᱟᱹᱫᱽ ᱨᱮᱭᱟᱜ ᱢᱟᱨᱪ ᱯᱟᱥᱴ ᱛᱟᱭᱚᱢ ᱮ ᱦᱮᱡ ᱮᱱᱟ?
83,"हाँ, जब सारी टुकड़ियाँ मार्च करके निकल जाएंगी, तब वे सब आएंगे।","ᱦᱮᱸ, ᱢᱤᱫᱽᱫᱷᱟᱣ ᱡᱚᱛᱚ ᱨᱮᱡᱤᱢᱮᱱᱴᱠᱩ ᱯᱮᱨᱮᱰ ᱪᱟᱞᱟᱜᱽ ᱛᱟᱭᱚᱢ, ᱩᱝᱠᱩ ᱫᱚ ᱠᱩ ᱥᱮᱴᱮᱨᱚᱜᱽᱼᱟ ᱾","ᱦᱩᱭᱩᱜ ᱠᱟᱱᱟ, ᱡᱚᱠᱷᱚᱱ ᱥᱟᱱᱟᱢ ᱜᱟᱫᱮᱞ ᱠᱚ ᱥᱟᱸᱜᱷᱟᱨ ᱠᱟᱛᱮ ᱠᱚ ᱪᱟᱞᱟᱣᱚᱜᱼᱟ, ᱩᱱᱫᱚ ᱩᱱᱠᱩ ᱥᱟᱱᱟᱢ ᱠᱚ ᱦᱮᱡᱚᱜᱼᱟ ᱾"
84,हर राज्य को एक झांकी में दिखाया जाएगा।,ᱢᱤᱢᱤᱫᱽ ᱯᱚᱱᱚᱛ ᱫᱚ ᱟᱠᱩᱣᱟᱜ ᱴᱮᱵᱞᱚᱣᱣᱟᱛᱮᱠᱩ ᱥᱮᱴᱮᱨᱚᱜᱽᱼᱟ ᱾,ᱥᱟᱱᱟᱢ ᱯᱚᱱᱚᱛ ᱢᱤᱫᱴᱟᱝ ᱴᱮᱵᱤᱞ ᱨᱮ ᱩᱫᱩᱜ ᱥᱚᱫᱚᱨ ᱦᱩᱭᱩᱜᱼᱟ ᱾
85,"इनमें उस विशिष्ट राज्य का इतिहास, संस्कृति, धरोहर, विकास कार्यक्रम और पर्यावरण दिखाया जाता है।","ᱩᱝᱠᱩ ᱫᱚ ᱟᱠᱩᱣᱟᱜ ᱱᱤᱡᱽ ᱱᱤᱡᱽ ᱯᱚᱱᱚᱛ ᱨᱮᱭᱟᱜ ᱱᱟᱜᱟᱢ, ᱞᱟᱠᱪᱟᱨ, ᱥᱮᱨᱣᱟ ᱩᱛᱷᱱᱟᱹᱣ ᱠᱟᱹᱢᱤᱦᱚᱨᱟ ᱟᱨ ᱞᱟᱭᱚᱝᱠᱩ ᱰᱩᱜᱽ ᱥᱚᱫᱚᱼᱟ ᱾","ᱱᱚᱶᱟ ᱠᱚᱫᱚ ᱚᱱᱟ ᱜᱚᱴᱟᱵᱩᱴᱟᱹ ᱯᱚᱱᱚᱛ ᱨᱮᱭᱟᱜ ᱱᱟᱜᱟᱢ, ᱞᱟᱠᱪᱟᱨ, ᱥᱮᱨᱣᱟ, ᱩᱛᱱᱟᱹᱣ ᱨᱮᱭᱟᱜ ᱯᱨᱳᱜᱨᱟᱢ ᱟᱨ ᱦᱚᱭᱦᱩᱫᱤᱥ ᱮ ᱩᱫᱩᱜᱟ ᱾"
86,वो अपने साथ कुछ ऐनिमेशन और साउंड भी लेकर चलते हैं।,ᱩᱝᱠᱩ ᱫᱚ ᱟᱠᱩᱥᱟᱶ ᱠᱤᱪᱷᱩ ᱮᱱᱤᱢᱮᱥᱚᱱ ᱟᱨ ᱵᱟᱡᱱᱟ ᱧᱮᱞ ᱟᱨᱠᱩ ᱩᱫᱩᱜᱮᱫᱽᱠᱟᱱ ᱛᱟᱦᱮᱸᱠᱟᱱᱟ ᱾,ᱩᱱᱤ ᱫᱚ ᱠᱤᱪᱷᱩᱜᱟᱱ ᱮᱱᱤᱢᱮᱥᱚᱱ ᱟᱨ ᱥᱩᱱᱰ ᱮ ᱤᱫᱤ ᱞᱮᱫ ᱠᱚᱣᱟ ᱾
87,काफी रंगारंग डिस्प्ले होता है।,ᱱᱳᱣᱟ ᱫᱚ ᱟᱹᱰᱤ ᱨᱚᱝᱟᱱ ᱩᱫᱩᱜᱽᱥᱚᱫᱚᱨ ᱜᱤ ᱾,ᱟᱹᱰᱤ ᱨᱟᱹᱲ ᱟᱱᱟᱜ ᱰᱤᱥᱯᱮᱞᱮ ᱢᱮᱱᱟᱜᱼᱟ ᱾
88,और मेरे लिए पूरी परेड का सबसे पसंदीदा भाग भी यही है।,"ᱦᱮᱸ, ᱟᱨ ᱜᱚᱴᱟ ᱯᱮᱨᱮᱰ ᱨᱮᱭᱟᱜ ᱠᱩᱥᱤᱭᱟᱱᱟᱜ ᱦᱤᱸᱥ ᱦᱚᱸ ᱠᱟᱱᱟ ᱾",ᱟᱨ ᱱᱚᱶᱟ ᱫᱚ ᱤᱧ ᱞᱟᱹᱜᱤᱫ ᱥᱟᱱᱟᱢ ᱯᱮᱨᱮᱰ ᱨᱮᱭᱟᱜ ᱡᱚᱛᱚ ᱠᱷᱚᱱ ᱥᱚᱨᱮᱥ ᱦᱤᱸᱥ ᱠᱟᱱᱟ ᱾
89,मुझे आज भी याद है पिछली बार पश्चिम बंगाल की झांकी किस तरह से सजाई गई थी।,ᱤᱧᱟᱜ ᱱᱤᱛ ᱦᱚᱸ ᱫᱤᱥᱟᱹ ᱦᱤᱡᱩᱜᱽᱠᱟᱱᱟ ᱢᱩᱪᱟᱹᱫᱽ ᱫᱷᱟᱣ ᱪᱮᱫᱽ ᱞᱮᱠᱟᱛᱮ ᱯᱚᱪᱷᱤᱢ ᱵᱟᱝᱞᱟ ᱫᱚ ᱴᱮᱵᱞᱳᱠᱩ ᱩᱫᱩᱜᱽᱥᱚᱫᱚᱨᱞᱮᱫᱟ ᱾,"ᱤᱧ ᱱᱤᱛᱦᱚᱸ ᱢᱚᱱᱮ ᱦᱩᱭᱩᱜ ᱠᱟᱱᱟ ᱡᱮ, ᱢᱩᱪᱟᱹᱫ ᱚᱠᱛᱮ ᱯᱚᱪᱷᱤᱢ ᱵᱟᱝᱞᱟ ᱨᱮᱭᱟᱜ ᱴᱮᱵᱤᱞ ᱫᱚ ᱪᱮᱫ ᱞᱮᱠᱟᱛᱮ ᱥᱳᱯᱨᱳᱫ ᱦᱩᱭ ᱞᱮᱱᱟ ᱾"
90,और उस पर ग्रामीण बंगाल का लोक नृत्य दर्शा रहे नर्तक भी।,"ᱟᱨ ᱚᱱᱟ ᱪᱮᱛᱟᱱ ᱮᱱᱮᱡᱽᱠᱟᱹᱨᱤ ᱠᱩᱣᱟᱜ ᱠᱟᱛᱷᱟ ᱦᱚᱸ, ᱡᱟᱦᱟᱸᱭ ᱫᱚ ᱟᱛᱚᱚᱲᱟᱜᱽ ᱨᱮᱭᱟᱜ ᱞᱳᱠᱳᱱᱨᱤᱛᱛᱚᱠᱩ ᱩᱫᱩᱜᱽᱥᱚᱫᱚᱨᱞᱮᱫᱟ ᱾",ᱟᱨ ᱚᱱᱟ ᱪᱮᱛᱟᱱ ᱨᱮ ᱟᱛᱳ ᱵᱟᱝᱞᱟ ᱨᱮᱱ ᱦᱚᱲ ᱮᱱᱮᱡ ᱠᱚ ᱩᱫᱩᱜ ᱥᱚᱫᱚᱨᱤᱡ ᱮᱱᱮᱡ ᱠᱟᱹᱨᱤᱜᱚᱞ ᱠᱚ ᱾
91,"पता नहीं, इस साल क्या दिखाने वाले हैं।",ᱤᱧᱫᱚᱧ ᱦᱟᱦᱟᱲᱟᱜᱽᱠᱟᱱᱟ ᱩᱝᱠᱩ ᱫᱚ ᱟᱞᱮ ᱞᱟᱹᱜᱤᱫᱽ ᱪᱮᱫᱽᱠᱩ ᱥᱟᱡᱟᱣ ᱟᱹᱜᱩᱣᱟᱠᱟᱫᱟ ᱢᱮᱱᱛᱮ ᱾,ᱱᱚᱶᱟ ᱥᱮᱨᱢᱟ ᱪᱮᱫ ᱩᱫᱩᱜ ᱥᱚᱫᱚᱨ ᱦᱩᱭᱩᱜ ᱠᱟᱱᱟ ᱚᱱᱟ ᱵᱟᱝ ᱵᱟᱰᱟᱭ ᱟᱠᱟᱱᱟ ᱾
92,इंतज़ार करते हैं और देखते हैं।,ᱛᱟᱹᱜᱤ ᱞᱮᱜᱮᱵᱩᱱ ᱟᱨ ᱵᱩᱱ ᱧᱮᱞᱞᱮᱜᱤ ᱾,ᱟᱭᱢᱟᱜᱟᱱ ᱟᱨ ᱧᱮᱞ ᱢᱮ ᱾
93,"लेकिन भूलना मत, आज 12 बजे के करीब तुम्हारी सिट एंड ड्रॉ प्रतियोगिता भी है।","ᱢᱮᱱᱠᱷᱟᱱ ᱟᱞᱚᱢ ᱦᱤᱬᱤᱧᱟ, ᱛᱤᱦᱤᱧ ᱛᱤᱠᱤᱱ ᱑᱒ ᱵᱟᱡᱮ ᱞᱮᱠᱟ ᱫᱩᱲᱩᱵᱽᱠᱟᱛᱮ ᱟᱸᱠ ᱦᱮᱯᱮᱨᱟᱣ ᱢᱮᱱᱟᱜᱽᱛᱟᱢᱟ ᱾","ᱢᱮᱱᱠᱷᱟᱱ ᱵᱟᱝ ᱩᱭᱦᱟᱹᱨ ᱢᱮ, ᱛᱮᱦᱮᱧ 12 ᱴᱟᱲᱟᱝ ᱥᱳᱨᱥᱳᱯᱳᱨ ᱟᱢᱟᱜ ᱥᱤᱴ ᱟᱨ ᱰᱨᱚ ᱦᱮᱯᱨᱟᱣ ᱦᱚᱸ ᱢᱮᱱᱟᱜᱼᱟ ᱾"
94,क्या तुम उसके लिए तैयार हो?,ᱟᱢ ᱫᱚ ᱚᱱᱟ ᱞᱟᱹᱜᱤᱫᱽᱮᱢ ᱥᱟᱯᱲᱟᱣ ᱜᱤᱭᱟ ?,ᱟᱢ ᱠᱤ ᱩᱱᱤ ᱞᱟᱹᱜᱤᱫ ᱮ ᱵᱮᱱᱟᱣ ᱟᱠᱟᱱᱟ?
95,मैंने पहले से ही स्केच बनाने का अभ्यास कर लिया है।,ᱤᱧ ᱫᱚ ᱤᱧᱟᱜ ᱥᱠᱮᱪᱠᱩᱧ ᱯᱨᱮᱠᱴᱤᱥ ᱫᱚᱦᱚᱣᱟᱠᱟᱫᱟ ᱾,ᱤᱧ ᱢᱟᱲᱟᱝ ᱠᱷᱚᱱ ᱜᱮ ᱥᱠᱮᱴᱪ ᱵᱮᱱᱟᱣ ᱨᱮᱭᱟᱜ ᱠᱟᱹᱢᱤ ᱦᱚᱨᱟ ᱠᱚᱨᱟᱣ ᱟᱠᱟᱫᱟ ᱾
96,मैं गणतंत्र दिवस के परेड की एक झलक ड्रा करने वाली हूँ।,ᱤᱧ ᱫᱚ ᱯᱨᱚᱡᱟᱛᱚᱱᱛᱨᱚ ᱫᱤᱵᱚᱥ ᱨᱮᱭᱟᱜ ᱢᱤᱫᱽ ᱡᱷᱚᱞᱚᱠ ᱪᱤᱛᱟᱹᱨ ᱜᱤᱧ ᱟᱸᱠᱮᱫᱟ ᱾,ᱤᱧ ᱫᱤᱥᱚᱢ ᱢᱟᱦᱟ ᱨᱮᱭᱟᱜ ᱯᱮᱨᱮᱰ ᱨᱮᱭᱟᱜ ᱢᱤᱫᱴᱟᱝ ᱧᱮᱞᱧᱟᱢ ᱞᱟᱹᱜᱤᱫ ᱮ ᱪᱟᱞᱟᱣ ᱟᱠᱟᱱᱟ ᱾
97,काश मुझे इनाम मिल जाए।,ᱟᱥᱚᱜᱽᱠᱟᱹᱱᱟᱹᱧ ᱢᱤᱫᱴᱟᱝ ᱥᱤᱨᱯᱟᱹᱧ ᱧᱟᱢᱫᱟᱲᱮᱭᱟᱜᱼᱟ ᱾,ᱤᱧ ᱠᱷᱚᱡ ᱠᱟᱱᱟ ᱡᱮ ᱤᱧ ᱥᱤᱨᱯᱟᱹᱧ ᱧᱟᱢᱼᱟ ᱾
98,इनामों के बारे में मत सोचो।,ᱥᱤᱨᱯᱟᱹ ᱵᱟᱵᱚᱫ ᱟᱞᱚᱢ ᱵᱷᱟᱹᱵᱤᱫᱚᱜᱼᱟ ᱾,ᱥᱤᱨᱯᱟᱹ ᱨᱮᱭᱟᱜ ᱠᱟᱛᱷᱟ ᱵᱟᱝ ᱩᱭᱦᱟᱹᱨ ᱢᱮ ᱾
99,वहाँ पर बस मस्त रहना।,ᱮᱠᱮᱱ ᱚᱸᱰᱮ ᱥᱮᱱᱠᱟᱛᱮ ᱟᱢᱞᱮᱠᱟ ᱨᱟᱹᱥᱠᱟᱹᱭ ᱢᱮ ᱾,ᱚᱱᱟ ᱴᱷᱟᱶ ᱨᱮ ᱥᱩᱢᱩᱝ ᱱᱟᱯᱟᱭ ᱛᱟᱦᱮᱸ ᱠᱟᱱᱟ ᱾
100,मेरी शुभकामनाएं तुम्हारे साथ हैं।,ᱟᱢ ᱞᱟᱹᱜᱤᱫᱽ ᱤᱧᱟᱜ ᱛᱷᱩᱢ ᱛᱟᱦᱮᱸᱭᱮᱱᱟ ᱾,ᱤᱧᱟᱹᱜ ᱥᱚᱨᱮᱥ ᱠᱚ ᱟᱢ ᱥᱟᱶ ᱢᱮᱱᱟᱜᱼᱟ ᱾
101,थैंक यू डैड।,"ᱵᱟᱵᱟ, ᱟᱭᱢᱟ ᱥᱟᱨᱦᱟᱣ ᱾",ᱟᱢ ᱵᱟᱵᱟ ᱫᱚ ᱥᱟᱨᱦᱟᱶ ᱮᱢ ᱢᱮ ᱾
102,"लेकिन प्रतियोगिता के कारण परेड का जो भाग मैं मिस कर जाऊँ, उसे आप हर हाल में देखें।",ᱛᱚᱵᱮ ᱦᱮᱯᱮᱨᱟᱣ ᱞᱟᱹᱜᱤᱫᱽᱛᱮ ᱤᱧ ᱯᱮᱨᱮᱰ ᱨᱮᱭᱟᱜ ᱡᱟᱦᱟᱸ ᱦᱤᱸᱥ ᱵᱟᱹᱧ ᱧᱮᱞᱫᱟᱲᱮᱭᱟᱜᱼᱟ ᱚᱱᱟ ᱫᱚ ᱟᱢ ᱡᱟᱹᱨᱩᱲᱜᱤ ᱧᱮᱞᱢᱮ ᱵᱟᱲᱮ ᱾,"ᱢᱮᱱᱠᱷᱟᱱ ᱟᱢ ᱡᱟᱦᱟᱸ ᱞᱮᱠᱟᱱ ᱜᱮ ᱧᱮᱞ ᱢᱮ, ᱡᱟᱦᱟᱸ ᱞᱮᱠᱟᱱ ᱦᱤᱸᱥ ᱨᱮ ᱤᱧ ᱦᱮᱯᱨᱟᱣ ᱚᱡᱮᱛᱮ ᱯᱮᱨᱮᱰ ᱫᱚ ᱵᱟᱝ ᱧᱮᱞᱧᱟᱢᱚᱜᱼᱟ ᱾"
103,रात को सोने से पहले उसके बारे में सुनूंगी।,ᱜᱤᱛᱤᱡᱽ ᱚᱠᱛᱮ ᱚᱱᱟ ᱵᱟᱵᱚᱫᱤᱧ ᱟᱸᱡᱚᱢᱟ ᱾,ᱤᱧ ᱧᱤᱫᱟᱹ ᱨᱮ ᱥᱳᱯᱨᱳᱫᱽᱚᱜ ᱢᱟᱲᱟᱝ ᱩᱱᱤ ᱤᱫᱤ ᱠᱟᱛᱮ ᱵᱟᱰᱟᱭᱧᱟᱢᱚᱜᱼᱟ ᱾
104,"हेलो, क्या यह समाधान हेल्पलाइन है?","ᱦᱮᱞᱳ, ᱱᱤᱭᱟᱹ ᱫᱚ ᱪᱮᱫᱽ ᱥᱚᱢᱟᱫᱷᱟᱱ ᱜᱚᱬᱚ ᱥᱮᱱᱴᱟᱨ ᱠᱟᱱᱟ ?","ᱦᱮᱞᱳ, ᱱᱚᱶᱟ ᱥᱚᱞᱩᱭᱥᱚᱱ ᱫᱚ ᱪᱮᱫ ᱦᱮᱞᱯᱞᱟᱭᱤᱱ ᱠᱟᱱᱟ?"
105,"हाँ, मैं आपकी कैसे सहायता कर सकता हूँ?","ᱦᱮᱸ, ᱪᱮᱠᱟᱞᱮᱠᱟᱛᱮ ᱤᱧ ᱟᱢᱤᱧ ᱜᱚᱲᱚᱫᱟᱲᱮᱭᱟᱢᱟ ?","ᱦᱩᱭᱩᱜ ᱠᱟᱱᱟ, ᱤᱧ ᱪᱮᱫ ᱞᱮᱠᱟᱛᱮ ᱟᱢ ᱜᱚᱲᱚᱧᱟᱢ ᱫᱟᱲᱮᱭᱟᱜᱼᱟ?"
106,मैं हरीश हूँ और मैं स्वामी विवेकानंद शैक्षिक संस्थान की ओर से फोन कर रहा हूँ।,"ᱤᱧ ᱫᱚ ᱦᱚᱨᱤᱥ, ᱟᱨ ᱤᱧ ᱫᱚ ᱥᱟᱢᱤ ᱵᱤᱵᱮᱠᱟᱱᱚᱱᱫᱚ ᱮᱰᱩᱠᱮᱥᱚᱱᱟᱞ ᱤᱱᱥᱴᱤᱴᱤᱭᱩᱴ ᱛᱚᱨᱚᱯᱷ ᱠᱷᱚᱱᱤᱧ ᱠᱚᱞᱮᱫ ᱠᱟᱱᱟ ᱾",ᱤᱧ ᱦᱩᱭᱩᱜ ᱠᱟᱱᱟ ᱦᱚᱨᱤᱥ ᱟᱨ ᱤᱧ ᱥᱟᱢᱤ ᱵᱤᱵᱮᱠᱟᱱᱫᱚᱱ ᱥᱮᱪᱮᱫ ᱛᱟᱞᱢᱟ ᱴᱷᱮᱱ ᱠᱷᱚᱱ ᱠᱚᱞ ᱮᱢ ᱮᱫᱟ ᱾
107,मैं साधन-सह-योग्यता छात्रवृत्ति कार्यक्रम के बारे में और जानना चाहता हूँ।,ᱤᱧ ᱫᱚ ᱢᱮᱨᱤᱴᱼᱠᱩᱢᱼᱢᱤᱱᱥ ᱥᱠᱚᱞᱟᱨᱥᱤᱯ ᱯᱨᱳᱜᱨᱟᱢ ᱵᱟᱵᱚᱫ ᱡᱟᱹᱥᱛᱤ ᱵᱟᱰᱟᱭᱤᱧ ᱠᱷᱚᱡᱽᱚᱜᱽ ᱠᱟᱱᱟ ᱾,ᱤᱧ ᱢᱳᱱᱤᱴᱼᱠᱳᱼᱞᱤᱯᱷᱤᱠᱮᱴ ᱥᱠᱳᱞᱟᱨᱥᱤᱯ ᱯᱨᱳᱜᱨᱟᱢ ᱤᱫᱤ ᱠᱟᱛᱮ ᱟᱨᱦᱚᱸ ᱵᱟᱰᱟᱭ ᱠᱷᱚᱡ ᱠᱟᱱᱟ ᱾
108,जिससे कि मैं इस कार्यक्रम के बारे में अपने छात्रों को जानकारी दे सकूं।,ᱡᱟᱦᱟᱸᱛᱮ ᱫᱚ ᱤᱧ ᱟᱞᱮᱨᱮᱱ ᱯᱟᱹᱴᱷᱣᱟᱹᱠᱩ ᱱᱤᱭᱟᱹ ᱯᱨᱳᱜᱨᱟᱢ ᱵᱟᱵᱚᱫᱽᱧ ᱵᱟᱰᱟᱭ ᱩᱪᱩᱫᱟᱲᱮᱭᱟᱠᱩᱣᱟ ᱾,ᱡᱟᱦᱟᱸᱛᱮ ᱤᱧ ᱤᱧᱟᱹᱜ ᱥᱮᱪᱮᱫᱤᱭᱟᱹ ᱠᱚ ᱱᱚᱶᱟ ᱯᱨᱳᱜᱨᱟᱢ ᱤᱫᱤ ᱠᱟᱛᱮ ᱵᱟᱰᱟᱭᱧᱟᱢ ᱫᱟᱲᱮᱭᱟᱜᱼᱟ ᱾
109,ठीक है! इस योजना का मुख्य उद्देश्य है अल्पसंख्यक समुदायों के वंचित और काबिल छात्रों को आर्थिक सहायता देना।,"ᱡᱚᱛᱚᱜᱤ ᱴᱷᱤᱠᱜᱮᱭᱟ, ᱥᱠᱤᱢ ᱨᱮᱭᱟᱜ ᱢᱩᱬᱩᱫᱽ ᱡᱚᱥ ᱫᱚ ᱞᱮᱠᱷᱟᱨᱮ ᱠᱚᱢ ᱦᱚᱲᱞᱮᱠᱷᱟ ᱠᱷᱚᱱ ᱠᱚᱢ ᱥᱩᱵᱤᱫᱷᱟ ᱧᱟᱢᱟᱱ ᱟᱨ ᱠᱷᱚᱡᱚᱜᱽᱠᱟᱱ ᱯᱟᱹᱴᱷᱣᱟᱹᱠᱩ ᱠᱟᱹᱣᱰᱤ ᱛᱮᱱᱟᱜᱽ ᱜᱚᱲᱚ ᱮᱢᱟᱠᱩᱜᱤ ᱾",ᱱᱚᱶᱟ ᱯᱚᱨᱤᱠᱚᱞ ᱨᱮᱭᱟᱜ ᱢᱩᱲᱩᱫ ᱡᱚᱥ ᱫᱚ ᱦᱩᱭᱩᱜ ᱠᱟᱱᱟ ᱠᱚᱢ ᱦᱚᱲ ᱜᱟᱫᱮᱞ ᱨᱮᱱ ᱵᱮᱼᱵᱟᱹᱛᱤᱞ ᱟᱨ ᱫᱟᱲᱮᱹᱣᱟᱱᱟᱜ ᱥᱮᱪᱮᱫᱤᱭᱟᱹ ᱠᱚ ᱠᱟᱹᱣᱰᱤ ᱜᱚᱲᱚ ᱮᱢᱚᱜ ᱾
110,और इस छात्रवृत्ति से वे पेशेवर और तकनीकी शिक्षा पा सकेंगे।,"ᱟᱨ ᱱᱚᱣᱟ ᱥᱠᱚᱞᱟᱨᱥᱤᱯ ᱦᱚᱛᱮᱛᱮ, ᱩᱝᱠᱩ ᱫᱚ ᱯᱨᱚᱯᱷᱮᱥᱚᱱᱟᱞ ᱟᱨ ᱴᱮᱠᱱᱤᱠᱮᱞ ᱥᱤᱠᱷᱱᱟᱹᱛᱠᱩ ᱦᱟᱛᱟᱣ ᱫᱟᱲᱤᱭᱟᱜᱽᱼᱟ ᱾",ᱟᱨ ᱱᱚᱶᱟ ᱮᱥᱠᱚᱞᱟᱨᱥᱤᱯ ᱫᱚ ᱩᱱᱠᱩ ᱫᱚ ᱯᱮᱥᱟᱣᱟᱱ ᱟᱨ ᱛᱮᱠᱱᱤᱠᱮᱞ ᱥᱮᱪᱮᱫ ᱧᱟᱢ ᱨᱮᱭᱟᱜ ᱫᱟᱲᱮᱭ ᱮᱢᱼᱟ ᱾
111,यह योजना अल्पसंख्यक कार्य मंत्रालय द्वारा शुरू की गई है।,ᱱᱤᱭᱟᱹ ᱥᱠᱤᱢ ᱫᱚ ᱢᱤᱱᱤᱥᱴᱨᱤ ᱚᱯᱷ ᱢᱟᱭᱱᱚᱨᱤᱴᱤ ᱮᱯᱷᱯᱷᱮᱭᱟᱨᱥ ᱦᱚᱛᱮᱛᱮ ᱮᱛᱚᱦᱚᱵᱽᱟᱠᱟᱱᱟ ᱾,ᱱᱚᱶᱟ ᱯᱚᱨᱤᱠᱚᱞ ᱫᱚ ᱠᱚᱢ ᱦᱚᱲ ᱠᱚᱣᱟᱜ ᱠᱟᱹᱢᱤ ᱢᱚᱱᱛᱚᱨᱚ ᱫᱟᱨᱟᱭ ᱛᱮ ᱮᱛᱚᱦᱚᱵ ᱦᱩᱭ ᱟᱠᱟᱱᱟ ᱾
112,"जी, सर।","ᱦᱮᱸ, ᱢᱟᱦᱟᱥᱚᱭ ᱾","ᱤᱧ, ᱥᱟᱨ ᱾"
113,"क्या यह सही है कि यह छात्रवृत्ति भारत में पढ़ाई के लिए है, सर?",ᱛᱟᱦᱚᱞᱮ ᱢᱟᱦᱟᱥᱚᱭ ᱱᱤᱭᱟᱹ ᱫᱚ ᱴᱷᱤᱠ ᱡᱮ ᱵᱷᱟᱨᱚᱛᱨᱮ ᱯᱟᱬᱦᱟᱜᱽ ᱞᱟᱹᱜᱤᱫᱽᱜᱤ ᱱᱤᱭᱟᱹ ᱥᱠᱚᱞᱟᱨᱥᱤᱯ ᱫᱚ ?,"ᱱᱚᱶᱟ ᱮᱥᱠᱚᱞᱟᱨᱥᱤᱯ ᱫᱚ ᱵᱷᱟᱨᱚᱛ ᱨᱮ ᱯᱟᱲᱦᱟᱣ ᱞᱟᱹᱜᱤᱫ, ᱥᱟᱨ?"
114,हाँ। यह छात्रवृत्ति केवल उन छात्रों के लिए है जो भारत के किसी सरकारी या निजी महाविद्यालय में पढ़ रहे हैं।,ᱦᱮᱸ ᱾ ᱥᱠᱚᱞᱟᱨᱥᱤᱯ ᱫᱚ ᱵᱷᱟᱨᱚᱛᱨᱮ ᱢᱮᱱᱟᱜᱽ ᱥᱚᱨᱠᱟᱨᱤ ᱥᱮ ᱯᱨᱟᱭᱵᱷᱮᱴ ᱡᱮᱜᱮᱫᱽᱵᱤᱫᱫᱟᱹᱜᱟᱲᱨᱮ ᱯᱟᱲᱦᱟᱜᱽᱠᱟᱱ ᱯᱟᱹᱴᱷᱣᱟᱹᱠᱩᱜᱤ ᱮᱠᱮᱱᱠᱩ ᱮᱢᱚᱜᱚᱜᱽᱼᱟ ᱾,ᱦᱩᱭᱩᱜ ᱠᱟᱱᱟ ᱾ ᱱᱚᱶᱟ ᱮᱥᱠᱚᱞᱟᱨᱥᱤᱯ ᱫᱚ ᱥᱩᱢᱩᱝ ᱵᱷᱟᱨᱚᱛ ᱨᱮᱭᱟᱜ ᱡᱟᱦᱟᱱ ᱥᱚᱨᱠᱟᱨᱟᱜ ᱥᱮ ᱵᱮᱼᱵᱟᱹᱛᱤᱞ ᱠᱚᱞᱮᱡᱽ ᱨᱮ ᱯᱟᱲᱦᱟᱣᱚᱜ ᱠᱟᱱ ᱥᱮᱪᱮᱫᱤᱭᱟᱹ ᱠᱚ ᱞᱟᱹᱜᱤᱫ ᱾
115,क्या यह छात्रवृत्ति केवल स्नातक के छात्रों के लिए है?,ᱱᱤᱭᱟᱹ ᱥᱠᱚᱞᱟᱨᱥᱤᱯ ᱫᱚ ᱪᱮᱫ ᱮᱠᱮᱱ ᱟᱹᱠᱤᱞᱟᱵᱷᱨᱟᱱ ᱯᱟᱹᱴᱷᱣᱟᱹᱠᱩ ᱞᱟᱹᱜᱤᱫᱽᱜᱤ ?,ᱱᱚᱶᱟ ᱮᱥᱠᱚᱞᱟᱨᱥᱤᱯ ᱫᱚ ᱪᱮᱫ ᱥᱩᱢᱩᱝ ᱜᱨᱟᱡᱤᱭᱩᱴ ᱥᱮᱪᱮᱫᱤᱭᱟᱹ ᱠᱚ ᱞᱟᱹᱜᱤᱫ ᱠᱟᱱᱟ?
116,"नहीं, यह स्नातक एवं स्नातकोत्तर स्तर पर तकनीकी और पेशेवर पाठ्यक्रमों के लिए दी जाएगी।","ᱵᱟᱝ, ᱟᱹᱠᱤᱞᱟᱵᱷᱨᱟᱱ ᱟᱨ ᱟᱹᱠᱤᱞᱢᱟᱹᱱ ᱞᱮᱵᱮᱞ ᱨᱮᱭᱟᱜᱽ ᱴᱮᱠᱱᱤᱠᱮᱞ ᱟᱨ ᱯᱨᱚᱯᱷᱮᱥᱚᱱᱟᱞ ᱠᱳᱨᱥᱠᱩᱭ ᱠᱚᱵᱷᱟᱨᱟ ᱾","ᱵᱟᱝ, ᱱᱚᱶᱟ ᱫᱚ ᱵᱮᱼᱵᱟᱹᱛᱤᱞ ᱟᱨ ᱯᱮᱥᱴᱼᱜᱨᱟᱡᱤᱭᱩᱴ ᱞᱮᱵᱷᱮᱞ ᱨᱮ ᱛᱮᱠᱱᱤᱠᱮᱞ ᱟᱨ ᱯᱮᱥᱟᱣᱟᱱ ᱠᱳᱥᱥ ᱞᱟᱹᱜᱤᱫ ᱮᱢ ᱦᱩᱭᱩᱜᱼᱟ ᱾"
117,इस छात्रवृत्ति के लिए अप्लाई करने के क्या मानदंड हैं?,ᱱᱤᱭᱟᱹ ᱥᱠᱚᱞᱟᱨᱥᱤᱯ ᱞᱟᱹᱜᱤᱫᱽ ᱟᱹᱨᱡᱤᱭ ᱨᱮᱭᱟᱜ ᱢᱟᱹᱱᱴᱷᱮᱸᱜᱟ ᱫᱚ ᱪᱮᱫᱽ ?,ᱱᱚᱶᱟ ᱮᱥᱠᱚᱞᱟᱨᱥᱤᱯ ᱞᱟᱹᱜᱤᱫ ᱟᱨᱡᱤ ᱨᱮᱭᱟᱜ ᱯᱚᱨᱤᱢᱟᱱ ᱪᱮᱫ?
118,"जिन छात्रों को पिछली फाइनल परीक्षा में कम से कम 50% अंक या उसके समान ग्रेड हासिल हुए हैं, वे इस छात्रवृत्ति के योग्य हैं।",ᱯᱟᱹᱴᱷᱣᱟᱹᱠᱩ ᱡᱟᱦᱟᱸᱭ ᱟᱠᱩᱣᱟᱜ ᱞᱟᱦᱟᱱ ᱢᱩᱪᱟᱹᱫᱽ ᱵᱤᱰᱟᱹᱣᱨᱮ ᱠᱚᱢᱠᱟᱭᱛᱮ ᱕᱐% ᱥᱮ ᱚᱱᱟ ᱥᱚᱢᱟᱱ ᱜᱨᱮᱰᱠᱩ ᱧᱟᱢᱟᱠᱟᱫᱟ ᱩᱝᱠᱩ ᱜᱤ ᱥᱠᱚᱞᱟᱨᱥᱤᱯ ᱞᱟᱹᱜᱤᱫᱽᱠᱩ ᱡᱳᱜᱢᱟᱱᱼᱟ ᱾,"ᱡᱟᱦᱟᱸᱭ ᱥᱮᱪᱮᱫᱤᱭᱟᱹ ᱠᱚ ᱢᱟᱲᱟᱝ ᱨᱮᱭᱟᱜ ᱢᱩᱪᱟᱹᱫ ᱵᱤᱰᱟᱹᱣ ᱨᱮ ᱠᱚᱢ ᱠᱷᱚᱱ ᱠᱚᱢ 50% ᱱᱟᱢᱵᱟᱨ ᱥᱮ ᱚᱱᱟ ᱞᱮᱠᱟ ᱜᱨᱟᱹᱰ ᱠᱚ ᱦᱟᱢᱮᱴ ᱟᱠᱟᱫᱟ, ᱩᱱᱠᱩ ᱱᱚᱶᱟ ᱮᱥᱠᱚᱞᱟᱨᱥᱤᱯ ᱞᱟᱹᱜᱤᱫ ᱮ ᱥᱤᱜᱤᱞ ᱟᱠᱟᱱᱟ ᱾"
119,"इसके साथ ही, उनके माता-पिता या अभिभावकों की सभी स्रोतों से आय रु. 2.50 लाख से ज्यादा नहीं है।","ᱟᱨᱦᱚᱸ, ᱡᱩᱫᱤ ᱩᱝᱠᱩᱨᱮᱱ ᱜᱚᱼᱵᱟᱵᱟ ᱥᱮ ᱜᱟᱨᱡᱮᱱᱟᱜᱽ ᱨᱳᱡᱜᱟᱨ ᱫᱚ ᱡᱚᱛᱚ ᱩᱛᱥᱚ ᱠᱷᱚᱱ ᱒ᱹ᱕᱐ ᱞᱟᱠᱷ ᱠᱷᱚᱱ ᱵᱟᱭ ᱡᱟᱹᱥᱛᱤᱜᱽᱼᱟ ᱾","ᱱᱚᱶᱟ ᱥᱟᱶ ᱥᱟᱶᱛᱮ, ᱩᱱᱠᱩ ᱨᱮᱱ ᱟᱭᱳᱼᱵᱟᱵᱟ ᱥᱮ ᱟᱭᱳᱼᱵᱟᱵᱟ ᱠᱚᱣᱟᱜ ᱥᱟᱱᱟᱢ ᱩᱯᱟᱹᱭ ᱠᱷᱚᱱ ᱟᱭ 2.50 ᱞᱟᱠᱷ ᱴᱟᱠᱟ ᱠᱷᱚᱱ ᱰᱷᱮᱨ ᱵᱟᱝ ᱠᱟᱱᱟ ᱾"
120,"सर, कितने छात्रों को एम.सी.एम दी जाएगी?","ᱢᱟᱦᱟᱥᱚᱭ, ᱛᱤᱱᱟᱹᱜᱽᱜᱟᱱ ᱯᱟᱹᱴᱷᱣᱟᱹ ᱮᱢᱥᱤᱮᱢ ᱠᱩ ᱮᱢᱚᱜᱚᱜᱽᱼᱟ ?","ᱥᱟᱨ, ᱛᱤᱱᱟᱹᱜ ᱜᱟᱱ ᱥᱮᱪᱮᱫᱤᱭᱟᱹ <ᱟᱭ ᱰᱤ 1> ᱮᱢ ᱦᱩᱭᱩᱜᱼᱟ?"
121,"पुनरारम्भ की गई छात्रवृत्तियों के अलावा, 60,000 नई छात्रवृत्तियाँ दिए जाने का लक्ष्य है।","ᱯᱷᱨᱮᱥ ᱥᱠᱚᱞᱟᱨᱥᱤᱯ ᱥᱟᱶᱛᱮ ᱨᱤᱱᱤᱣᱟᱞ ᱥᱠᱚᱞᱟᱨᱥᱤᱯ ᱞᱮᱠᱟᱛᱮ ᱜᱩᱴᱠᱟᱛᱮ ᱖᱐,᱐᱐᱐ ᱥᱠᱚᱞᱟᱨᱥᱤᱯ ᱦᱟᱹᱴᱤᱧ ᱨᱮᱭᱟᱜᱽ ᱴᱷᱟᱬᱚᱜᱚᱴᱟᱣᱟᱠᱟᱱᱟ ᱾","ᱟᱨᱦᱚᱸ ᱮᱦᱚᱵ ᱟᱠᱟᱱ ᱮᱥᱠᱚᱞᱟᱨᱥᱤᱯ ᱠᱚ ᱵᱮᱜᱚᱨ ᱦᱚᱸ, 60,000 ᱱᱟᱶᱟ ᱮᱥᱠᱚᱞᱟᱨᱥᱤᱯ ᱮᱢ ᱨᱮᱭᱟᱜ ᱡᱚᱥ ᱢᱮᱱᱟᱜᱼᱟ ᱾"
122,यह तो काफी बड़ी संख्या है और इससे वे छात्र लाभान्वित होंगे जिनको इसकी जरूरत है।,"ᱚᱱᱟ ᱫᱚ ᱟᱹᱰᱤ ᱢᱟᱨᱟᱝ ᱞᱮᱠᱷᱟ, ᱟᱨ ᱱᱤᱭᱟᱹ ᱫᱚ ᱯᱟᱹᱴᱷᱣᱟᱹᱠᱩ ᱞᱟᱹᱜᱤᱫᱽ ᱥᱩᱵᱤᱫᱷᱟ ᱦᱩᱭᱩᱜᱽᱼᱟ ᱡᱟᱦᱟᱸᱭ ᱠᱩ ᱫᱚ ᱞᱟᱹᱜᱛᱤᱭᱟ ᱾",ᱱᱚᱶᱟ ᱫᱚ ᱟᱹᱰᱤ ᱰᱷᱮᱨ ᱮᱞ ᱟᱨ ᱱᱚᱶᱟ ᱫᱚ ᱚᱱᱟ ᱥᱮᱪᱮᱫᱤᱭᱟᱹ ᱠᱚ ᱞᱟᱹᱜᱤᱫ ᱱᱟᱯᱟᱭ ᱦᱳᱭᱳᱜᱼᱟ ᱡᱟᱦᱟᱸᱭ ᱠᱚ ᱱᱚᱶᱟ ᱨᱮᱭᱟᱜ ᱞᱟᱹᱠᱛᱤ ᱢᱮᱱᱟᱜᱼᱟ ᱾
123,यह छात्रवृत्तियाँ अन्य छात्रों के लिए भी प्रेरणा का स्रोत हैं।,ᱱᱤᱭᱟᱹ ᱥᱠᱚᱞᱟᱨᱥᱤᱯ ᱫᱚ ᱮᱴᱟᱜᱽ ᱯᱟᱹᱴᱷᱣᱟᱹ ᱠᱩ ᱞᱟᱹᱜᱤᱫᱽ ᱩᱫᱽᱜᱟᱹᱣᱟᱱᱟᱜᱽ ᱦᱚᱸ ᱠᱟᱱᱟ ᱾,ᱱᱚᱶᱟ ᱮᱥᱠᱚᱞᱟᱨᱥᱤᱯ ᱠᱚᱫᱚ ᱮᱴᱟᱜ ᱥᱮᱪᱮᱫᱤᱭᱟᱹ ᱠᱚ ᱞᱟᱹᱜᱤᱫ ᱦᱚᱸ ᱚᱱᱩᱢᱟᱹᱱ ᱨᱮᱭᱟᱜ ᱯᱷᱮᱰᱟᱛ ᱠᱟᱱᱟ ᱾
124,"हाँ, आप सही कह रहे हैं।","ᱦᱮᱸ, ᱟᱢ ᱫᱚᱢ ᱡᱚᱛᱷᱟᱛ ᱜᱤᱭᱟ ᱾","ᱦᱩᱭᱩᱜ ᱠᱟᱱᱟ, ᱟᱢ ᱫᱚ ᱜᱚᱴᱟ ᱠᱟᱱᱟ ᱾"
125,"एक आरक्षण नीति भी है, यानी राज्य/केंद्र शासित प्रदेश के हर अल्पसंख्यक समुदाय की छात्राओं के लिए 30% छात्रवृत्तियाँ निर्धारित हैं।","ᱚᱸᱰᱮ ᱢᱤᱫᱴᱟᱝ ᱨᱤᱡᱟᱨᱵᱮᱥᱚᱱ ᱟᱹᱨᱤ ᱢᱮᱱᱟᱜᱽᱼᱟ, ᱚᱱᱟ ᱫᱚ ᱢᱤᱫᱴᱟᱝ ᱯᱚᱱᱚᱛ/ᱤᱭᱩᱴᱤ ᱨᱮ ᱢᱤᱢᱤᱫᱽ ᱢᱟᱭᱱᱚᱨᱤᱴᱤ ᱠᱚᱢᱤᱴᱤᱨᱮᱱ ᱛᱤᱨᱞᱟᱹ ᱦᱚᱯᱚᱱᱯᱟᱹᱴᱷᱣᱟᱹᱠᱩ ᱞᱟᱹᱜᱤᱫᱽ ᱪᱤᱱᱦᱟᱹᱣᱟᱠᱟᱱᱟ ᱾","ᱢᱤᱫᱴᱟᱝ ᱨᱤᱦᱤᱴ ᱟᱹᱨᱤ ᱦᱚᱸ ᱢᱮᱱᱟᱜᱼᱟ, ᱡᱟᱦᱟᱸ ᱫᱚ ᱦᱩᱭᱩᱜ ᱠᱟᱱᱟ ᱯᱚᱱᱚᱛ/ᱛᱟᱞᱢᱟ ᱥᱟᱥᱚᱱ ᱴᱚᱴᱷᱟ ᱨᱮᱭᱟᱜ ᱡᱚᱛᱚ ᱠᱚᱢ ᱦᱚᱲ ᱜᱟᱫᱮᱞ ᱨᱮᱱ ᱜᱤᱫᱽᱨᱟᱹ ᱠᱚ ᱞᱟᱹᱜᱤᱫ 30% ᱮᱥᱠᱚᱞᱟᱨᱥᱤᱯ ᱜᱚᱴᱟ ᱦᱩᱭ ᱟᱠᱟᱱᱟ ᱾"
126,"ओह, यह तो बहुत ही अच्छा है।","ᱳᱦ, ᱚᱱᱟ ᱫᱚ ᱟᱹᱰᱤ ᱢᱚᱡᱽ ᱾","ᱳᱦ, ᱱᱚᱶᱟ ᱫᱚ ᱟᱹᱰᱤ ᱱᱟᱯᱟᱭ ᱠᱟᱱᱟ ᱾"
127,यह छात्रवृत्ति कब तक चलेगी?,ᱱᱤᱭᱟᱹ ᱥᱠᱚᱞᱟᱨᱥᱤᱯ ᱫᱚ ᱛᱤᱱᱟᱹᱜᱽᱫᱤᱱ ᱛᱟᱦᱮᱸᱱᱟ ?,ᱱᱚᱶᱟ ᱮᱥᱠᱚᱞᱟᱨᱥᱤᱯ ᱫᱚ ᱛᱤᱱᱟᱹᱜ ᱫᱤᱱ ᱫᱷᱟᱹᱵᱤᱡ ᱪᱟᱞᱟᱣᱚᱜᱼᱟ?
128,छात्रवृत्ति सम्पूर्ण शैक्षणिक वर्ष /पाठ्यक्रम के लिए दी जाएगी।,ᱥᱠᱚᱞᱟᱨᱥᱤᱯ ᱫᱚ ᱯᱩᱨᱟᱹ ᱮᱠᱟᱰᱮᱢᱤᱠ ᱥᱮᱨᱢᱟ/ᱠᱳᱨᱥ ᱞᱟᱹᱜᱤᱫᱽ ᱮᱢᱚᱜᱚᱜᱽᱼᱟ ᱾,ᱥᱮᱪᱮᱫ ᱥᱮᱨᱢᱟ/ᱠᱳᱥᱥ ᱨᱮᱭᱟᱜ ᱥᱟᱱᱟᱢ ᱚᱠᱛᱚ ᱞᱟᱹᱜᱤᱫ ᱮᱥᱠᱚᱞᱟᱨᱥᱤᱯ ᱮᱢ ᱦᱩᱭᱩᱜᱼᱟ ᱾
129,"और पूरे शैक्षणिक वर्ष के लिए रखरखाव भत्ते के रूप में रु.10,000/- की एक मुश्त राशि होस्टल में रहने वालों के लिए और गैर छात्रावासी विद्यार्थियों के लिए रु.5,000/-की एक मुश्त राशि दी जाएगी।","ᱟᱨ ᱧᱮᱞᱡᱚᱛᱚᱱ ᱵᱷᱟᱛᱟ ᱞᱮᱠᱟᱛᱮ ᱦᱳᱥᱴᱮᱞᱟᱨᱠᱩ ᱞᱟᱹᱜᱤᱫᱽ ᱢᱤᱫᱽ ᱮᱠᱟᱰᱮᱢᱤᱠ ᱥᱮᱨᱢᱟᱨᱮ ᱑᱐,᱐᱐᱐/ᱼ ᱴᱟᱠᱟ ᱟᱨ ᱫᱤᱱᱟᱹᱢ ᱥᱠᱚᱞᱟᱨᱠᱩ ᱞᱟᱹᱜᱤᱫᱽ ᱕,᱐᱐᱐/ᱼ ᱴᱟᱠᱟ ᱡᱩᱲᱩ ᱛᱷᱚᱠ ᱞᱮᱠᱟᱛᱮ ᱮᱢᱚᱜᱚᱜᱽᱼᱟ ᱾","ᱟᱨ ᱥᱟᱱᱟᱢ ᱥᱮᱪᱮᱫ ᱥᱮᱨᱢᱟ ᱞᱟᱹᱜᱤᱫ ᱫᱚᱦᱚ ᱨᱮᱭᱟᱜ ᱯᱚᱨᱤᱢᱟᱱ ᱞᱮᱠᱟᱛᱮ <ᱟᱭ ᱰᱤ 1>, 000/ᱼ ᱨᱮᱭᱟᱜ ᱢᱤᱫᱴᱟᱝ ᱯᱚᱨᱤᱢᱟᱱ ᱦᱳᱥᱴᱮᱞ ᱨᱮ ᱛᱟᱦᱮᱸᱱ ᱠᱚ ᱞᱟᱹᱜᱤᱫ ᱟᱨ ᱵᱮᱼᱥᱴᱮᱱᱰᱮᱱᱴ ᱥᱮᱪᱮᱫᱤᱭᱟᱹ ᱠᱚ ᱞᱟᱹᱜᱤᱫ ₹. 5,000/ᱼ ᱨᱮᱭᱟᱜ ᱢᱤᱫᱴᱟᱝ ᱯᱚᱨᱤᱢᱟᱱ ᱯᱚᱨᱤᱢᱟᱱ ᱮᱢ ᱦᱩᱭᱩᱜᱼᱟ ᱾"
130,बढ़िया है! तो इस छात्रवृत्ति के लिए कैसे अप्लाई करना चाहिए?,ᱟᱹᱰᱤ ᱢᱚᱡᱽ ! ᱥᱠᱚᱞᱟᱨᱥᱤᱯ ᱞᱟᱹᱜᱤᱫᱽ ᱪᱮᱠᱟᱛᱮ ᱟᱨᱡᱤ ᱜᱟᱱᱚᱜᱽᱼᱟ ?,ᱟᱹᱰᱤ ᱱᱟᱯᱟᱭ! ᱚᱱᱟᱛᱮ ᱱᱚᱶᱟ ᱮᱥᱠᱚᱞᱟᱨᱥᱤᱯ ᱞᱟᱹᱜᱤᱫ ᱪᱮᱫ ᱞᱮᱠᱟᱛᱮ ᱟᱨᱡᱤ ᱦᱩᱭᱩᱜᱼᱟ?
131,यह योजना राष्ट्रीय छात्रवृत्ति पोर्टल (एन.एस.पी.) के माध्यम से लागू की जाती है।,ᱥᱠᱤᱢ ᱫᱚ ᱱᱮᱥᱚᱱᱟᱞ ᱥᱠᱚᱞᱟᱨᱥᱤᱯ ᱯᱳᱨᱴᱟᱞ (ᱮᱱᱮᱥᱯᱤ) ᱛᱚᱨᱚᱯ ᱠᱷᱚᱱ ᱞᱟᱹᱜᱩᱣᱟᱠᱟᱱᱟ ᱾,ᱱᱚᱶᱟ ᱯᱚᱨᱤᱠᱚᱞ ᱫᱚ ᱡᱟᱹᱛᱤᱭᱟᱹᱨᱤ ᱮᱥᱠᱚᱞᱟᱨᱥᱤᱯ ᱯᱳᱨᱴᱟᱞ (<ᱟᱭ ᱰᱤ 1>.) ᱛᱟᱞᱟᱛᱮ ᱵᱮᱣᱦᱟᱨ ᱦᱩᱭᱩᱜᱼᱟ ᱾
132,यह सभी छात्रों के लिए अनिवार्य है कि वे ऑनलाइन आवेदन www.scholarships.gov.in वेबसाइट पर भरें।,ᱱᱤᱭᱟᱹ ᱫᱚ ᱡᱚᱛᱚ ᱯᱟᱹᱴᱷᱣᱟᱹᱠᱩ ᱰᱟᱵᱞᱩᱰᱟᱵᱞᱩᱰᱟᱵᱞᱩᱹᱥᱠᱚᱞᱟᱨᱥᱤᱯᱹᱜᱚᱵᱷᱹᱤᱱ ᱞᱮᱠᱟᱱ ᱳᱣᱮᱵᱥᱟᱭᱤᱴᱨᱮ ᱚᱱᱞᱟᱭᱤᱱᱛᱮ ᱟᱹᱨᱡᱤᱭ ᱫᱚ ᱜᱚᱬᱦᱮᱭᱟᱱᱜᱮᱭᱟ ᱾,ᱥᱟᱱᱟᱢ ᱥᱮᱪᱮᱫᱤᱭᱟᱹ ᱠᱚ ᱞᱟᱹᱜᱤᱫ ᱱᱚᱶᱟ ᱫᱚ ᱞᱟᱹᱠᱛᱤ ᱠᱟᱱᱟ ᱡᱮ ᱩᱱᱠᱩ www.scholarships.gov.in ᱳᱭᱮᱵᱽᱥᱟᱭᱤᱴ ᱨᱮ ᱚᱱᱞᱟᱭᱤᱱ ᱟᱨᱡᱤ ᱠᱚ ᱯᱮᱨᱮᱪ ᱢᱮ ᱾
133,यह उनके लिए उपयोगी होगा।,ᱱᱤᱭᱟᱹ ᱫᱚ ᱩᱝᱠᱩ ᱞᱟᱹᱜᱤᱫᱽ ᱞᱟᱹᱜᱽᱛᱤᱭᱟᱱᱟᱜᱽ ᱦᱩᱭᱩᱜᱽᱼᱟ ᱾,ᱱᱚᱶᱟ ᱫᱚ ᱩᱱᱠᱩ ᱞᱟᱹᱜᱤᱫ ᱵᱮᱣᱦᱟᱨᱚᱜᱼᱟ ᱾
134,आप और विवरण राष्ट्रीय छात्रवृत्ति पोर्टल (एन.एस.पी.) से डाउनलोड कर सकते हैं।,ᱟᱢ ᱫᱚ ᱱᱮᱥᱚᱱᱟᱞ ᱥᱠᱚᱞᱟᱨᱥᱤᱯ ᱯᱳᱨᱴᱟᱞ ᱠᱷᱚᱱ ᱟᱨᱦᱚᱸ ᱵᱤᱪᱷᱱᱟᱹᱣᱛᱮᱢ ᱰᱟᱭᱩᱱᱞᱳᱰ ᱫᱟᱲᱮᱭᱟᱜᱽᱼᱟ ᱾,ᱟᱢ ᱡᱟᱹᱛᱤᱭᱟᱹᱨᱤ ᱮᱥᱠᱚᱞᱟᱨᱥᱤᱯ ᱯᱳᱨᱴᱟᱞ (<ᱟᱭ ᱰᱤ 1>.) ᱠᱷᱚᱱ ᱟᱨᱦᱚᱸ ᱵᱚᱨᱱᱚᱱ ᱰᱟᱣᱩᱱᱞᱳᱰ ᱫᱟᱲᱮᱭᱟᱜᱼᱟ ᱾
135,"ठीक है, सर। बहुत-बहुत धन्यवाद!","ᱥᱟᱹᱨᱤᱜᱤ, ᱢᱟᱦᱟᱥᱚᱭ ᱾ ᱟᱭᱢᱟ ᱟᱭᱢᱟ ᱥᱟᱨᱦᱟᱣ !","ᱟᱢ, ᱥᱟᱨ ᱾ ᱟᱹᱰᱤ ᱜᱟᱱ ᱥᱟᱨᱦᱟᱰ ᱾"
136,स्वागत है।,ᱟᱢᱟᱜᱽ ᱥᱟᱹᱜᱩᱱ ᱫᱟᱨᱟᱢ ᱾,ᱟᱢ ᱫᱚ ᱥᱟᱨᱦᱟᱶ ᱮᱢ ᱢᱮ ᱾
137,"नमस्कार, अगले महीने मेरी शादी होने वाली है।","ᱦᱮᱞᱳ, ᱫᱟᱨᱟᱭ ᱪᱟᱸᱫᱳ ᱨᱮ ᱤᱧᱟᱹᱜ ᱵᱟᱯᱞᱟ ᱦᱩᱭᱩᱜ ᱠᱟᱱᱟ ᱾","ᱦᱚᱞᱮᱹᱠ, ᱤᱧ ᱫᱚᱥᱟᱨ ᱪᱟᱸᱫᱳ ᱨᱮ ᱵᱟᱯᱞᱟ ᱦᱩᱭᱩᱜ ᱠᱟᱱᱟ ᱾"
138,क्या आप मुझे उसके लिए ज़रूरी कानूनी प्रोसीजर बता सकेंगे?,ᱟᱢ ᱪᱮᱫ ᱫᱟᱭᱟ ᱠᱟᱛᱮ ᱤᱧ ᱟᱹᱱ ᱦᱚᱨᱟ ᱵᱟᱨᱮᱛᱮᱢ ᱜᱟᱭᱤᱰ ᱫᱟᱲᱮ ᱟᱹᱧᱟ ?,ᱟᱢ ᱠᱤ ᱤᱧ ᱩᱱᱤ ᱞᱟᱹᱜᱤᱫ ᱞᱟᱹᱠᱛᱤ ᱟᱱᱟᱜ ᱟᱹᱱ ᱦᱚᱨᱟ ᱞᱟᱹᱭ ᱫᱟᱲᱮᱭᱟᱜᱼᱟᱢ?
139,मैं अपनी शादी को वैध कानूनी रूप किस प्रकार से दे सकती हूँ?,ᱤᱧ ᱪᱮᱠᱟ ᱞᱮᱠᱟᱛᱮ ᱤᱧᱟᱹᱜ ᱵᱟᱯᱞᱟ ᱫᱚ ᱢᱤᱫᱴᱟᱝ ᱟᱹᱨᱤᱭᱟᱱ ᱟᱹᱱ ᱦᱮᱱᱟᱜ ᱛᱮᱫ ᱫᱟᱲᱮᱭᱟᱜᱼᱟᱧ ᱾,ᱤᱧ ᱪᱮᱫ ᱞᱮᱠᱟᱛᱮ ᱤᱧᱟᱹᱜ ᱵᱟᱯᱞᱟ ᱫᱚ ᱟᱹᱱ ᱞᱮᱠᱟᱛᱮ ᱮᱢ ᱫᱟᱲᱮᱭᱟᱜᱼᱟ?
140,किसी भी विवाह को कानूनी रूप से वैध माने जाने के लिए उसका रजिस्ट्रेशन कराना जरूरी है।,ᱢᱤᱫᱴᱟᱝ ᱵᱟᱯᱞᱟ ᱟᱹᱨᱤᱭᱟᱱ ᱥᱤᱠᱟᱹᱨ ᱠᱚᱨᱟᱣ ᱞᱟᱹᱜᱤᱫ ᱱᱤᱦᱟᱹᱛ ᱜᱮ ᱴᱷᱟᱲᱚ ᱜᱚᱴᱟ ᱦᱩᱭᱩᱜᱼᱟ ᱾,ᱡᱟᱦᱟᱱ ᱵᱟᱯᱞᱟ ᱫᱚ ᱟᱹᱱ ᱞᱮᱠᱟᱛᱮ ᱟᱹᱱ ᱟᱱᱟᱜ ᱢᱮᱱᱛᱮ ᱢᱚᱱᱮ ᱦᱩᱭᱩᱜ ᱞᱟᱹᱜᱤᱫ ᱱᱚᱶᱟ ᱫᱚ ᱨᱮᱡᱤᱥᱴᱟᱨ ᱠᱚᱨᱟᱣ ᱞᱟᱹᱠᱛᱤ ᱠᱟᱱᱟ ᱾
141,विवाह के रजिस्ट्रेशन की प्रक्रिया तब समाप्त होती है जब दूल्हा-दुल्हन को विवाह का प्रमाणपत्र मिल जाता है।,ᱵᱟᱯᱞᱟ ᱴᱷᱟᱲᱚᱜᱚᱴᱟᱭ ᱦᱚᱨᱟ ᱡᱟᱶᱟᱭ ᱟᱨ ᱡᱟᱶᱟᱭ ᱢᱤᱫᱴᱟᱝ ᱵᱟᱯᱞᱟ ᱨᱮᱭᱟᱜ ᱥᱤᱫ ᱥᱟᱠᱟᱢ ᱧᱟᱱᱟᱢ ᱛᱟᱞᱟᱛᱮ ᱢᱩᱪᱟᱹᱫ ᱮᱱᱟ ᱾,ᱵᱟᱯᱞᱟ ᱨᱮᱭᱟᱜ ᱨᱮᱡᱤᱥᱴᱟᱨ ᱨᱮᱭᱟᱜ ᱦᱚᱨᱟ ᱢᱩᱪᱟᱹᱫᱚᱜᱼᱟ ᱡᱚᱠᱷᱚᱱ ᱵᱟᱯᱞᱟ ᱨᱮᱭᱟᱜ ᱥᱟᱨᱴᱤᱯᱷᱤᱠᱮᱴ ᱧᱟᱢᱼᱟ ᱾
142,मुझे विवाह का प्रमाणपत्र कैसे मिलेगा?,ᱤᱧ ᱪᱮᱫ ᱞᱮᱠᱟᱛᱮ ᱢᱤᱫᱴᱟᱝ ᱵᱟᱯᱞᱟ ᱥᱤᱫ ᱥᱟᱠᱟᱢ ᱤᱧ ᱧᱟᱢ ᱫᱟᱲᱮᱭᱟᱜᱼᱟ ?,ᱤᱧ ᱪᱮᱫ ᱞᱮᱠᱟᱛᱮ ᱵᱟᱯᱞᱟ ᱨᱮᱭᱟᱜ ᱥᱟᱨᱴᱤᱯᱷᱤᱠᱮᱴᱧ ᱧᱟᱢ ᱫᱟᱲᱮᱭᱟᱜᱼᱟ?
143,आपको अपनी शादी का रजिस्ट्रेशन कराने के लिए आवेदन करते हुए एक एफिडेविट जमा करना होगा।,ᱟᱢᱟᱜ ᱵᱟᱯᱞᱟ ᱴᱷᱟᱲᱚᱜᱚᱴᱟᱭ ᱞᱟᱹᱜᱤᱫ ᱟᱢ ᱢᱤᱫᱴᱟᱝ ᱦᱚᱞᱚᱯᱱᱟᱢᱟ ᱡᱚᱢᱟ ᱦᱩᱭᱩᱜ ᱛᱟᱢᱟ ᱾,ᱟᱢᱟᱜ ᱵᱟᱯᱞᱟ ᱨᱮᱡᱤᱥᱴᱟᱨ ᱞᱟᱹᱜᱤᱫ ᱟᱢ ᱟᱨᱡᱤ ᱠᱚᱨᱟᱣ ᱚᱠᱛᱚ ᱢᱤᱫᱴᱟᱝ ᱮᱯᱷᱤᱰᱮᱵᱷᱤᱴ ᱮᱢ ᱦᱩᱭᱩᱜ ᱛᱟᱢᱟ ᱾
144,वर-वधू अपने विवाह के लिए संयुक्त एफिडेविट जमा कर सकते हैं या फिर अलग-अलग एफिडेविट भी जमा कर सकते हैं।,"ᱢᱤᱫᱴᱟᱝ ᱡᱩᱨᱩᱯᱟᱹᱨᱤ ᱟᱠᱤᱱᱟᱜ ᱵᱟᱯᱞᱟ ᱞᱟᱹᱜᱤᱫ ᱢᱤᱫᱴᱟᱝ ᱢᱤᱫ ᱠᱟᱛᱮ ᱦᱚᱯᱚᱯᱱᱟᱢᱟ ᱡᱚᱢᱟ ᱫᱟᱲᱮᱭᱟᱜᱼᱟᱢ, ᱵᱟᱝᱠᱷᱟᱱ ᱩᱱᱠᱩ ᱢᱤᱫᱴᱟᱝ ᱵᱷᱮᱜᱟᱨ ᱦᱚᱞᱚᱯᱱᱟᱢᱟ ᱡᱚᱢᱟ ᱞᱟᱹᱜᱤᱫ ᱵᱟᱪᱷᱟᱣ ᱫᱟᱲᱮᱭᱟᱜᱼᱟᱢ ᱾",ᱵᱟᱹᱦᱩ ᱟᱨ ᱵᱟᱹᱦᱩ ᱫᱚ ᱩᱱᱠᱩᱭᱟᱜ ᱵᱟᱯᱞᱟ ᱞᱟᱹᱜᱤᱫ ᱡᱳᱴ ᱮᱯᱷᱤᱰᱮᱵᱷᱤᱴ ᱮᱢ ᱫᱟᱲᱮᱭᱟᱜᱼᱟ ᱥᱮ ᱵᱷᱮᱜᱟᱨ ᱮᱯᱷᱤᱰᱮᱵᱷᱤᱴ ᱮᱢ ᱫᱟᱲᱮᱭᱟᱜᱼᱟ ᱾
145,क्या इन दोनों में कोई फर्क है?,ᱵᱟᱱᱟᱨ ᱛᱟᱞᱟᱨᱮ ᱡᱟᱦᱟᱸᱱ ᱵᱷᱮᱜᱮᱫ ᱢᱮᱱᱟᱜᱼᱟ ᱪᱮᱫ ?,ᱱᱚᱶᱟ ᱵᱟᱱᱟᱨ ᱢᱩᱫ ᱨᱮ ᱪᱮᱫ ᱵᱷᱮᱜᱟᱨ ᱢᱮᱱᱟᱜᱼᱟ?
146,कुछ ज्यादा फर्क नहीं होता लेकिन कुछ राज्यों में संयुक्त एफिडेविट जमा करना अनिवार्य है।,"ᱩᱫᱩᱜᱥᱚᱫᱚᱨ ᱞᱮᱠᱟᱛᱮ ᱩᱱᱟᱹᱜ ᱫᱚ ᱵᱟᱝ, ᱢᱮᱱᱠᱷᱟᱱ ᱠᱟᱹᱪ ᱯᱚᱱᱚᱛ ᱢᱤᱫᱴᱟᱝ ᱢᱤᱫᱟᱠᱟᱱ ᱦᱚᱞᱚᱯᱱᱟᱢᱟ ᱡᱚᱢᱟ ᱮᱢᱚᱜ ᱠᱚ ᱵᱚᱲᱦᱮ ᱠᱮᱫᱮᱭᱟ ᱾","ᱠᱤᱪᱷᱩ ᱟᱹᱰᱤ ᱡᱟᱹᱥᱛᱤ ᱵᱟᱝ ᱦᱩᱭᱩᱜᱼᱟ, ᱢᱮᱱᱠᱷᱟᱱ ᱠᱤᱪᱷᱩᱠ ᱯᱚᱱᱚᱛ ᱨᱮ ᱡᱳᱴ ᱮᱯᱷᱤᱰᱮᱵᱷᱤᱴ ᱮᱢ ᱦᱩᱭᱩᱜ ᱞᱟᱹᱠᱛᱤ ᱠᱟᱱᱟ ᱾"
147,"अच्छा, तो शादी का रजिस्ट्रेशन कराने के लिए संयुक्त एफिडेविट भरने के क्या-क्या चरण होते हैं?","ᱡᱚᱛᱷᱟ ᱜᱮᱭᱟ, ᱵᱟᱯᱞᱟ ᱴᱷᱟᱲᱚ ᱜᱚᱴᱟᱭ ᱞᱟᱹᱜᱤᱫ ᱢᱤᱫᱟᱠᱟᱱ ᱦᱚᱞᱚᱯᱱᱟᱢᱟ ᱫᱟᱠᱷᱤᱞ ᱠᱚᱨᱟᱣ ᱞᱟᱹᱜᱤᱫ ᱯᱟᱹᱣᱲᱤᱠᱚ ᱪᱮᱫ ᱪᱮᱫ ?","ᱱᱟᱯᱟᱭ, ᱚᱱᱟᱛᱮ ᱵᱟᱯᱞᱟ ᱨᱮᱡᱤᱥᱴᱟᱨ ᱞᱟᱹᱜᱤᱫ ᱡᱳᱴ ᱮᱯᱷᱤᱰᱮᱵᱷᱤᱴ ᱯᱮᱨᱮᱪ ᱠᱚᱨᱟᱣ ᱨᱮᱭᱟᱜ ᱪᱮᱫ ᱦᱚᱨᱟ ᱢᱮᱱᱟᱜᱼᱟ?"
148,"भारत में शादियाँ दो अधिनियमों के तहत रजिस्टर की जा सकती हैं, विशेष विवाह अधिनियम 1954 और हिंदू विवाह अधिनियम 1955.","ᱵᱷᱟᱨᱚᱛ ᱨᱮ ᱵᱟᱨᱭᱟ ᱟᱹᱱ ᱨᱮᱭᱟᱜ ᱟᱶᱛᱟ ᱨᱮ ᱵᱟᱯᱞᱟ ᱴᱷᱟᱲᱚᱜᱚᱴᱟᱭ ᱠᱚᱨᱟᱣ ᱜᱟᱱᱚᱜᱼᱟ, ᱑᱙᱕᱔ ᱥᱟᱹᱦᱤᱛ ᱨᱮᱭᱟᱜ ᱥᱚᱨᱮᱥ ᱵᱟᱯᱞᱟ ᱟᱹᱱ ᱟᱨ ᱑᱙᱕᱕ ᱥᱟᱹᱦᱤᱛ ᱨᱮᱭᱟᱜ ᱦᱤᱱᱫᱩ ᱵᱟᱯᱞᱟ ᱟᱹᱱ ᱾","ᱵᱷᱟᱨᱚᱛ ᱨᱮ ᱵᱟᱨᱭᱟ ᱟᱹᱱ ᱨᱮᱭᱟᱜ ᱟᱶᱛᱟ ᱨᱮ ᱵᱟᱯᱞᱟ ᱠᱚ ᱨᱮᱡᱤᱥᱴᱟᱨ ᱠᱚᱨᱟᱣ ᱦᱳᱭᱳᱜᱼᱟ, 1954 ᱥᱟᱹᱦᱤᱛ ᱨᱮᱭᱟᱜ اسپیشل ᱵᱟᱯᱞᱟ ᱟᱹᱱ ᱟᱨ 1955 ᱥᱟᱹᱦᱤᱛ ᱨᱮᱭᱟᱜ ᱦᱤᱱᱫᱩ ᱵᱟᱯᱞᱟ ᱟᱹᱱ ᱾"
149,पहले वाला सभी पर लागू होता है चाहे वे किसी भी मत या धर्म के हों और इसमें विदेशों में रहने वाले भारतीय नागरिक भी शामिल हैं।,"ᱯᱩᱭᱞᱩᱣᱟᱜ ᱫᱚ ᱩᱱᱠᱩᱣᱟᱜ ᱯᱟᱹᱛᱭᱟᱹᱣ ᱥᱮ ᱫᱷᱚᱨᱚᱢ ᱢᱩᱪᱟᱹᱫ ᱞᱮᱠᱟᱛᱮ ᱡᱚᱛᱚᱦᱚᱲ ᱞᱟᱹᱜᱤᱫ ᱞᱟᱹᱠᱛᱤᱭᱟᱱ, ᱟᱨ ᱱᱚᱶᱟ ᱵᱤᱞᱟᱹᱛ ᱨᱮ ᱜᱤᱨᱟᱹᱵᱟᱹᱥᱤ ᱟᱠᱟᱱ ᱵᱷᱟᱨᱚᱛᱤᱭᱟᱹ ᱱᱟᱜᱚᱨᱤᱭᱟᱹᱠᱚ ᱥᱮᱞᱮᱫ ᱞᱮᱫ ᱠᱚᱣᱟ ᱾","ᱯᱳᱭᱞᱳ ᱫᱚ ᱥᱟᱱᱟᱢ ᱠᱚ ᱞᱟᱹᱜᱤᱫ ᱜᱮ ᱵᱮᱣᱦᱟᱨᱚᱜᱼᱟ, ᱩᱱᱠᱩ ᱡᱟᱦᱟᱸ ᱞᱮᱠᱟᱱ ᱫᱷᱚᱨᱚᱢ ᱥᱮ ᱫᱷᱚᱨᱚᱢ ᱨᱮ ᱢᱮᱱᱟᱜ ᱠᱚᱣᱟ ᱟᱨ ᱮᱴᱟᱜ ᱫᱤᱥᱚᱢ ᱨᱮ ᱢᱮᱱᱟᱜ ᱵᱷᱟᱨᱚᱛ ᱨᱮᱱ ᱦᱚᱲ ᱠᱚ ᱥᱮᱞᱮᱫ ᱛᱟᱦᱮᱸ ᱠᱟᱱᱟ ᱾"
150,अंतर्धार्मिक विवाह भी इसी अधिनियम के तहत रजिस्टर किए जाते हैं।,ᱵᱷᱤᱛᱟᱹᱨᱫᱷᱚᱨᱚᱢ ᱨᱮᱭᱟᱜ ᱵᱟᱯᱞᱟ ᱦᱚᱸ ᱚᱱᱟ ᱟᱹᱱ ᱨᱮᱭᱟᱜ ᱟᱶᱛᱟᱨᱮ ᱴᱷᱟᱲᱚᱜᱚᱴᱟ ᱦᱩᱭᱩᱜ ᱛᱟᱢᱟ ᱾,ᱢᱤᱫ ᱟᱹᱱ ᱨᱮᱭᱟᱜ ᱟᱶᱛᱟ ᱨᱮ ᱚᱱᱛᱚᱡᱤᱛ ᱵᱟᱯᱞᱟ ᱦᱚᱸ ᱨᱮᱡᱤᱥᱴᱟᱨ ᱦᱳᱭᱳᱜᱼᱟ ᱾
151,"दूसरा वाला दो हिंदुओं पर लागू होता है जिनमें जैन, बौद्ध और सिख भी आ जाते हैं।","ᱛᱟᱭᱚᱢ ᱛᱮᱭᱟᱜ ᱫᱚ ᱵᱟᱨᱭᱟ ᱦᱤᱱᱫᱩ ᱞᱟᱹᱜᱤᱫ ᱢᱤᱫᱴᱟᱝ ᱠᱟᱹᱢᱤ, ᱡᱟᱦᱟᱸ ᱡᱚᱭᱱᱚ,ᱵᱚᱭᱫᱽᱷᱚ ᱟᱨ ᱥᱤᱠᱷ ᱠᱚ ᱞᱟᱹᱜᱤᱫ ᱯᱟᱥᱱᱟᱣ ᱾","ᱫᱚᱥᱟᱨ ᱫᱚ ᱵᱟᱨᱭᱟ ᱦᱤᱱᱫᱩ ᱪᱮᱛᱟᱱ ᱨᱮ ᱵᱮᱣᱦᱟᱨᱚᱜᱼᱟ, ᱡᱟᱦᱟᱸᱭᱠᱚ ᱢᱩᱫᱨᱮ ᱡᱳᱭᱱᱚ, ᱵᱳᱣᱫᱷᱚ ᱟᱨ ᱥᱤᱠᱷ ᱦᱚᱸ ᱥᱮᱞᱮᱫᱚᱜᱼᱟ ᱾"
152,विशेष विवाह अधिनियम के तहत संयुक्त एफिडेविट जमा करने के लिए क्या-क्या करना होता है?,ᱥᱚᱨᱮᱥ ᱵᱟᱯᱞᱟ ᱟᱹᱱ ᱟᱶᱛᱟ ᱨᱮ ᱢᱤᱫᱴᱟᱝ ᱢᱤᱫᱟᱠᱟᱱ ᱦᱚᱞᱚᱯᱱᱟᱢᱟ ᱡᱚᱢᱟ ᱮᱢᱚᱜ ᱞᱟᱹᱜᱤᱫ ᱚᱠᱟ ᱯᱟᱹᱣᱲᱤ ᱠᱚ ᱯᱟᱡᱟᱸᱭ ᱦᱩᱭᱩᱜᱼᱟ ?,اسپیشل ᱵᱟᱯᱞᱟ ᱮᱠᱴ ᱨᱮᱭᱟᱜ ᱟᱶᱛᱟ ᱨᱮ ᱡᱳᱴ ᱮᱯᱷᱤᱰᱮᱵᱷᱤᱴ ᱮᱢ ᱞᱟᱹᱜᱤᱫ ᱪᱮᱫ ᱪᱮᱫ ᱠᱚᱨᱟᱣ ᱦᱩᱭᱩᱜ ᱠᱟᱱᱟ?
153,सबसे पहले होने वाली शादी का नोटिस आपके जिले के विवाह रजिस्ट्रार के यहाँ दर्ज किया जाना चाहिए।,"ᱯᱩᱭᱞᱩ ᱨᱮ, ᱟᱢᱟᱜ ᱯᱚᱱᱚᱛ ᱨᱮ ᱢᱮᱨᱮᱡ ᱨᱮᱡᱤᱥᱴᱟᱨ ᱴᱷᱮᱱ ᱤᱪᱪᱷᱟᱹᱟᱱᱟᱜ ᱵᱟᱯᱞᱟ ᱨᱮᱭᱟᱜ ᱢᱤᱫᱴᱟᱝ ᱧᱮᱛᱮᱞ ᱡᱚᱢᱟ ᱦᱩᱭᱩᱜ ᱛᱟᱢᱟ ᱾",ᱯᱳᱭᱞᱳ ᱵᱟᱯᱞᱟ ᱨᱮᱭᱟᱜ ᱱᱳᱴᱤᱥ ᱫᱚ ᱟᱢᱟᱜ ᱦᱚᱱᱚᱛ ᱨᱮᱭᱟᱜ ᱵᱟᱯᱞᱟ ᱨᱮᱡᱤᱥᱴᱟᱨ ᱴᱷᱮᱱ ᱚᱞ ᱫᱚᱦᱚ ᱞᱟᱹᱠᱛᱤ ᱠᱟᱱᱟ ᱾
154,यह उसी जगह से दर्ज किया जा सकता है जहां दोनों में से कोई भी पक्ष कम से कम तीस दिनों तक रहा हो।,ᱱᱚᱶᱟ ᱫᱚ ᱥᱩᱢᱩᱝ ᱢᱤᱫᱴᱟᱝ ᱡᱟᱭᱜᱟ ᱠᱷᱚᱱ ᱯᱷᱟᱭᱤᱞ ᱠᱚᱨᱟᱣ ᱜᱟᱱᱚᱜᱼᱟ ᱡᱟᱦᱟᱸ ᱨᱮ ᱵᱟᱱᱟᱨ ᱯᱟᱦᱴᱟ ᱠᱚᱢᱠᱟᱨᱛᱮ ᱯᱮ ᱜᱮᱞ ᱞᱟᱹᱜᱤᱫ ᱠᱚ ᱜᱤᱨᱟᱹᱵᱟᱥ ᱟᱠᱟᱱᱟ ᱾,ᱱᱚᱶᱟ ᱫᱚ ᱢᱤᱫ ᱴᱷᱟᱶ ᱠᱷᱚᱱ ᱚᱞ ᱫᱚᱦᱚ ᱦᱳᱭ ᱫᱟᱲᱮᱭᱟᱜᱼᱟ ᱡᱟᱦᱟᱸ ᱨᱮ ᱵᱟᱱᱟᱨ ᱜᱟᱫᱮᱞ ᱜᱮ ᱠᱚᱢ ᱠᱷᱚᱱ ᱠᱚᱢ ᱯᱮ ᱢᱟᱦᱟ ᱫᱷᱟᱹᱵᱤᱡ ᱛᱟᱦᱮᱸ ᱠᱟᱱᱟ ᱾
155,यह नोटिस फिर रजिस्ट्रार के ऑफिस के नोटिस बोर्ड पर लगाया जाता है जिससे अगर किसी को भी इस शादी से एतराज हो तो वह अपनी आपत्ति पेश कर सके।,ᱱᱚᱶᱟ ᱱᱳᱴᱤᱥ ᱫᱚ ᱩᱱᱚᱠᱛᱮ ᱨᱮᱡᱤᱥᱴᱟᱨ ᱚᱯᱷᱤᱥ ᱨᱮ ᱱᱳᱴᱤᱥ ᱵᱳᱨᱰ ᱨᱮ ᱩᱫᱩᱜᱥᱚᱫᱚᱨ ᱦᱩᱭᱩᱜ ᱡᱟᱦᱟᱸᱛᱮ ᱡᱳᱴᱠᱚ ᱵᱤᱨᱩᱫ ᱨᱮ ᱟᱯᱚᱛᱛᱤ ᱠᱟᱛᱮ ᱱᱚᱝᱠᱟᱱ ᱡᱟᱦᱟᱸᱞᱮᱠᱟᱱ ᱟᱯᱱᱟᱨ ᱟᱱᱟᱜ ᱞᱟᱦᱟ ᱦᱮᱡᱩᱜ ᱟᱭ ᱾,ᱚᱱᱟ ᱛᱟᱭᱚᱢ ᱱᱳᱴᱤᱥ ᱫᱚ ᱨᱮᱡᱤᱥᱴᱟᱨ ᱟᱜ ᱚᱯᱷᱤᱥ ᱨᱮᱭᱟᱜ ᱱᱳᱴᱤᱥ ᱵᱳᱨᱰ ᱨᱮ ᱮᱢ ᱦᱳᱭᱳᱜᱼᱟ ᱡᱟᱦᱟᱸᱛᱮ ᱡᱟᱦᱟᱸᱭ ᱱᱚᱶᱟ ᱵᱟᱯᱞᱟ ᱨᱮ ᱚᱵᱷᱟᱵᱽ ᱮ ᱥᱚᱫᱚᱨ ᱫᱟᱲᱮᱭᱟᱜᱼᱟ ᱾
156,अगर 30 दिनों के भीतर शादी के खिलाफ कोई आपत्ति पेश नहीं की जाती तो क्या फिर शादी विधिपूर्वक सम्पन्न की जा सकती है?,"ᱡᱚᱫᱤ ᱡᱟᱦᱟᱸᱭ ᱓᱐ ᱢᱟᱦᱟ ᱢᱩᱫᱽᱨᱮ ᱡᱳᱴᱨᱮ ᱵᱟᱝᱠᱚ ᱟᱯᱚᱛᱛᱤᱭᱟ , ᱮᱱᱠᱷᱟᱱ ᱪᱮᱫ ᱵᱟᱯᱞᱟ ᱦᱩᱭᱩᱜᱼᱟ ?","30 ᱢᱟᱦᱟ ᱢᱩᱫᱨᱮ ᱡᱩᱫᱤ ᱵᱟᱯᱞᱟ ᱵᱤᱨᱩᱫᱷ ᱨᱮ ᱡᱟᱦᱟᱱ ᱚᱵᱷᱟᱵᱽ ᱵᱟᱝ ᱮᱢ ᱦᱳᱭᱳᱜᱼᱟ, ᱮᱱᱠᱷᱟᱱ ᱟᱨᱦᱚᱸ ᱵᱟᱯᱞᱟ ᱫᱚ ᱟᱹᱱ ᱞᱮᱠᱟᱛᱮ ᱠᱚᱨᱟᱣ ᱦᱳᱭᱳᱜᱼᱟ ᱥᱮ ᱵᱟᱝ?"
157,"हाँ, दूल्हा और दुल्हन को प्रत्येक पक्ष के 3 गवाहों की मौजूदगी में शादी करने के लिए ऑफिस में बुलाया जाता है।","ᱦᱮᱸ, ᱡᱟᱶᱟᱭ ᱟᱨ ᱵᱟᱹᱦᱩ ᱵᱟᱱᱟᱨ ᱯᱟᱦᱴᱟ ᱨᱮᱱ ᱓ ᱦᱚᱲ ᱥᱟᱹᱠᱷᱤᱭᱟᱜ ᱦᱮᱡᱥᱮᱴᱮᱨ ᱨᱮ ᱩᱱᱠᱤᱱᱟᱜ ᱵᱟᱯᱞᱟ ᱨᱮᱭᱟᱜ ᱟᱠᱷᱟᱲᱟ ᱞᱟᱹᱜᱤᱫ ᱚᱯᱷᱤᱥ ᱨᱮ ᱠᱚ ᱦᱚᱦᱚᱣᱟᱜ ᱠᱤᱱᱟᱹ ᱾","ᱦᱩᱭᱩᱜ ᱠᱟᱱᱟ, ᱵᱟᱨᱮᱛᱮ ᱵᱟᱨᱮᱛᱮ ᱵᱟᱨᱮᱛᱮ ᱵᱟᱨᱮᱛᱮ ᱵᱟᱨᱮᱛᱮ ᱵᱟᱨᱮᱛᱮ ᱵᱟᱨᱮᱛᱮ ᱵᱟᱨᱮᱛᱮ ᱵᱟᱨᱮᱛᱮ ᱵᱟᱨᱮᱛᱮ ᱵᱟᱨᱮᱛᱮ ᱵᱟᱨᱮᱛᱮ ᱵᱟᱨᱮᱛᱮ ᱵᱟᱨᱮᱛᱮ ᱵᱟᱨᱮᱛᱮ ᱵᱟᱨᱮᱛᱮ ᱵᱟᱨᱮᱛᱮ ᱵᱟᱨᱮᱛᱮ ᱵᱟᱨᱮᱛᱮ ᱵᱟᱨᱮᱛᱮ ᱵᱟᱨᱮᱛᱮ ᱵᱟᱨᱮᱛᱮ ᱵᱟᱨᱮᱛᱮ ᱵᱟᱨᱮᱛᱮ ᱵᱟᱨᱮᱛᱮ ᱵᱟᱨᱮᱛᱮ ᱵᱟᱨᱮᱛᱮ ᱵᱟᱨᱮᱛᱮ ᱵᱟᱨᱮᱛᱮ ᱵᱟᱨᱮᱛᱮ ᱵᱟᱨᱮᱛᱮ ᱵᱟᱨᱮᱛᱮ ᱵᱟᱨᱮᱛᱮ ᱵᱟᱨᱮᱛᱮ ᱵᱟᱨᱮᱛᱮ ᱵᱟᱨᱮᱛᱮ ᱵᱟᱨᱮᱛᱮ ᱵᱟᱨᱮᱛᱮ ᱵᱟᱨᱮᱛᱮ ᱵᱟᱨᱮᱛᱮ ᱵᱟᱨᱮᱛᱮ ᱵᱟᱨᱮ"
158,इन छः के छः गवाहों को रजिस्टर में हस्ताक्षर करने होते हैं।,ᱱᱩᱠᱩ ᱛᱩᱨᱩᱭᱦᱚᱲ ᱥᱟᱹᱠᱷᱤᱭᱟᱜ ᱡᱚᱛᱚᱜᱮ ᱨᱮᱡᱤᱥᱴᱟᱨ ᱨᱮ ᱥᱩᱦᱤ ᱦᱩᱭᱩᱜᱼᱟ ᱾,ᱱᱚᱶᱟ ᱛᱩᱨᱩᱭ ᱜᱚᱴᱟᱝ ᱠᱷᱚᱱ ᱛᱩᱨᱩᱭ ᱜᱚᱴᱟᱝ ᱥᱟᱹᱠᱷᱤ ᱨᱮᱡᱤᱥᱴᱟᱨ ᱨᱮ ᱥᱟᱭᱤᱱ ᱠᱚᱨᱟᱣ ᱦᱩᱭᱩᱜ ᱛᱟᱢᱟ ᱾
159,ये हिंदू विवाह अधिनियम की प्रक्रिया से किस प्रकार से अलग है?,ᱪᱮᱫ ᱞᱮᱠᱟᱛᱮ ᱦᱤᱱᱫᱩ ᱵᱟᱯᱞᱟ ᱟᱹᱱ ᱞᱟᱹᱜᱤᱫ ᱦᱚᱨᱟ ᱵᱷᱮᱜᱟᱨ ᱜᱮᱭᱟ ?,ᱦᱤᱱᱫᱩ ᱵᱟᱯᱞᱟ ᱟᱹᱱ ᱨᱮᱭᱟᱜ ᱦᱚᱨᱟ ᱠᱷᱚᱱ ᱱᱚᱶᱟ ᱫᱚ ᱪᱮᱫ ᱞᱮᱠᱟᱛᱮ ᱵᱷᱮᱜᱟᱨ?
160,पति-पत्नी दोनों को एक आवेदन पत्र भरना पड़ता है और उनके विवाह समारोह की दो तस्वीरें तथा शादी का कार्ड जमा करना होता है।,ᱡᱩᱨᱤᱯᱟᱹᱨᱤ ᱫᱚ ᱢᱤᱫᱴᱟᱝ ᱟᱨᱫᱟᱥ ᱥᱟᱠᱟᱢ ᱯᱮᱨᱮᱡ ᱦᱩᱭᱩᱜ ᱛᱟᱢᱟ ᱟᱨ ᱩᱱᱠᱩᱣᱟᱜ ᱵᱟᱯᱞᱟ ᱟᱠᱷᱟᱲᱟ ᱨᱮᱭᱟᱜ ᱵᱟᱨᱭᱟ ᱪᱤᱪᱟᱹᱨ ᱟᱨ ᱱᱚᱶᱟ ᱞᱟᱹᱜᱤᱫ ᱢᱤᱫᱴᱟᱝ ᱱᱮᱣᱛᱟ ᱠᱟᱨᱰ ᱡᱚᱢᱟ ᱦᱩᱭᱩᱜ ᱛᱟᱢᱟ ᱾,ᱵᱟᱯᱞᱟ ᱨᱮᱭᱟᱜ ᱟᱠᱷᱲᱟ ᱨᱮᱭᱟᱜ ᱵᱟᱨᱭᱟ ᱪᱤᱛᱟᱹᱨ ᱟᱨ ᱵᱟᱯᱞᱟ ᱠᱟᱨᱰ ᱮᱢ ᱞᱟᱹᱜᱤᱫ ᱵᱟᱱᱟᱨ ᱵᱟᱯᱞᱟᱤᱭᱟᱹ ᱟᱨ ᱮᱨᱟ ᱢᱤᱫᱴᱟᱝ ᱟᱨᱡᱤ ᱯᱚᱨᱤᱢᱟᱱ ᱯᱮᱨᱮᱪ ᱦᱩᱭᱩᱜ ᱛᱟᱢᱟ ᱾
161,"दोनों पक्षों को अपनी पहचान, उम्र और पते के प्रमाण जमा करने होंगे।","ᱵᱟᱱᱟᱨ ᱯᱟᱦᱴᱟ ᱜᱮ ᱟᱠᱚᱣᱟᱜ ᱩᱯᱨᱩᱢ, ᱩᱢᱮᱨ ᱟᱨ ᱴᱷᱤᱠᱟᱹᱱᱟ ᱨᱮᱭᱟᱜ ᱥᱟᱹᱵᱩᱫ ᱡᱚᱢᱟ ᱦᱩᱭᱩᱜ ᱛᱟᱢᱟ ᱾","ᱵᱟᱱᱟᱨ ᱜᱟᱫᱮᱞ ᱜᱮ ᱩᱱᱠᱩᱭᱟᱜ ᱪᱤᱱᱦᱟᱹ, ᱩᱢᱮᱨ ᱟᱨ ᱧᱩᱛᱩᱢ ᱨᱮᱭᱟᱜ ᱥᱟᱹᱵᱩᱫ ᱮᱢ ᱦᱩᱭᱩᱜ ᱛᱟᱢᱟ ᱾"
162,शादी के समय उन दोनों के कोई जीवित साथी नहीं हैं- इस बात को स्थापित करते अलग-अलग एफिडेविट पहले से नोटरी द्वारा प्रमाणित करा कर जमा करने होंगे।,ᱵᱷᱮᱜᱟᱨ ᱦᱚᱞᱚᱯᱱᱟᱢᱟ ᱨᱚᱲᱥᱚᱫᱚᱨ ᱞᱮᱫᱟᱭ ᱡᱮ ᱵᱟᱯᱞᱟ ᱚᱠᱛᱮ ᱩᱱᱠᱩᱣᱟᱜ ᱚᱠᱟ ᱵᱟᱧᱪᱟᱣ ᱵᱟᱹᱦᱩ ᱵᱟᱱᱩᱭᱟ ᱚᱱᱟ ᱞᱟᱦᱟ ᱱᱳᱴᱟᱨᱤ ᱠᱟᱛᱮ ᱡᱚᱢᱟ ᱦᱩᱭᱩᱜ ᱛᱟᱢᱟ ᱾,"ᱵᱟᱯᱞᱟ ᱚᱠᱛᱮ ᱩᱱᱠᱩ ᱵᱟᱱᱟᱨ ᱨᱮᱱ ᱡᱟᱦᱟᱱ ᱡᱩᱭᱟᱹᱱ ᱜᱟᱛᱮ ᱵᱟᱝ ᱢᱮᱱᱟᱜ ᱠᱚᱣᱟ, ᱚᱱᱟ ᱵᱟᱰᱟᱭ ᱞᱟᱹᱜᱤᱫ ᱛᱮ ᱵᱷᱮᱜᱟᱨ ᱮᱯᱷᱤᱰᱤᱭᱮᱴ ᱠᱚᱫᱚ ᱢᱟᱲᱟᱝ ᱠᱷᱚᱱ ᱜᱮ ᱱᱳᱴᱟᱨᱤ ᱫᱟᱨᱟᱭ ᱛᱮ ᱥᱟᱨᱴᱤᱯᱷᱤᱠᱮᱴ ᱠᱚᱨᱟᱣ ᱦᱳᱭᱳᱜᱼᱟ ᱟᱨ ᱠᱚᱨ ᱮᱢ ᱦᱳᱭᱳᱜᱼᱟ ᱾"
163,क्या कोई समय सीमा है जिस बीच में विवाह का रजिस्ट्रेशन कराना जरूरी है?,ᱚᱠᱟ ᱚᱠᱛᱮᱱᱟᱝ ᱢᱮᱱᱟᱜᱼᱟ ᱡᱟᱦᱟᱸ ᱢᱩᱫᱨᱟ ᱢᱤᱫᱦᱚᱲ ᱩᱱᱠᱩᱣᱟᱜ ᱵᱟᱯᱞᱟ ᱴᱷᱟᱲᱚᱜᱟᱴᱟᱭ ᱦᱩᱭᱩᱜᱼᱟ ᱾,ᱵᱟᱯᱞᱟ ᱨᱮᱡᱤᱥᱴᱟᱨ ᱠᱚᱨᱟᱣ ᱞᱟᱹᱜᱤᱫ ᱡᱟᱦᱟᱱ ᱚᱠᱛᱚ ᱨᱮᱭᱟᱜ ᱯᱚᱨᱤᱢᱟᱱ ᱢᱮᱱᱟᱜᱼᱟ ᱥᱮ ᱵᱟᱝ?
164,शादी के रजिस्ट्रेशन में गवाह कौन बन सकता है?,ᱵᱟᱯᱞᱟ ᱴᱷᱟᱲᱚᱜᱟᱴᱟᱭ ᱨᱮᱱ ᱥᱟᱹᱠᱷᱤ ᱚᱠᱚᱭ ᱦᱩᱭᱩᱜᱼᱟ ?,ᱵᱟᱯᱞᱟ ᱨᱮᱡᱤᱥᱴᱟᱨ ᱨᱮ ᱡᱟᱦᱟᱸᱭ ᱫᱚ ᱥᱟᱹᱠᱷᱤ ᱦᱩᱭ ᱫᱟᱲᱮᱭᱟᱜᱼᱟ?
165,हिंदू विवाह अधिनियम के तहत आपको शादी के समारोह के एक महीने के भीतर शादी का रजिस्ट्रेशन करा लेना चाहिए।,"ᱦᱤᱱᱫᱩ ᱵᱟᱯᱞᱟ ᱟᱹᱱ ᱟᱶᱛᱟᱨᱮ, ᱟᱢ ᱵᱟᱯᱞᱟ ᱟᱠᱷᱟᱲᱟ ᱨᱮᱭᱟᱜ ᱢᱤᱫ ᱪᱟᱸᱫᱳ ᱢᱩᱫᱨᱮ ᱟᱢᱟᱜ ᱵᱟᱯᱞᱟ ᱴᱷᱟᱲᱚᱜᱚᱴᱟᱭ ᱦᱩᱭᱩᱜ ᱛᱟᱢᱟ ᱾","ᱦᱤᱱᱫᱩ ᱵᱟᱯᱞᱟ ᱟᱹᱱ ᱞᱮᱠᱟᱛᱮ, ᱵᱟᱯᱞᱟ ᱟᱠᱷᱲᱟ ᱨᱮᱭᱟᱜ ᱢᱤᱫ ᱪᱟᱸᱫᱳ ᱢᱩᱫᱨᱮ ᱟᱢ ᱵᱟᱯᱞᱟ ᱨᱮᱭᱟᱜ ᱨᱮᱡᱤᱥᱴᱟᱨ ᱠᱚᱨᱟᱣ ᱞᱟᱹᱠᱛᱤ ᱠᱟᱱᱟ ᱾"
166,"दूल्हा और दुल्हन, दोनों ही तीन गवाहों की मौजूदगी में रजिस्टर में हस्ताक्षर करते हैं।",ᱡᱟᱶᱟᱭ ᱟᱨ ᱡᱟᱶᱟᱭ ᱡᱚᱛᱚᱜᱮ ᱯᱮ ᱦᱚᱲ ᱥᱟᱹᱠᱷᱤ ᱠᱚᱣᱟᱜ ᱥᱮᱴᱮᱨ ᱨᱮ ᱨᱮᱡᱤᱥᱴᱟᱨ ᱨᱮᱠᱚ ᱥᱩᱦᱤ ᱠᱮᱫᱟ ᱾,ᱵᱟᱨᱮᱛᱮ ᱵᱟᱯᱞᱟ ᱟᱨ ᱵᱟᱯᱞᱟ ᱫᱚ ᱯᱮᱭᱟ ᱥᱟᱹᱠᱷᱤ ᱟᱜ ᱥᱚᱫᱚᱨ ᱨᱮ ᱨᱮᱡᱤᱥᱴᱟᱨ ᱨᱮ ᱥᱟᱭᱤᱱ ᱞᱮᱫᱟᱭ ᱾
167,दोनों ही पक्षों के माता-पिता या अभिभावक रजिस्ट्रेशन के दौरान मौजूद होने चाहिए।,ᱴᱷᱟᱲᱚᱭ ᱚᱠᱛᱮ ᱡᱚᱛᱚ ᱜᱟᱫᱮᱞ ᱨᱮᱱ ᱜᱚᱼᱵᱟᱵᱟ ᱥᱮ ᱜᱟᱹᱞᱤᱢ ᱠᱚᱣᱟᱜ ᱥᱮᱴᱮᱨ ᱛᱟᱦᱮᱸᱱ ᱦᱩᱭᱩᱜᱼᱟ ᱾,ᱵᱟᱱᱟᱨ ᱜᱟᱫᱮᱞ ᱨᱮᱱ ᱟᱭᱳᱼᱵᱟᱵᱟ ᱥᱮ ᱟᱭᱳᱼᱵᱟᱵᱟ ᱨᱮᱡᱤᱥᱴᱟᱨ ᱚᱠᱛᱚ ᱨᱮ ᱛᱟᱦᱮᱸ ᱫᱟᱲᱮᱭᱟᱜᱼᱟ ᱾
168,एफिडेविट के लिए किन दस्तावेज़ों की जरूरत पड़ेगी?,ᱦᱚᱞᱚᱯᱱᱟᱢᱟᱭ ᱞᱟᱹᱜᱤᱫ ᱚᱠᱟ ᱱᱚᱛᱷᱤ ᱞᱟᱹᱠᱛᱤ ᱢᱮᱱᱟᱜᱼᱟ ?,ᱮᱯᱷᱤᱰᱮᱵᱷᱤᱴ ᱞᱟᱹᱜᱤᱫ ᱪᱮᱫ ᱪᱮᱫ ᱱᱩᱛᱚᱱᱟ ᱨᱮᱭᱟᱜ ᱞᱟᱹᱠᱛᱤ ᱦᱩᱭᱩᱜᱼᱟ?
169,"आवेदन पत्र, पहचान प्रमाणपत्र, पते का प्रमाण, जन्म की तारीख का प्रमाण-पत्र, दुल्हन और दूल्हे की दो पासपोर्ट तस्वीरें एकदम आवश्यक हैं।","ᱟᱹᱨᱡᱤᱥᱟᱠᱟᱢ, ᱟᱭᱰᱤ ᱯᱨᱩᱯ, ᱴᱷᱤᱠᱟᱹᱱᱟ ᱨᱮᱭᱟᱜ ᱥᱟᱵᱩᱫ, ᱡᱟᱱᱟᱢ ᱢᱟᱹᱦᱤᱛ ᱨᱮᱭᱟᱜ ᱥᱟᱵᱩᱫ, ᱡᱟᱶᱟᱭ ᱟᱨ ᱵᱟᱹᱦᱩᱣᱟᱜ ᱵᱟᱱᱟᱨ ᱯᱟᱥᱯᱳᱴ ᱪᱤᱛᱟᱹᱨ ᱱᱤᱦᱟᱹᱛᱜᱮ ᱞᱟᱹᱠᱛᱤ ᱢᱮᱱᱟᱜᱼᱟ ᱾","ᱟᱨᱡᱤ ᱥᱟᱠᱟᱢ, ᱪᱤᱱᱦᱟᱹ ᱥᱟᱨᱴᱤᱯᱷᱤᱠᱮᱴ, ᱧᱩᱛᱩᱢ ᱥᱟᱨᱴᱤᱯᱷᱤᱠᱮᱴ, ᱡᱟᱱᱟᱢ ᱢᱟᱦᱟ ᱥᱟᱨᱴᱤᱯᱷᱤᱠᱮᱴ, ᱵᱟᱹᱦᱩ ᱟᱨ ᱡᱟᱶᱟᱭ ᱟᱜ ᱵᱟᱨᱭᱟ ᱯᱟᱥᱯᱳᱨᱴ ᱪᱤᱛᱟᱹᱨ ᱟᱹᱰᱤ ᱞᱟᱹᱠᱛᱤ ᱠᱟᱱᱟ ᱾"
170,"अगर कोई तलाकशुदा या विधवा / विधुर है, तो तलाक का न्यायिक निर्णय या फिर पिछले साथी की मृत्यु का प्रमाण-पत्र लगाना जरूरी है।",ᱵᱟᱯᱟᱜ ᱥᱮ ᱨᱟᱸᱰᱤ/ᱵᱤᱫᱷᱩᱣᱟᱜ ᱴᱷᱟᱶ ᱨᱮ ᱵᱟᱯᱟᱜ ᱰᱤᱜᱨᱤ ᱥᱮ ᱦᱟᱦᱟᱛᱮᱱ ᱵᱟᱹᱦᱩᱣᱟᱜ ᱜᱚᱡ ᱥᱤᱫ ᱥᱟᱠᱟᱢ ᱞᱟᱹᱠᱛᱤ ᱢᱮᱱᱟᱜᱼᱟ ᱾,"ᱡᱩᱫᱤ ᱡᱟᱦᱟᱸᱭ ᱫᱚ ᱵᱟᱯᱞᱟ ᱟᱠᱟᱱ ᱥᱮ ᱵᱤᱨᱟᱹᱫᱟᱹᱞᱤ/ᱵᱤᱨᱟᱹᱫᱟᱹᱞᱤ, ᱮᱱᱠᱷᱟᱱ ᱩᱱᱤ ᱫᱚ ᱢᱤᱫᱴᱟᱝ ᱟᱫᱟᱞᱚᱛ ᱨᱮᱭᱟᱜ ᱜᱚᱴᱟᱵᱩᱴᱟᱹ ᱮᱢ ᱦᱳᱭᱳᱜᱼᱟ ᱥᱮ ᱢᱟᱲᱟᱝ ᱨᱮᱱ ᱜᱟᱛᱮᱭᱟᱜ ᱜᱚᱡ ᱨᱮᱭᱟᱜ ᱥᱟᱹᱵᱩᱫ ᱮᱢ ᱦᱳᱭᱳᱜᱼᱟ ᱾"
171,"हैलो, मैं पहली बार ई-वीज़ा के लिए एप्लाई कर रही हूँ।","ᱦᱮᱞᱳ, ᱱᱮ ᱯᱩᱭᱞᱩ ᱫᱷᱚᱢ ᱤᱼᱵᱷᱤᱥᱟᱨ ᱞᱟᱹᱜᱤᱫ ᱤᱧ ᱟᱹᱨᱡᱤᱭᱮᱫᱟ ᱾","ᱦᱮᱞᱳ, ᱤᱧ ᱯᱳᱭᱞᱳ ᱚᱠᱛᱮ ᱞᱟᱹᱜᱤᱫ ᱤᱼᱵᱷᱤᱥᱟ ᱞᱟᱹᱜᱤᱫ ᱟᱨᱡᱤ ᱮᱫᱟ ᱾"
172,मुझे उम्मीद है कि आप मुझे बताएंगे कि एप्लाई करने के लिए मुझे कौन-कौन से डॉक्यूमेंट चाहिए।,ᱤᱧ ᱟᱥᱟᱭᱮᱫ ᱛᱟᱦᱮᱸ ᱠᱟᱱᱟ ᱟᱢ ᱤᱧ ᱮᱢ ᱞᱟᱹᱭ ᱫᱟᱲᱮ ᱟᱹᱧᱟᱹ ᱤᱧᱟᱹᱜ ᱟᱹᱨᱡᱤ ᱞᱟᱹᱜᱤᱫ ᱪᱮᱫ ᱪᱮᱫ ᱱᱚᱛᱷᱤ ᱞᱟᱹᱠᱛᱤᱭᱟ ᱾,"ᱤᱧ ᱟᱭᱩᱢᱟᱹᱱ ᱮᱫᱟ ᱡᱮ, ᱤᱧ ᱪᱮᱫ ᱱᱩᱛᱚᱱᱟ ᱠᱚ ᱠᱷᱚᱡ ᱠᱟᱱᱟ ᱚᱱᱟ ᱟᱢ ᱤᱧ ᱞᱟᱹᱭ ᱢᱮ ᱾"
173,"बिल्कुल, अच्छा किया कि आपने मुझे कॉल कर लिया।","ᱱᱤᱦᱟᱹᱛ ᱜᱮ, ᱤᱧ ᱟᱹᱰᱤ ᱨᱟᱹᱥᱠᱟᱹᱧ ᱟᱹᱭᱠᱟᱹᱣ ᱮᱫᱟ ᱡᱮ ᱟᱢ ᱤᱧ ᱮᱢ ᱦᱚᱦᱚ ᱟᱠᱟᱫᱤᱧᱟᱹ ᱾","ᱜᱚᱴᱟ ᱜᱮ, ᱟᱢ ᱤᱧ ᱠᱚᱞ ᱠᱚᱨᱟᱣ ᱞᱟᱹᱜᱤᱫ ᱱᱟᱯᱟᱭ ᱠᱚᱨᱟᱣ ᱟᱠᱟᱫᱟ ᱾"
174,क्या मैं जान सकती हूँ कि आपको कौन-से देश के लिए वीज़ा चाहिए?,ᱤᱧ ᱪᱮᱫ ᱤᱧ ᱠᱩᱞᱤ ᱫᱟᱲᱮᱭᱟᱢᱟ ᱟᱢᱟᱜ ᱚᱠᱟ ᱫᱤᱥᱚᱢ ᱨᱮᱭᱟᱜ ᱵᱷᱤᱥᱟ ᱞᱟᱜᱟᱜᱼᱟ ?,"ᱟᱢ ᱪᱮᱫ ᱫᱤᱥᱚᱢ ᱞᱟᱹᱜᱤᱫ ᱵᱷᱤᱥᱟ ᱠᱷᱚᱡ ᱠᱟᱱᱟ, ᱤᱧ ᱪᱮᱫ ᱵᱟᱰᱟᱭᱧᱟᱢ ᱠᱟᱱᱟ?"
175,मुझे इंडिया के लिए टूरिस्ट वीज़ा चाहिए।,ᱤᱧᱟᱹᱜ ᱵᱷᱟᱨᱚᱛ ᱨᱮᱭᱟᱜ ᱞᱟᱹᱜᱤᱫ ᱢᱤᱫᱴᱟᱝ ᱴᱩᱨᱤᱥᱴ ᱵᱷᱤᱥᱟ ᱫᱚᱨᱠᱟᱨ ᱾,ᱤᱧ ᱵᱷᱟᱨᱚᱛ ᱞᱟᱹᱜᱤᱫ ᱴᱩᱨᱤᱥᱴ ᱵᱷᱤᱥᱟ ᱞᱟᱹᱠᱛᱤ ᱠᱟᱱᱟ ᱾
176,मैं एक हफ़्ते के लिए जाऊँगी।,ᱤᱧ ᱢᱤᱫ ᱥᱟᱯᱛᱟ ᱞᱟᱹᱜᱤᱫ ᱤᱧ ᱛᱩᱝᱠᱷᱤ ᱛᱚᱞᱚᱥᱟ ᱾,ᱤᱧ ᱢᱤᱫ ᱦᱟᱯᱛᱟ ᱞᱟᱹᱜᱤᱫ ᱮ ᱪᱟᱞᱟᱣᱚᱜᱼᱟ ᱾
177,"ठीक है, सबसे ज़रूरी डॉक्यूमेंट जो आपके पास होना चाहिए वो है पासपासपोर्ट।","ᱡᱚᱛᱷᱟᱛ ᱜᱮᱭᱟ, ᱟᱢᱟᱜ ᱡᱚᱛᱚᱠᱷᱚᱱ ᱞᱟᱹᱠᱛᱤᱭᱟᱱᱟᱜ ᱱᱚᱛᱷᱤ ᱫᱚ ᱢᱤᱫᱴᱟᱝ ᱯᱟᱥᱯᱳᱴ ᱞᱟᱹᱠᱛᱤ ᱾",ᱟᱢ ᱴᱷᱮᱱ ᱡᱟᱦᱟᱸ ᱡᱚᱛᱚ ᱠᱷᱚᱱ ᱞᱟᱹᱠᱛᱤᱭᱟᱱ ᱱᱚᱛᱷᱤ ᱛᱟᱦᱮᱸ ᱠᱟᱱᱟ ᱚᱱᱟ ᱫᱚ ᱦᱩᱭᱩᱜ ᱠᱟᱱᱟ ᱯᱟᱥᱯᱳᱨᱴ ᱾
178,आपको यह जाँच लेना होगा कि पासपोर्ट इंडिया में पहुँचने की तारीख़ से कम से कम छह महीने तक के लिए वैध है।,ᱟᱢ ᱴᱷᱤᱠᱟᱹ ᱦᱩᱭᱩᱜ ᱛᱟᱢᱟ ᱡᱮ ᱯᱟᱥᱯᱳᱴ ᱫᱚ ᱵᱷᱟᱨᱚᱛ ᱨᱮ ᱦᱮᱡᱩᱜ ᱨᱮᱭᱟᱜ ᱢᱟᱦᱟ ᱨᱮ ᱠᱚᱢ ᱠᱟᱨᱛᱮ ᱛᱩᱨᱩᱭ ᱪᱟᱸᱫᱳ ᱞᱟᱹᱜᱤᱫ ᱟᱹᱨᱤᱭᱟᱱ ᱾,ᱟᱢ ᱵᱤᱰᱟᱹᱣ ᱠᱚᱨᱟᱣ ᱦᱩᱭᱩᱜ ᱛᱟᱢᱟ ᱡᱮ ᱯᱟᱥᱯᱳᱨᱴ ᱵᱷᱟᱨᱚᱛ ᱨᱮ ᱥᱮᱴᱮᱨ ᱨᱮᱭᱟᱜ ᱫᱤᱱ ᱠᱷᱚᱱ ᱠᱚᱢ ᱠᱷᱚᱱ ᱠᱚᱢ ᱛᱩᱨᱩᱭ ᱪᱟᱸᱫᱳ ᱞᱟᱹᱜᱤᱫ ᱵᱟᱛᱟᱣᱟᱜ ᱾
179,हमारे पास ऐसे कई केस आते हैं जो सिर्फ़ इसी कारण से ख़ारिज कर दिए जाते हैं।,ᱟᱞᱮ ᱟᱭᱢᱟ ᱠᱮᱥ ᱞᱮ ᱧᱟᱢᱟ ᱡᱟᱦᱟᱸ ᱠᱚ ᱱᱚᱶᱟ ᱚᱡᱮᱛᱮ ᱠᱷᱟᱨᱤᱡ ᱦᱩᱭᱩᱜᱼᱟ ᱾,ᱱᱚᱶᱟ ᱚᱡᱮᱛᱮ ᱜᱮ ᱟᱭᱢᱟ ᱠᱟᱹᱪ ᱠᱟᱹᱪ ᱠᱟᱹᱪ ᱠᱟᱹᱪ ᱠᱟᱹᱪ ᱠᱟᱹᱪ ᱠᱟᱹᱪ ᱠᱟᱹᱪ ᱠᱟᱹᱪ ᱠᱟᱹᱪ ᱠᱟᱹᱪ ᱠᱟᱹᱪ ᱠᱟᱹᱪ ᱠᱟᱹᱪ ᱠᱟᱹᱪ ᱠᱟᱹᱪ ᱠᱟᱹᱪ ᱠᱟᱹᱪ ᱠᱟᱹᱪ ᱠᱟᱹᱪ ᱠᱟᱹᱪ ᱠᱟᱹᱪ ᱠᱟᱹᱪ ᱠᱟᱹᱪ ᱠᱟᱹᱪ ᱠᱟᱹᱪ ᱠᱟᱹᱪ ᱠᱟᱹᱪ ᱠᱟᱹᱪ ᱠᱟᱹᱪ ᱠᱟᱹᱪ ᱠᱟᱹᱪ ᱠᱟᱹᱪ ᱠᱟᱹᱪ ᱠᱟᱹᱪ ᱠᱟᱹᱪ ᱠᱟᱹᱪ ᱠᱟᱹᱪ ᱠᱟᱹᱪ ᱠᱟᱹᱪ ᱠᱟᱹᱪ ᱠᱟᱹᱪ ᱠᱟᱹᱪ ᱠᱟᱹᱪ ᱠᱟᱹᱪ ᱠᱟᱹᱪ ᱠᱟᱹᱪ ᱠᱟᱹᱪ ᱠᱟᱹᱪ ᱠᱟᱹᱪ ᱠᱟᱹᱪ ᱠᱟᱹᱪ ᱠᱟᱹᱪ ᱠᱟᱹᱪ ᱠᱟᱹᱪ ᱠᱟᱹᱪ ᱠᱟᱹᱪ ᱠᱟᱹᱪ ᱠᱟᱹᱪ ᱠᱟᱹᱪ ᱠᱟᱹᱪ ᱠᱟᱹ
180,"हाँ, मैंने पहले ही अपने पासपोर्स की वैधता चेक कर ली है और वह ठीक वैसी ही है जैसा आप बता रहे हैं।","ᱦᱮᱸ, ᱤᱧ ᱱᱮᱦᱟᱹᱞᱤᱜᱮ ᱤᱧᱟᱹᱜ ᱯᱟᱥᱯᱳᱴ ᱨᱮᱭᱟᱜ ᱟᱹᱨᱤᱭᱟᱱ ᱵᱤᱰᱟᱹᱣ ᱠᱟᱛᱮᱞᱮ ᱧᱮᱞᱟ, ᱟᱨ ᱟᱢ ᱡᱟᱦᱟᱸᱢ ᱢᱮᱱ ᱟᱠᱟᱫᱟ ᱚᱱᱟ ᱢᱟᱱᱟᱣ ᱠᱟᱛᱮ ᱪᱟᱞᱟᱜ ᱢᱮ ᱾","ᱦᱩᱭᱩᱜ ᱠᱟᱱᱟ, ᱤᱧ ᱤᱧᱟᱹᱜ ᱯᱟᱥᱯᱳᱨ ᱨᱮᱭᱟᱜ ᱵᱷᱮᱞᱤᱰᱤᱴᱤ ᱢᱟᱲᱟᱝ ᱠᱷᱚᱱ ᱜᱮ ᱵᱤᱰᱟᱹᱣ ᱟᱠᱟᱫᱟ ᱟᱨ ᱱᱚᱶᱟ ᱫᱚ ᱟᱢ ᱡᱟᱦᱟᱸ ᱞᱟᱹᱭ ᱟᱠᱟᱫᱟ ᱚᱱᱟ ᱞᱮᱠᱟ ᱾"
181,क्या मुझे और किसी चीज़ की ज़रूरत होगी?,ᱤᱧᱟᱹᱜ ᱟᱨ ᱠᱟᱹᱪ ᱡᱟᱹᱨᱩᱲ ᱢᱮᱱᱟᱜᱼᱟ ᱪᱮᱫ ?,ᱤᱧ ᱪᱮᱫ ᱟᱨ ᱠᱤᱪᱷᱩ ᱞᱟᱹᱠᱛᱤ ᱢᱮᱱᱟᱜᱼᱟ?
182,"हाँ, फिर ठीक है।","ᱡᱚᱛᱷᱟᱛ ᱜᱮᱭᱟ, ᱮᱱᱠᱷᱟᱱ ᱵᱷᱟᱜᱮ ᱾","ᱦᱩᱭᱩᱜ ᱠᱟᱱᱟ, ᱚᱱᱟ ᱛᱟᱭᱚᱢ ᱱᱟᱯᱟᱭ ᱦᱩᱭᱩᱜ ᱠᱟᱱᱟ ᱾"
183,अगली चीज़ जो आपको लगेगी वह है वैध ईमेल आई.डी.।,ᱫᱚᱥᱟᱨ ᱡᱤᱱᱤᱥ ᱟᱢᱟᱜ ᱞᱟᱹᱠᱛᱤᱭᱟᱱ ᱢᱤᱫᱴᱟᱝ ᱪᱟᱞᱩ ᱤᱼᱢᱮᱞ ᱟᱭᱰᱤ ᱾,ᱛᱟᱭᱚᱢ ᱫᱟᱨᱟᱢ ᱡᱟᱦᱟᱸ ᱫᱚ ᱟᱢ ᱢᱚᱱᱮ ᱦᱩᱭᱩᱜ ᱟ ᱚᱱᱟ ᱫᱚ ᱦᱩᱭᱩᱜ ᱠᱟᱱᱟ ᱢᱤᱫᱴᱟᱝ ᱵᱟᱛᱟᱣᱟᱜ ᱤᱼᱢᱮᱞ ଆଈ.ଡୀ ᱾
184,"प्लीज़ इसका भी ध्यान रखियेगा क्योंकि जब इंडियन वीज़ा प्रोसेस होकर स्वीकार हो जाता है, तो वह एप्लिकेशन पर दिए गए ईमेल पते पर सीधे भेज दिया जाता है।","ᱱᱮᱦᱚᱨ ᱥᱟᱞᱟᱜ ᱱᱚᱶᱟ ᱵᱟᱨᱮᱛᱮ ᱥᱚᱱᱛᱚᱨ ᱛᱟᱦᱮᱸᱱ ᱢᱮ, ᱡᱟᱦᱟᱸ ᱠᱷᱟᱹᱛᱤᱨ ᱱᱚᱶᱟ ᱢᱤᱫᱴᱟᱝ ᱵᱷᱟᱨᱚᱛᱤᱭᱟᱹ ᱵᱷᱤᱥᱟ ᱦᱚᱨᱟ ᱟᱱᱟᱜ ᱟᱨ ᱥᱟᱹᱠᱷᱤᱭᱟᱹᱛ ᱠᱚᱨᱟᱣ ᱟᱠᱟᱱᱟ, ᱱᱚᱶᱟ ᱥᱟᱢᱟᱝᱫᱟᱯᱨᱟᱢ ᱟᱹᱨᱡᱤᱨᱮ ᱮᱢᱟᱠᱟᱱ ᱤᱼᱢᱮᱞ ᱴᱷᱤᱠᱟᱹᱱᱟ ᱵᱷᱮᱡᱟ ᱦᱩᱭᱩᱜᱼᱟ ᱾","ᱫᱟᱭᱟ ᱠᱟᱛᱮ ᱱᱚᱶᱟ ᱦᱚᱸ ᱧᱮᱞ ᱢᱮ ᱪᱮᱫᱟᱜ ᱥᱮ ᱡᱚᱠᱷᱚᱱ ᱵᱷᱟᱨᱚᱛᱤᱭᱚ ᱵᱷᱤᱥᱟ ᱯᱚᱨᱟᱢᱚᱥ ᱦᱳᱭᱳᱜᱼᱟ ᱟᱨ ᱦᱟᱛᱟᱣ ᱦᱳᱭᱳᱜᱼᱟ, ᱩᱱᱫᱚ ᱱᱚᱶᱟ ᱫᱚ ᱮᱯᱞᱤᱠᱮᱥᱚᱱ ᱨᱮ ᱮᱢᱮᱞ ᱮᱰᱨᱮᱥ ᱨᱮ ᱥᱚᱨᱟᱥᱚᱨᱤ ᱮᱢ ᱦᱩᱭᱩᱜᱼᱟ ᱾"
185,अगर मैं पर्सनल के बजाय ऑफ़िशियल आई.डी. का इस्तेमाल करूँ तो चलेगा क्या?,ᱤᱧ ᱡᱚᱫᱤ ᱟᱯᱱᱟᱨ ᱟᱱᱟᱜ ᱟᱭᱰᱤ ᱵᱮᱣᱦᱟᱨ ᱵᱟᱝ ᱠᱟᱛᱮ ᱢᱤᱫᱴᱟᱝ ᱚᱯᱷᱤᱥᱤᱭᱟᱞ ᱟᱭᱰᱤ ᱵᱮᱣᱦᱟᱨᱼᱟ ᱮᱱᱠᱷᱟ ᱪᱮᱫ ᱡᱚᱛᱷᱟᱛ ᱢᱮᱱᱟᱜᱼᱟ ?,"ᱤᱧ ᱡᱩᱫᱤ ᱵᱮᱼᱵᱟᱹᱛᱤᱞ ᱨᱮᱭᱟᱜ ꯃꯍꯨꯠꯇ ᱚᱯᱷᱤᱥᱤᱠᱮᱞ ଆଈ.ଡୀ ᱵᱮᱣᱦᱟᱨ ᱮᱫᱟ, ᱮᱱᱠᱷᱟᱱ ᱪᱮᱫ ᱚᱱᱟ ᱦᱩᱭᱩᱜᱼᱟ?"
186,मैं अपने पर्सनल आई.डी. पर मेल बहुत ज़्यादा बार चेक नहीं करती।,ᱤᱧ ᱤᱧᱟᱹᱜ ᱟᱯᱱᱟᱨ ᱟᱱᱟᱜ ᱢᱮᱞᱠᱚ ᱜᱷᱟᱱᱮ ᱜᱮ ᱵᱟᱹᱧ ᱪᱮᱠᱼᱟ ᱾,ᱤᱧ ᱤᱧᱟᱹᱜ ᱵᱮᱼᱵᱟᱹᱛᱤᱞ ଆଈ.ଡୀ ᱨᱮ ᱢᱮᱞ ᱫᱚ ᱟᱹᱰᱤ ᱰᱷᱮᱨ ᱪᱮᱠ ᱵᱟᱝ ᱮᱫᱟ ᱾
187,उससे कोई फ़र्क नहीं पड़ता।,ᱱᱚᱶᱟ ᱚᱠᱟ ᱵᱮᱯᱟᱨ ᱵᱟᱝ ᱠᱟᱱᱟ ᱾,ᱱᱚᱶᱟ ᱫᱚ ᱪᱮᱫ ᱦᱚᱸ ᱵᱟᱝ ᱠᱟᱱᱟ ᱾
188,"ई-मेल पता चालू होना चाहिए, बस।","ᱤᱼᱢᱮᱞ ᱮᱰᱨᱮᱥ ᱫᱚ ᱪᱮᱜᱟᱸ ᱜᱮ ᱛᱟᱦᱮᱸᱱ ᱦᱩᱭᱩᱜ ᱛᱟᱢᱟ, ᱱᱚᱶᱟ ᱥᱩᱢᱩᱝ ᱾","ᱤᱼᱢᱮᱞ ᱮᱰᱨᱮᱥ ᱫᱚ ᱠᱟᱹᱢᱤᱣᱟᱱ ᱦᱳᱭᱳᱜᱼᱟ, ᱚᱱᱟ ᱜᱮ ᱾"
189,क्या मुझे बस इतनी ही चीज़ें लगेंगी?,ᱱᱚᱶᱟ ᱤᱧ ᱞᱟᱹᱠᱛᱤᱭᱟᱱ ᱡᱟᱦᱟᱸ ᱥᱩᱢᱩᱝ ᱫᱩᱨᱤᱵᱽ ?,ᱤᱧ ᱪᱮᱫ ᱱᱚᱶᱟ ᱞᱮᱠᱟᱱ ᱟᱭᱢᱟᱜᱟᱱ ᱟᱭᱢᱟᱜᱟᱱ ᱟᱭᱢᱟᱜᱟᱱ ᱟᱭᱢᱟᱜᱟᱱ ᱟᱭᱢᱟᱜᱟᱱ ᱟᱭᱢᱟᱜᱟᱱ ᱟᱭᱢᱟᱜᱟᱱ ᱟᱭᱢᱟᱜᱟᱱ ᱟᱭᱢᱟᱜᱟᱱ ᱟᱭᱢᱟᱜᱟᱱ ᱟᱭᱢᱟᱜᱟᱱ ᱟᱭᱢᱟᱜᱟᱱ ᱟᱭᱢᱟᱜᱟᱱ ᱟᱭᱢᱟᱜᱟᱱ ᱟᱭᱢᱟᱜᱟᱱ ᱟᱭᱢᱟᱜᱟᱱ ᱟᱭᱢᱟᱜᱟᱱ ᱟᱭᱢᱟᱜᱟᱱ ᱟᱭᱢᱟᱜᱟᱱ ᱟᱭᱢᱟᱜᱟᱱ ᱟᱭᱢᱟᱜᱟᱱ ᱟᱭᱢᱟᱜᱟᱱ ᱟᱭᱢᱟᱜᱟᱱ ᱟᱭᱢᱟᱜᱟᱱ ᱟᱭᱢᱟᱜᱟᱱ ᱟᱭᱢᱟᱜᱟᱱ ᱟᱭᱢᱟᱜᱟᱱ ᱟᱭᱢᱟᱜᱟᱱ ᱟᱭᱢᱟᱜᱟᱱ ᱟᱭᱢᱟᱜᱟᱱ ᱟᱭᱢᱟᱜᱟᱱ
190,ई-वीज़ा इंडिया प्रमाण से जुड़ी ज़रूरतें भी हैं जो इंडिया में ट्रैवल करने की अनुमति के लिए ज़रूरी हैं।,ᱱᱚᱶᱟ ᱪᱷᱟᱰᱟᱜᱮ ᱤᱼᱵᱷᱤᱥᱟ ᱤᱱᱰᱤᱭᱟ ᱨᱮᱭᱟᱜ ᱥᱟᱹᱵᱩᱫ ᱨᱮᱭᱟᱜ ᱞᱟᱹᱠᱛᱤᱭᱟᱱ ᱢᱮᱱᱟᱜᱼᱟ ᱡᱟᱦᱟᱸ ᱵᱷᱟᱨᱚᱛ ᱨᱮ ᱥᱟᱸᱜᱷᱟᱨ ᱨᱮᱭᱟᱜ ᱥᱟᱹᱠᱷᱤᱭᱟᱹᱛ ᱧᱟᱢᱚᱜ ᱞᱟᱹᱜᱤᱫ ᱞᱟᱹᱠᱛᱤᱭᱟᱱ ᱾,ᱤᱼᱵᱷᱟᱭᱥᱟ ᱤᱱᱰᱤᱭᱟ ᱥᱟᱹᱵᱩᱫ ᱥᱟᱞᱟᱜ ᱦᱚᱸ ᱞᱟᱹᱠᱛᱤ ᱢᱮᱱᱟᱜᱼᱟ ᱡᱟᱦᱟᱸ ᱵᱷᱟᱨᱚᱛ ᱨᱮ ᱥᱟᱸᱜᱷᱟᱨ ᱨᱮᱭᱟᱜ ᱪᱷᱟᱹᱲ ᱞᱟᱹᱜᱤᱫ ᱞᱟᱹᱠᱛᱤ ᱠᱟᱱᱟ ᱾
191,आवेदकों को अपने वैध पासपोर्ट के पहले पेज या बायोग्राफ़िकल पेज की स्कैन की हुई कलर कॉपी जमा करनी होगी।,ᱟᱹᱨᱡᱤᱟᱠᱟᱫᱠᱚ ᱟᱠᱚᱣᱟᱜ ᱟᱹᱨᱤᱟᱱ ᱯᱟᱥᱯᱳᱴ ᱨᱮᱭᱟᱜ ᱯᱩᱭᱞᱩ ᱥᱟᱦᱴᱟ ᱥᱮ ᱡᱤᱭᱚᱱ ᱪᱩᱨᱤᱛ ᱥᱟᱦᱴᱟ ᱨᱮᱭᱟᱜ ᱢᱤᱫᱴᱟᱝ ᱤᱥᱠᱮᱱ ᱠᱚᱨᱟᱣ ᱨᱚᱝᱤᱱ ᱠᱚᱯᱤ ᱡᱚᱢᱟ ᱦᱩᱭᱩᱜ ᱛᱟᱢᱟ ᱾,ᱟᱨᱡᱤᱤᱭᱟᱹ ᱠᱚ ᱩᱱᱠᱩᱭᱟᱜ ᱵᱟᱛᱟᱣᱟᱜ ᱯᱟᱥᱯᱳᱨᱴ ᱨᱮᱭᱟᱜ ᱯᱳᱭᱞᱳ ᱯᱮᱡ ᱥᱮ ᱵᱤᱣᱳᱜᱨᱟᱯᱷᱤᱠᱮᱞ ᱯᱮᱡ ᱨᱮᱭᱟᱜ ᱮᱥᱠᱮᱱ ᱟᱠᱟᱱ ᱨᱚᱝ ᱨᱮᱭᱟᱜ ᱠᱚᱯᱤ ᱮᱢ ᱦᱩᱭᱩᱜ ᱛᱟᱢᱟ ᱾
192,"हर आवेदक को हाल की पासपोर्ट-स्टाइल, कलर फ़ोटो भी जमा करनी होगा","ᱡᱚᱛᱚ ᱟᱹᱨᱡᱤᱟᱠᱟᱫ ᱠᱚ ᱢᱤᱫᱴᱟᱝ ᱱᱟᱦᱟᱜ ᱯᱟᱥᱯᱳᱴᱼᱤᱥᱴᱟᱭᱤᱞ, ᱨᱚᱝᱤᱱ ᱪᱤᱛᱟᱹᱨ ᱡᱚᱢᱟ ᱦᱩᱭᱩᱜ ᱛᱟᱢᱟ ᱾","ᱥᱟᱱᱟᱢ ᱟᱨᱡᱤᱤᱭᱟᱹ ᱠᱚᱣᱟᱜ ᱱᱟᱦᱟᱜ ᱯᱟᱥᱯᱳᱨᱴᱼᱥᱴᱟᱭᱤᱞ, ᱨᱚᱝ ᱨᱮᱭᱟᱜ ᱪᱤᱛᱟᱹᱨ ᱦᱚᱸ ᱮᱢ ᱦᱩᱭᱩᱜ ᱛᱟᱢᱟ ᱾"
193,यह तो बहुत सारी चीज़ें हैं।,ᱡᱟᱦᱟᱸ ᱤᱥᱯᱷᱤᱠᱮᱥᱚᱱ ᱵᱮᱥ ᱟᱭᱢᱟ ᱾,ᱱᱚᱶᱟ ᱫᱚ ᱟᱭᱢᱟ ᱞᱮᱠᱟᱱ ᱠᱟᱹᱢᱤ ᱠᱟᱱᱟ ᱾
194,मैं लिख लेती हूँ ताकि कहीं भूल न जाऊँ।,ᱤᱧ ᱱᱚᱶᱟ ᱱᱳᱴᱼᱟ ᱟᱹᱧ ᱡᱟᱦᱟᱸᱛᱮ ᱤᱧ ᱵᱟᱹᱧ ᱦᱤᱲᱤᱧ ᱾,ᱤᱧ ᱚᱞ ᱮᱫᱟ ᱡᱟᱦᱟᱸᱛᱮ ᱤᱧ ᱪᱮᱫᱦᱚᱸ ᱵᱟᱝ ᱠᱚ ᱩᱭᱦᱟᱹᱨ ᱫᱟᱲᱮᱭᱟᱜᱼᱟ ᱾
195,यह अच्छा रहेगा।,ᱱᱚᱶᱟ ᱟᱹᱰᱤ ᱵᱷᱟᱜᱮ ᱩᱭᱦᱟᱹᱨ ᱵᱷᱟᱵᱱᱟ ᱾,ᱱᱚᱶᱟ ᱫᱚ ᱱᱟᱯᱟᱭ ᱦᱩᱭᱩᱜᱼᱟ ᱾
196,आपके पास डेबिट या क्रेडिट कार्ड भी होना चाहिए।,ᱟᱢᱟᱜ ᱢᱤᱫᱴᱟᱝ ᱰᱮᱵᱤᱴ ᱥᱮ ᱠᱨᱮᱰᱤᱴ ᱠᱟᱨᱰ ᱦᱚᱸ ᱞᱟᱹᱠᱛᱤ ᱾,ᱟᱢᱟᱜ ᱢᱤᱫᱴᱟᱝ ᱰᱮᱵᱤᱴ ᱵᱟᱝᱠᱷᱟᱱ ᱠᱨᱮᱰᱤᱴ ᱠᱟᱨᱰ ᱦᱚᱸ ᱛᱟᱦᱮᱸ ᱫᱟᱲᱮᱭᱟᱜᱼᱟ ᱾
197,"हाँ, मेरे पास एक है।","ᱡᱚᱛᱷᱟᱛ ᱜᱮᱭᱟ, ᱤᱧᱟᱹᱜ ᱜᱚᱵᱚᱞ ᱨᱮ ᱢᱤᱫᱴᱟᱝ ᱢᱮᱱᱟᱜᱼᱟ ᱾","ᱦᱩᱭᱩᱜ ᱠᱟᱱᱟ, ᱤᱧ ᱴᱷᱮᱱ ᱢᱤᱫᱴᱟᱝ ᱢᱮᱱᱟᱜᱼᱟ ᱾"
198,"अगर मुझे कुछ पूछना हो, तो क्या मैं फिर कॉल कर सकती हूँ?",ᱤᱧᱟᱹᱜ ᱮᱴᱟᱜ ᱡᱟᱦᱟᱸᱱ ᱦᱤᱸᱫᱤᱡ ᱛᱟᱦᱮᱸ ᱞᱮᱱᱠᱷᱟᱱ ᱤᱧ ᱟᱵᱟᱨ ᱠᱚᱞ ᱞᱮᱠᱷᱟᱱ ᱪᱮᱫ ᱡᱚᱛᱷᱟᱛ ᱦᱩᱭᱩᱜᱼᱟ ?,"ᱤᱧ ᱡᱩᱫᱤ ᱠᱤᱪᱷᱩ ᱵᱟᱰᱟᱭᱧᱟᱢᱚᱜᱼᱟ, ᱮᱱᱠᱷᱟᱱ ᱤᱧ ᱠᱤ ᱟᱨᱦᱚᱸ ᱠᱚᱞ ᱫᱟᱲᱮᱭᱟᱜᱼᱟᱢ?"
199,"बिल्कुल, अगर आप कुछ और पूछना चाहें तो हमसे संपर्क कर सकती हैं।","ᱱᱤᱦᱟᱹᱛ ᱜᱮ, ᱡᱟᱦᱟᱸᱱ ᱠᱩᱠᱞᱤ ᱠᱷᱮᱛᱨᱚ ᱨᱮ ᱟᱞᱮᱭᱟᱜ ᱥᱟᱶᱛᱮ ᱵᱮᱜᱚᱨ ᱫᱷᱤᱜᱟᱹᱛᱟᱹ ᱛᱮ ᱡᱳᱜᱟᱡᱳᱜ ᱢᱮ ᱾","ᱜᱚᱴᱟ ᱜᱮ, ᱟᱢ ᱡᱩᱫᱤ ᱟᱨᱦᱚᱸ ᱠᱤᱪᱷᱩ ᱵᱟᱰᱟᱭ ᱠᱷᱚᱡᱟ, ᱮᱱᱠᱷᱟᱱ ᱟᱢ ᱥᱟᱶ ᱡᱳᱜᱟᱡᱳᱜ ᱠᱚᱨᱟᱣ ᱫᱟᱲᱮᱭᱟᱜᱼᱟ ᱾"
200,मुझे इस साल एक विदेशी भाषा लेनी होगी।,ᱤᱧ ᱱᱚᱶᱟ ᱥᱮᱨᱢᱟ ᱠᱷᱚᱱ ᱢᱤᱫᱴᱟᱝ ᱵᱤᱞᱟᱹᱛ ᱯᱟᱹᱨᱥᱤ ᱦᱟᱛᱟᱣ ᱦᱩᱭᱩᱜ ᱛᱤᱧᱟᱹ ᱾,ᱤᱧ ᱱᱚᱶᱟ ᱥᱮᱨᱢᱟ ᱢᱤᱫᱴᱟᱝ ᱵᱤᱞᱟᱹᱛ ᱯᱟᱹᱨᱥᱤ ᱦᱟᱛᱟᱣ ᱦᱩᱭᱩᱜ ᱛᱟᱢᱟ ᱾
201,मैं तय नहीं कर पा रही हूँ कि कौन सी लूं।,ᱚᱠᱟᱴᱟᱜ ᱦᱟᱛᱟᱣ ᱦᱩᱭᱩᱜ ᱛᱤᱧᱟᱹ ᱤᱧ ᱵᱟᱹᱧ ᱴᱷᱤᱠᱟᱹ ᱟᱠᱟᱫᱟ ᱾,ᱤᱧ ᱪᱮᱫ ᱦᱟᱛᱟᱣ ᱦᱩᱭᱩᱜ ᱚᱱᱟ ᱜᱚᱴᱟ ᱵᱟᱝ ᱫᱟᱲᱮᱭᱟᱜᱼᱟ ᱾
202,बहुत सारे ऑप्शन हैं।,ᱟᱭᱢᱟ ᱚᱯᱥᱚᱱ ᱢᱮᱱᱟᱜᱼᱟ ᱾,ᱟᱭᱢᱟ ᱮᱴᱟᱜ ᱦᱚᱨᱟ ᱢᱮᱱᱟᱜᱼᱟ ᱾
203,सच पूछो तो मैं कन्फ्यूज़ हूँ।,"ᱥᱟᱹᱨᱤ ᱢᱮᱱᱛᱮ ᱪᱮᱫ, ᱤᱧ ᱵᱷᱤᱲᱠᱟᱹᱣ ᱾","ᱥᱟᱡᱟᱹᱭ ᱵᱟᱰᱟᱭ ᱢᱮ, ᱤᱧ ᱫᱚ ᱵᱟᱝ ᱵᱟᱰᱟᱭ ᱟᱠᱟᱱᱟ ᱾"
204,तुम्हारे हिसाब से मुझे कौन सी भाषा लेनी चाहिए?,ᱤᱧᱟᱹᱜ ᱡᱟᱦᱟᱸᱱ ᱯᱟᱹᱨᱥᱤ ᱦᱟᱛᱟᱣ ᱞᱟᱹᱠᱛᱤ ᱢᱮᱱᱟᱜᱼᱟ ᱢᱮᱱᱛᱮ ᱟᱢ ᱢᱚᱱᱮᱭᱟ ?,ᱟᱢ ᱪᱮᱫᱢ ᱢᱚᱱᱮ ᱦᱩᱭᱩᱜ ᱠᱟᱱᱟ ᱡᱮ ᱤᱧ ᱪᱮᱫ ᱯᱟᱹᱨᱥᱤ ᱦᱟᱛᱟᱣ ᱦᱩᱭᱩᱜ ᱛᱟᱢᱟ?
205,मेरे हिसाब से तुम्हें वही लेनी चाहिए जो तुम्हें पसंद हो।,ᱤᱧ ᱟᱢ ᱠᱩᱥᱤ ᱠᱟᱛᱮ ᱱᱚᱝᱠᱟᱱ ᱢᱤᱫᱴᱟᱝ ᱵᱟᱪᱷᱟᱣ ᱞᱟᱹᱜᱤᱫ ᱯᱚᱨᱟᱢᱚᱨᱥᱚᱧ ᱮᱢᱟᱢᱟ ᱾,"ᱤᱧᱟᱹᱜ ᱢᱚᱱᱮ ᱦᱩᱭᱩᱜ ᱠᱟᱱᱟ, ᱟᱢ ᱡᱟᱦᱟᱸ ᱮᱢ ᱠᱷᱚᱡᱟ ᱚᱱᱟ ᱜᱮ ᱦᱟᱛᱟᱣ ᱢᱮ ᱾"
206,ऐसे में उसे सीखने में तुम्हारी दिलचस्पी बनी रहेगी।,"ᱱᱚᱣᱟ ᱞᱮᱠᱟᱛᱮ, ᱟᱢᱟᱜ ᱱᱚᱶᱟ ᱪᱮᱪᱮᱫ ᱨᱮᱭᱟᱜ ᱡᱷᱩᱸᱠ ᱛᱟᱦᱮᱸᱱᱟ ᱾","ᱱᱚᱶᱟ ᱞᱮᱠᱟᱛᱮ, ᱟᱢ ᱩᱱᱤ ᱥᱮᱪ ᱞᱟᱹᱜᱤᱫ ᱛᱮ ᱟᱢᱨᱮᱱ ᱥᱩᱪᱤ ᱛᱟᱦᱮᱸᱱᱟ ᱾"
207,"साथ ही, तुम्हें ऐसा भी नहीं लगेगा कि जोर-जबरदस्ती से तुम्हें पढ़नी पड़ रही है।","ᱱᱚᱶᱟ ᱪᱷᱟᱰᱟ, ᱟᱢ ᱱᱚᱶᱟ ᱪᱮᱫ ᱞᱟᱹᱜᱤᱫ ᱵᱚᱲᱦᱮ ᱟᱱᱟᱜ ᱵᱟᱢ ᱟᱹᱭᱠᱟᱹᱣᱼᱟ ᱾","ᱚᱱᱟ ᱥᱟᱶ ᱥᱟᱶᱛᱮ, ᱟᱢ ᱮᱢᱚᱱ ᱵᱟᱝ ᱢᱚᱱᱮ ᱦᱩᱭᱩᱜ ᱠᱟᱱᱟ ᱡᱮ ᱡᱳᱨ ᱮᱢ ᱠᱟᱛᱮ ᱟᱢ ᱯᱟᱲᱦᱟᱣ ᱦᱩᱭᱩᱜ ᱠᱟᱱᱟ ᱾"
208,यही तो प्रॉब्लम है।,ᱚᱱᱟᱜᱮᱛᱚ ᱟᱹᱡᱷᱟᱴ ᱫᱚ ᱾,ᱱᱚᱶᱟ ᱫᱚ ᱦᱩᱭᱩᱜ ᱠᱟᱱᱟ ᱟᱱᱟᱴ ᱾
209,मुझे तो लगता है कि मुझे हर भाषा पसंद है।,ᱤᱧ ᱢᱚᱱᱮᱭᱟ ᱤᱧ ᱡᱚᱛᱚ ᱯᱟᱹᱨᱥᱤ ᱤᱧ ᱠᱩᱥᱤᱭᱟᱼᱟ ᱾,ᱤᱧ ᱢᱚᱱᱮ ᱦᱩᱭᱩᱜ ᱠᱟᱱᱟ ᱤᱧ ᱥᱟᱱᱟᱢ ᱯᱟᱹᱨᱥᱤ ᱜᱮ ᱤᱧ ᱤᱧ ᱤᱧ ᱤᱧ ᱤᱧ ᱤᱧ ᱤᱧ ᱤᱧ ᱤᱧ ᱤᱧ ᱤᱧ ᱤᱧ ᱤᱧ ᱤᱧ ᱤᱧ ᱤᱧ ᱤᱧ ᱤᱧ ᱤᱧ ᱤᱧ ᱤᱧ ᱤᱧ ᱤᱧ ᱤᱧ ᱤᱧ ᱤᱧ ᱤᱧ ᱤᱧ ᱤᱧ ᱤᱧ ᱤᱧ ᱤᱧ ᱤᱧ ᱤᱧ ᱤᱧ ᱤᱧ ᱤᱧ ᱤᱧ ᱤᱧ ᱤᱧ ᱤᱧ ᱤᱧ ᱤᱧ ᱤᱧ ᱤᱧ ᱤᱧ ᱤᱧ ᱤᱧ ᱤᱧ ᱤᱧ ᱤᱧ ᱤᱧ ᱤᱧ ᱤᱧ ᱤᱧ ᱤᱧ ᱤᱧ ᱤᱧ ᱤᱧ ᱤᱧ ᱤᱧ ᱤᱧ ᱤᱧ ᱤᱧ ᱤᱧ ᱤᱧ ᱤᱧ ᱤᱧ ᱤᱧ ᱤᱧ ᱤᱧ ᱤᱧ ᱤᱧ ᱤᱧ ᱤᱧ ᱤᱧ ᱤᱧ ᱤᱧ ᱤᱧ ᱤᱧ ᱤᱧ ᱤᱧ ᱤᱧ ᱤᱧ ᱤᱧ ᱤᱧ ᱤᱧ ᱤᱧ ᱤᱧ ᱤᱧ ᱤᱧ ᱤᱧ ᱤᱧ ᱤᱧ ᱤᱧ ᱤᱧ ᱤᱧ ᱤᱧ ᱤᱧ ᱤᱧ ᱤᱧ ᱤᱧ ᱤᱧ ᱤᱧ ᱤᱧ ᱤᱧ ᱤᱧ ᱤᱧ ᱤᱧ ᱤᱧ ᱤᱧ ᱤᱧ ᱤᱧ ᱤᱧ ᱤᱧ ᱤᱧ ᱤᱧ ᱤᱧ ᱤᱧ ᱤᱧ
210,"अगर मैं ऐसा कर सकती, तो मैं तो सभी को चुन लेती।","ᱢᱮᱱᱠᱷᱟᱱ ᱤᱧᱟᱹᱜ ᱢᱤᱫᱴᱟᱝ ᱵᱷᱮᱜᱟᱨ ᱛᱟᱦᱮᱸ ᱠᱟᱱᱟ, ᱤᱧ ᱩᱱᱠᱩᱣᱟᱜ ᱡᱚᱛᱚᱧ ᱟᱸᱜᱚᱪᱟ ᱾","ᱤᱧ ᱡᱩᱫᱤ ᱚᱱᱟ ᱠᱚᱨᱟᱣ ᱫᱟᱲᱮᱹᱭᱟᱜᱼᱟ, ᱮᱱᱠᱷᱟᱱ ᱤᱧ ᱥᱟᱱᱟᱢ ᱠᱚ ᱵᱟᱪᱷᱱᱟᱣ ᱫᱟᱲᱮᱭᱟᱜᱼᱟ ᱾"
211,अगले साल मैं केवल एक ही ले सकती हूँ।,"ᱫᱚᱥᱟᱨ ᱥᱮᱨᱢᱟ ᱞᱟᱹᱜᱤᱫ, ᱤᱧ ᱠᱮᱵᱚᱞ ᱢᱤᱫᱴᱟᱝ ᱤᱧ ᱦᱟᱛᱟᱣ ᱫᱟᱲᱮᱭᱟᱜᱼᱟ ᱾",ᱛᱟᱭᱚᱢ ᱥᱮᱨᱢᱟ ᱤᱧ ᱥᱩᱢᱩᱝ ᱢᱤᱫᱴᱟᱝ ᱦᱟᱛᱟᱣ ᱫᱟᱲᱮᱭᱟᱜᱼᱟᱢ ᱾
212,तो मैं कहूंगी कि तुम ऐसी भाषा लो जो तुम्हारे सबसे ज्यादा काम आए।,ᱮᱱᱠᱷᱟᱱ ᱤᱧ ᱟᱢ ᱞᱟᱹᱜᱤᱫ ᱡᱚᱛᱚᱠᱷᱚᱱ ᱡᱟᱹᱨᱩᱲᱟᱱ ᱢᱤᱫᱴᱟᱝ ᱯᱟᱹᱨᱥᱤ ᱦᱟᱛᱟᱣ ᱨᱮᱭᱟᱜ ᱯᱚᱨᱟᱢᱚᱨᱥᱚᱧ ᱮᱢᱟᱢᱟ ᱾,"ᱚᱱᱟᱛᱮ ᱤᱧ ᱞᱟᱹᱭ ᱤᱧᱢᱮ ᱡᱮ, ᱟᱢ ᱡᱟᱦᱟᱸ ᱯᱟᱹᱨᱥᱤ ᱛᱮ ᱠᱟᱹᱢᱤ ᱢᱮ, ᱚᱱᱟ ᱫᱚ ᱟᱢ ᱞᱟᱹᱜᱤᱫ ᱡᱚᱛᱚ ᱠᱷᱚᱱ ᱰᱷᱮᱨ ᱵᱮᱣᱦᱟᱨᱚᱜᱼᱟ ᱾"
213,ऐसी जो भविष्य में तुम्हारे लिए उपयोगी रहे।,ᱡᱟᱦᱟᱸ ᱟᱜᱟᱢ ᱨᱮ ᱥᱚᱦᱚᱫᱤᱡ ᱦᱩᱭᱩᱜᱼᱟ ᱾,ᱡᱟᱦᱟᱸ ᱫᱚ ᱛᱟᱭᱚᱢ ᱫᱟᱨᱟᱢ ᱨᱮ ᱟᱢ ᱞᱟᱹᱜᱤᱫ ᱵᱮᱣᱦᱟᱨᱚᱜᱼᱟ ᱾
214,तुमने यह तय किया है क्या कि भविष्य में तुम क्या बनना चाहती हो?,ᱟᱢ ᱪᱮᱫ ᱟᱜᱟᱢ ᱨᱮ ᱪᱮᱫ ᱦᱩᱭᱩᱜ ᱥᱟᱱᱟᱢᱮᱭᱟ ᱚᱱᱟᱢ ᱴᱷᱟᱹᱣᱠᱟᱹ ᱟᱠᱟᱫᱟ ?,ᱟᱢ ᱪᱮᱫ ᱜᱚᱴᱟ ᱟᱠᱟᱫᱟ ᱡᱮ ᱟᱢ ᱛᱟᱭᱚᱢ ᱫᱟᱨᱟᱢ ᱨᱮ ᱪᱮᱫ ᱦᱩᱭᱩᱜ ᱠᱷᱚᱡ ᱠᱟᱱᱟ?
215,मैंने तो इस बारे में कुछ नहीं तय किया है।,ᱤᱧ ᱚᱱᱟᱞᱮᱠ ᱠᱟᱹᱪ ᱜᱚᱴᱟ ᱴᱷᱤᱠ ᱵᱟᱹᱧ ᱦᱟᱛᱟᱣ ᱟᱠᱟᱫᱟ ᱾,ᱤᱧ ᱱᱚᱶᱟ ᱤᱫᱤ ᱠᱟᱛᱮ ᱪᱮᱫᱦᱚᱸ ᱜᱚᱴᱟ ᱵᱟᱝ ᱟᱠᱟᱫᱟ ᱾
216,क्या तुम बता सकती हो कि किस क्षेत्र में कौन सी भाषा काम आएगी?,ᱟᱢ ᱤᱧᱮᱢ ᱞᱟᱹᱭ ᱫᱟᱲᱮ ᱟᱹᱧᱟᱹ ᱚᱠᱟ ᱯᱟᱹᱨᱥᱤ ᱚᱠᱟ ᱴᱷᱟᱶ ᱞᱟᱹᱜᱤᱫ ᱡᱟᱹᱨᱩᱲᱟᱱ ?,"ᱟᱢ ᱪᱮᱫ ᱞᱟᱹᱭ ᱫᱟᱲᱮᱭᱟᱜᱼᱟ ᱡᱮ, ᱪᱮᱫ ᱴᱚᱴᱷᱟ ᱨᱮ ᱪᱮᱫ ᱯᱟᱹᱨᱥᱤ ᱠᱟᱹᱢᱤᱼᱟ?"
217,इससे बाद मुझे चुनने में बहुत मदद मिलेगी।,ᱛᱟᱭᱚᱢ ᱵᱟᱪᱷᱱᱟᱣ ᱠᱚᱨᱟᱣ ᱤᱧ ᱞᱟᱹᱜᱤᱫ ᱥᱟᱹᱨᱤᱜᱮ ᱫᱚᱦᱚᱫᱤᱡ ᱦᱩᱭᱩᱜᱼᱟ ᱾,ᱚᱱᱟ ᱛᱟᱭᱚᱢ ᱱᱚᱶᱟ ᱫᱚ ᱤᱧ ᱵᱟᱪᱷᱱᱟᱣ ᱨᱮ ᱟᱹᱰᱤ ᱜᱚᱲᱚ ᱮᱢᱼᱟ ᱾
218,"अगर तुम साहित्य लेना चाहती हो, तो फ्रेंच उसके लिए सबसे अच्छी रहेगी।",ᱟᱢ ᱡᱚᱫᱤ ᱥᱟᱶᱷᱮᱫ ᱟᱸᱜᱚᱪ ᱥᱟᱱᱟᱢᱮᱭᱟ ᱮᱱᱠᱷᱟᱱ ᱯᱷᱚᱨᱟᱥᱤ ᱦᱩᱭᱩᱜᱼᱟ ᱚᱱᱟ ᱞᱟᱹᱜᱤᱫ ᱥᱚᱨᱮᱥ ᱾,"ᱟᱢ ᱡᱩᱫᱤ ꯁꯥꯍꯤᱴᱤᱭ ᱦᱟᱛᱟᱣ ᱢᱮ, ᱮᱱᱠᱷᱟᱱ ᱯᱷᱚᱨᱮᱱ ᱠᱚ ᱩᱱᱤ ᱞᱟᱹᱜᱤᱫ ᱥᱚᱨᱮᱥ ᱦᱩᱭᱩᱜᱼᱟ ᱾"
219,बहुत सारी साहित्यिक कृतियाँ हैं जो तुम पढ़ सकोगी।,ᱟᱢ ᱯᱟᱲᱦᱟᱣ ᱫᱟᱲᱮᱭᱟᱜᱼᱟ ᱡᱮ ᱥᱟᱶᱷᱮᱫ ᱠᱟᱹᱢᱤ ᱟᱹᱰᱤ ᱰᱷᱮᱨ ᱢᱮᱱᱟᱜᱼᱟ ᱾,ᱟᱢ ᱡᱟᱦᱟᱸ ᱟᱭᱢᱟ ꯁꯥꯍꯤᱴᱤᱭᱟᱹ ᱠᱟᱹᱢᱤ ᱠᱚ ᱯᱟᱲᱦᱟᱣ ᱫᱟᱲᱮᱭᱟᱜᱼᱟ ᱾
220,अगर तुम एंटरटेनमेंट के फील्ड में जाना चाहती हो तो कोरियन फायदेमंद है।,"ᱟᱢ ᱡᱚᱫᱤ ᱨᱟᱹᱥᱠᱟᱹᱣᱟᱱ ᱴᱷᱟᱶ ᱨᱮ ᱡᱟᱸᱜᱟ ᱫᱚᱦᱚ ᱥᱟᱱᱟ ᱢᱮᱭᱟ, ᱠᱳᱨᱤᱭᱟᱱ ᱮ ᱜᱚᱲᱚ ᱟᱢᱟ ᱾","ᱟᱢ ᱡᱩᱫᱤ ᱮᱱᱴᱟᱨᱴᱮᱱᱢᱮᱱᱴ ᱨᱮᱭᱟᱜ ᱴᱚᱴᱷᱟ ᱨᱮ ᱥᱮᱱ ᱞᱟᱹᱜᱤᱫ ᱮᱢ ᱠᱷᱚᱡᱟ, ᱮᱱᱠᱷᱟᱱ ᱠᱳᱨᱤᱭᱟ ᱫᱚ ᱱᱟᱯᱟᱭ ᱠᱟᱱᱟ ᱾"
221,के-पॉप और के-ड्रामा आजकल बहुत चल रहे हैं।,ᱠᱮᱼᱯᱚᱯ ᱟᱨ ᱠᱮᱼᱜᱟᱭᱟᱱᱠᱚ ᱛᱮᱦᱮᱧ ᱜᱟᱯᱟ ᱟᱭᱢᱟ ᱦᱚᱲᱠᱩᱥᱤᱭᱟᱱ ᱮ ᱧᱟᱢᱟ ᱾,ᱠᱮᱼᱯᱟᱯ ᱟᱨ ᱠᱮᱼᱰᱨᱮᱢᱟ ᱱᱟᱦᱟᱜ ᱚᱠᱛᱚ ᱨᱮ ᱟᱹᱰᱤ ᱰᱷᱮᱨ ᱪᱟᱞᱟᱣᱚᱜ ᱠᱟᱱᱟ ᱾
222,टूरिज़्म के लिए स्पैनिश वाकई उपयोगी होगी।,ᱤᱥᱯᱮᱱᱤᱥ ᱥᱟᱹᱨᱤᱜᱮ ᱥᱟᱸᱜᱷᱟᱨ ᱞᱟᱹᱜᱤᱫ ᱞᱟᱹᱠᱛᱤᱭᱟᱱ ᱦᱩᱭᱩᱜᱼᱟ ᱾,ᱴᱩᱨᱤᱡᱚᱢ ᱞᱟᱹᱜᱤᱫ ᱥᱯᱮᱱᱤᱥ ᱫᱚ ᱟᱹᱰᱤ ᱵᱮᱣᱦᱟᱨᱚᱜᱼᱟ ᱾
223,ये सब सुनने में बहुत सही लग रहा है।,ᱱᱚᱶᱟ ᱡᱚᱛᱚ ᱪᱚᱢᱠᱚᱨᱚᱡ ᱥᱟᱵᱟᱫ ᱾,ᱱᱚᱶᱟ ᱥᱟᱱᱟᱢᱟᱜ ᱠᱟᱛᱷᱟ ᱵᱟᱰᱟᱭ ᱞᱟᱹᱜᱤᱫ ᱛᱮ ᱟᱹᱰᱤ ᱱᱟᱯᱟᱭ ᱢᱚᱱᱮ ᱦᱩᱭᱩᱜ ᱠᱟᱱᱟ ᱾
224,मुझे लगता है कि आगे की पढ़ाई करने के लिए मैं साइंस लूंगी।,ᱤᱧ ᱢᱚᱱᱮᱭᱟ ᱤᱧ ᱤᱧᱟᱹᱜ ᱟᱨᱦᱚᱸ ᱯᱟᱲᱦᱟᱣ ᱞᱟᱹᱜᱤᱫ ᱥᱟᱬᱮᱥ ᱤᱧ ᱦᱟᱛᱟᱣᱼᱟ ᱾,ᱤᱧ ᱢᱚᱱᱮ ᱦᱩᱭᱩᱜ ᱠᱟᱱᱟ ᱟᱨᱦᱚᱸ ᱯᱟᱲᱦᱟᱣ ᱞᱟᱹᱜᱤᱫ ᱤᱧ ᱥᱟᱭᱤᱱᱥ ᱦᱟᱛᱟᱣᱼᱟ ᱾
225,साइंस की पढ़ाई के लिए कौन-कौन सी भाषाएं सबसे ज़्यादा काम आएंगी?,ᱥᱟᱬᱮᱥᱤᱭᱟᱹ ᱠᱷᱚᱸᱫᱽᱨᱚᱱᱤᱭᱟᱹ ᱞᱟᱹᱜᱤᱫ ᱡᱚᱛᱚ ᱯᱟᱹᱨᱥᱤ ᱨᱮ ᱚᱠᱟᱫᱚ ᱥᱚᱨᱮᱥ ?,ᱥᱟᱭᱱᱥ ᱯᱟᱲᱦᱟᱣ ᱞᱟᱹᱜᱤᱫ ᱪᱮᱫ ᱯᱟᱹᱨᱥᱤ ᱡᱚᱛᱚ ᱠᱷᱚᱱ ᱰᱷᱮᱨ ᱵᱮᱣᱦᱟᱨᱚᱜᱼᱟ?
226,तुम्हारे लिए जर्मन भाषा सबसे सही रहेगी।,ᱡᱟᱨᱢᱟᱱ ᱟᱢ ᱞᱟᱹᱜᱤᱫ ᱥᱚᱨᱮᱥ ᱯᱟᱹᱨᱥᱤ ᱦᱩᱭᱩᱜᱼᱟ ᱾,ᱟᱢ ᱞᱟᱹᱜᱤᱫ ᱡᱟᱨᱢᱟᱱ ᱯᱟᱹᱨᱥᱤ ᱫᱚ ᱡᱚᱛᱚ ᱠᱷᱚᱱ ᱱᱟᱯᱟᱭ ᱦᱩᱭᱩᱜᱼᱟ ᱾
227,"क्योंकि शुरू में अधिकतर डॉक्यूमेंट जर्मन में लिखे जाते थे, तो उससे तुम्हें फायदा होगा।","ᱚᱱᱟ ᱠᱷᱟᱹᱛᱤᱨ ᱰᱷᱮᱨᱜᱟᱱ ᱮᱛᱚᱦᱚᱵ ᱥᱟᱬᱮᱥᱤᱭᱟᱹ ᱱᱚᱛᱷᱤᱠᱚ ᱡᱟᱨᱢᱟᱱ ᱯᱟᱹᱨᱥᱤ ᱛᱮ ᱚᱞ ᱦᱩᱭ ᱞᱮᱱᱟ, ᱱᱚᱶᱟ ᱥᱟᱹᱨᱤᱜᱮ ᱥᱚᱦᱮᱫᱤᱡ ᱦᱩᱭᱩᱜᱼᱟ ᱾","ᱪᱮᱫᱟᱜ ᱥᱮ ᱮᱛᱚᱦᱚᱵ ᱨᱮ ᱰᱷᱮᱨᱜᱟᱱ ᱱᱚᱛᱷᱤ ᱡᱟᱨᱢᱟᱱ ᱯᱟᱹᱨᱥᱤ ᱛᱮ ᱚᱞ ᱛᱟᱦᱮᱸ ᱠᱟᱱᱟ, ᱚᱱᱟᱛᱮ ᱟᱢ ᱱᱚᱶᱟ ᱠᱷᱚᱱ ᱱᱟᱯᱟᱭ ᱧᱟᱢ ᱫᱟᱲᱮᱭᱟᱜᱼᱟ ᱾"
228,"इसके अलावा, जर्मनी में आगे की पढ़ाई के बहुत सारे अवसर हैं।","ᱚᱱᱟ ᱪᱷᱟᱰᱟ, ᱡᱟᱨᱢᱟᱱᱤ ᱨᱮ ᱟᱨᱦᱚᱸ ᱟᱭᱢᱟ ᱯᱟᱲᱦᱟᱣ ᱫᱟᱣ ᱢᱮᱱᱟᱜᱼᱟ ᱾","ᱱᱚᱶᱟ ᱵᱮᱜᱚᱨ ᱦᱚᱸ, ᱡᱟᱨᱟᱢᱱᱤ ᱨᱮ ᱟᱨᱦᱚᱸ ᱯᱟᱲᱦᱟᱣ ᱨᱮᱭᱟᱜ ᱟᱭᱢᱟ ᱩᱯᱟᱹᱭ ᱢᱮᱱᱟᱜᱼᱟ ᱾"
229,लेकिन अगर तुम टेक्नोलॉजी में जाना चाहती हो तो मुझे लगता है चीनी भाषा बेहतर होगी।,"ᱮᱱᱠᱷᱟᱱ, ᱟᱢ ᱡᱚᱫᱤ ᱦᱚᱨᱟ ᱞᱮᱠᱟᱛᱮ ᱪᱟᱞᱟᱜ ᱥᱟᱱᱟᱢᱮᱭᱟ, ᱤᱧ ᱢᱚᱱᱮᱭᱟ ᱪᱤᱱᱟ ᱯᱟᱹᱨᱥᱤ ᱟᱸᱜᱚᱪ ᱵᱷᱟᱜᱮ ᱦᱩᱭᱩᱜᱼᱟ ᱾","ᱢᱮᱱᱠᱷᱟᱱ ᱟᱢ ᱡᱩᱫᱤ ᱛᱮᱠᱱᱤᱠᱚᱞ ᱨᱮ ᱪᱟᱞᱟᱣ ᱠᱷᱚᱡᱟ, ᱮᱱᱠᱷᱟᱱ ᱤᱧ ᱢᱚᱱᱮ ᱦᱩᱭᱩᱜ ᱠᱟᱱᱟ ᱪᱤᱱ ᱨᱮᱭᱟᱜ ᱯᱟᱹᱨᱥᱤ ᱟᱨᱦᱚᱸ ᱱᱟᱯᱟᱭ ᱦᱩᱭᱩᱜᱼᱟ ᱾"
230,"जिस तेजी से वे नई टेक्नोलॉजीज़ ला रहे हैं, तुम्हें उनके कदम से कदम मिलाना होगा।",ᱩᱱᱠᱩ ᱡᱟᱦᱟᱸ ᱜᱚᱛᱤ ᱛᱮ ᱞᱟᱜᱟᱱᱠᱟᱹᱨᱤ ᱠᱚ ᱥᱟᱯᱲᱟᱣ ᱮᱫᱟ ᱚᱱᱟ ᱥᱟᱵ ᱞᱟᱹᱜᱤᱫ ᱟᱢᱟᱜ ᱱᱚᱶᱟ ᱞᱟᱹᱠᱛᱤ ᱦᱩᱭᱩᱜᱼᱟ ᱾,"ᱩᱱᱠᱩ ᱡᱟᱦᱟᱸ ᱞᱚᱜᱚᱱ ᱱᱟᱶᱟ ᱛᱮᱠᱱᱤᱠᱚᱞ ᱠᱚ ᱤᱫᱤ ᱮᱫᱟ, ᱟᱢ ᱩᱱᱠᱩᱭᱟᱜ ᱦᱚᱨᱟ ᱞᱮᱠᱟᱛᱮ ᱢᱤᱫ ᱥᱟᱶᱛᱮ ᱢᱤᱫ ᱦᱳᱭᱳᱜᱼᱟ ᱾"
231,मुझे लगने लगा है कि इससे मुझे भविष्य में चुनने में बहुत मदद मिलेगी।,ᱤᱧ ᱴᱷᱤᱠᱟᱹᱭᱟ ᱡᱮ ᱱᱚᱶᱟ ᱟᱜᱟᱢ ᱨᱮ ᱵᱟᱪᱷᱱᱟᱣ ᱞᱟᱹᱜᱤᱫ ᱤᱧᱟᱹᱜ ᱞᱟᱹᱜᱤᱫ ᱥᱚᱦᱮᱫ ᱦᱩᱭᱩᱜᱼᱟ ᱾,"ᱤᱧ ᱢᱚᱱᱮ ᱦᱩᱭᱩᱜ ᱮᱦᱚᱵ ᱟᱠᱟᱱᱟ ᱡᱮ, ᱱᱚᱶᱟ ᱫᱚ ᱤᱧ ᱛᱟᱭᱚᱢ ᱫᱟᱨᱟᱢ ᱨᱮ ᱵᱟᱪᱷᱱᱟᱣ ᱨᱮ ᱟᱹᱰᱤ ᱜᱚᱲᱚ ᱮᱢᱼᱟ ᱾"
232,मेरे सभी प्यारे स्टूडेंट्स को गुड मॉर्निंग।,ᱥᱟᱹᱜᱩᱱ ᱥᱮᱛᱟᱜ ᱤᱧᱨᱮᱱ ᱥᱟᱱᱟᱢ ᱫᱩᱞᱟᱹᱲᱤᱭᱟᱹ ᱯᱟᱹᱴᱷᱣᱟᱹᱠᱚ ᱾,ᱤᱧᱟᱹᱜ ᱥᱟᱱᱟᱢ ᱤᱧᱤᱡ ᱥᱮᱪᱮᱫᱤᱭᱟᱹ ᱠᱚ ᱞᱟᱹᱜᱤᱫ ᱟᱹᱰᱤ ᱱᱟᱯᱟᱭ ᱫᱤᱱ ᱾
233,उम्मीद है कि आप सब ठीक हैं।,ᱟᱥᱚᱜ ᱠᱟᱱᱟᱹᱧ ᱟᱯᱮ ᱥᱟᱱᱟᱢ ᱠᱚᱜᱮ ᱱᱟᱯᱟᱭ ᱢᱮᱱᱟᱜ ᱯᱮᱭᱟ,ᱟᱭᱢᱟᱜᱟᱱ ᱡᱮ ᱟᱢ ᱥᱟᱱᱟᱢᱟᱜ ᱜᱮ ᱱᱟᱯᱟᱭ ᱠᱟᱱᱟ ᱾
234,क्या आपको याद है कि कैसे हमने अपने पिछली क्लास में नदियों के बारे में बातें करना शुरू किया था?,ᱫᱤᱥᱟᱹᱭᱮᱫᱟᱯᱮ ᱟᱵᱳᱣᱟᱜ ᱢᱩᱪᱟᱹᱫ ᱠᱞᱟᱥᱨᱮ ᱪᱮᱫ ᱞᱮᱠᱟᱛᱮ ᱟᱵᱳ ᱱᱟᱹᱭ ᱤᱫᱤ ᱠᱟᱛᱮᱜ ᱠᱟᱛᱷᱟᱵᱚ ᱮᱛᱚᱦᱚᱵ ᱞᱮᱫᱟ ?,"ᱟᱢ ᱪᱮᱫ ᱢᱚᱱᱮ ᱦᱩᱭᱩᱜ ᱠᱟᱱᱟ ᱡᱮ, ᱤᱧᱟᱹᱜ ᱢᱟᱲᱟᱝ ᱨᱮᱭᱟᱜ ᱥᱮᱪᱮᱫ ᱨᱮ ᱪᱮᱫ ᱞᱮᱠᱟᱛᱮ ᱱᱟᱹᱭ ᱠᱚ ᱤᱫᱤ ᱠᱟᱛᱮ ᱠᱟᱛᱷᱟ ᱞᱟᱹᱭ ᱮᱦᱚᱵ ᱞᱮᱱᱟ ᱾"
235,"क्या आप मुझे बता सकते हैं कि आप हमारे देश की कुछ प्रसिद्ध नदियों के बारे में, उनकी विशेषताओं के साथ आप क्या जानते हैं, ?","ᱟᱢ ᱪᱮᱫ ᱤᱧ ᱮᱢ ᱞᱟᱹᱭ ᱫᱟᱲᱮᱭᱟᱧᱟ ᱟᱵᱳ ᱫᱤᱥᱚᱢ ᱨᱮᱭᱟᱜ ᱠᱤᱪᱷᱤ ᱧᱩᱢ ᱩᱨᱩᱢ ᱵᱟᱹᱭ ᱵᱟᱨᱮᱛᱮ ᱡᱟᱦᱟᱸ ᱟᱢᱮᱢ ᱵᱟᱲᱟᱭᱟ, ᱮᱴᱟᱜ ᱵᱤᱥᱮᱥᱛᱟ ᱥᱟᱶᱛᱮ ?","ᱟᱢ ᱠᱤ ᱤᱧ ᱞᱟᱹᱭ ᱫᱟᱲᱮᱭᱟᱜᱼᱟ ᱡᱮ, ᱟᱢᱨᱮᱱ ᱫᱤᱥᱚᱢ ᱨᱮᱭᱟᱜ ᱠᱤᱪᱷᱩᱜᱟᱱ ᱧᱩᱛᱩᱢᱟᱱ ᱱᱟᱹᱭ, ᱚᱱᱟ ᱨᱮᱭᱟᱜ ᱪᱤᱱᱦᱟᱹ ᱠᱚ ᱤᱫᱤ ᱠᱟᱛᱮ ᱟᱢ ᱪᱮᱫᱢ ᱵᱟᱰᱟᱭ ᱠᱟᱱᱟ?"
236,"गुड मॉर्निंग, मिस ली!","ᱥᱟᱹᱜᱩᱱ ᱥᱮᱛᱟᱜ, ᱢᱤᱥ ᱞᱤᱭᱟ !","ᱜᱩᱰ ᱢᱟᱨᱱᱤᱝ, ᱢᱤᱥ ᱞᱤ!"
237,मुझे पिछली क्लास में बताई गई कुछ नदियाँ याद हैं।,ᱤᱧ ᱫᱤᱥᱟᱹᱭᱮᱫᱟ ᱢᱩᱪᱟᱹᱫ ᱠᱞᱟᱥ ᱨᱮᱭᱟᱜ ᱠᱤᱩᱪᱷᱤ ᱱᱟᱹᱭ ᱵᱟᱨᱮᱛᱮ ᱾,ᱤᱧ ᱢᱟᱲᱟᱝ ᱨᱮᱭᱟᱜ ᱥᱮᱪᱮᱫ ᱨᱮ ᱞᱟᱹᱭ ᱟᱠᱟᱱ ᱠᱤᱪᱷᱩᱜᱟᱱ ᱱᱟᱹᱭ ᱠᱚ ᱩᱭᱦᱟᱹᱨ ᱟᱠᱟᱫᱟ ᱾
238,"हमने गंगा नदी से शुरुआत की थी, जिसे गैंजीज़ भी कहा जाता है, जो देश की सबसे लंबी नदी है, इसकी बहुत धार्मिक महत्ता है लेकिन इसके साथ ही, यह सबसे प्रदूषित नदियों में से एक है।","ᱟᱵᱳ ᱜᱟᱝᱜᱟ ᱱᱟᱹᱭ ᱛᱮᱵᱚᱱ ᱮᱛᱚᱦᱚᱵ ᱞᱮᱫᱟ, ᱡᱟᱦᱟᱸᱫᱚ ᱜᱟᱝᱜᱟ ᱦᱚᱸᱠᱚ ᱢᱮᱛᱟᱜᱼᱟ, ᱡᱟᱦᱟᱸᱫᱚ ᱵᱷᱟᱨᱚᱛ ᱨᱮᱭᱟᱜ ᱡᱚᱛᱚᱠᱷᱚᱱ ᱡᱮᱞᱮᱧ ᱱᱟᱹᱭ ᱠᱟᱱᱟ, ᱱᱚᱶᱟ ᱨᱮᱭᱟᱜ ᱫᱚ ᱫᱚᱨᱚᱢᱟᱱ ᱛᱮᱛᱮᱫ ᱢᱮᱱᱟᱜᱼᱟ, ᱢᱮᱱᱠᱷᱟᱱ ᱤᱱᱟᱹ ᱚᱠᱛᱚᱨᱮᱜᱮ, ᱱᱚᱶᱟᱫᱚ ᱡᱚᱛᱚᱠᱷᱚᱱ ᱵᱟᱹᱲᱛᱤ ᱵᱤᱥᱟᱹᱣ ᱟᱠᱟᱱ ᱱᱟᱹᱭ ᱠᱚ ᱢᱩᱫᱨᱮ ᱠᱟᱱᱟ ᱾","ᱤᱧᱟᱹᱜ ᱮᱛᱚᱦᱚᱵ ᱦᱩᱭ ᱞᱮᱱᱟ ᱜᱟᱝᱜᱟ ᱱᱟᱹᱭ ᱠᱷᱚᱱ, ᱡᱟᱦᱟᱸ ᱫᱚ ᱜᱮᱝᱡᱤᱡᱽ ᱧᱩᱛᱩᱢ ᱛᱮ ᱦᱚᱸ ᱩᱯᱨᱩᱢᱟ, ᱡᱟᱦᱟᱸ ᱫᱚ ᱫᱤᱥᱚᱢ ᱨᱮᱭᱟᱜ ᱡᱚᱛᱚ ᱠᱷᱚᱱ ᱡᱮᱞᱮᱧ ᱱᱟᱹᱭ, ᱱᱚᱶᱟ ᱨᱮᱭᱟᱜ ᱟᱹᱰᱤ ᱫᱷᱚᱨᱚᱢ ᱟᱱᱟᱜ ᱢᱟᱹᱱ ᱢᱮᱱᱟᱜᱼᱟ, ᱢᱮᱱᱠᱷᱟᱱ ᱚᱱᱟ ᱥᱟᱶ ᱥᱟᱶᱛᱮ, ᱱᱚᱶᱟ ᱫᱚ ᱡᱚᱛᱚ ᱠᱷᱚᱱ ᱰᱷᱮᱨ ᱮᱥᱮᱨᱟᱱ ᱱᱟᱹᱭ ᱠᱚ ᱢᱩᱫᱨᱮ ᱢᱤᱫᱴᱟᱝ ᱾"
239,"यह हिमाचल प्रदेश के गंगोत्री से शुरू होती है और इसकी लंबाई लगभग 2525 कि.मी. है, यह 15 से अधिक बड़े शहरों से बहती है।","ᱱᱚᱶᱟᱫᱚ ᱦᱤᱢᱟᱪᱚᱞ ᱯᱨᱚᱫᱮᱥ ᱨᱮᱭᱟᱜ ᱜᱟᱝᱜᱳᱛᱨᱤ ᱠᱷᱚᱱ ᱮᱛᱚᱦᱚᱵ ᱟᱠᱟᱱᱟ, ᱟᱨ ᱱᱚᱶᱟ ᱨᱮᱭᱟᱜ ᱡᱮᱞᱮᱧ ᱫᱚ ᱡᱟᱹᱱᱤᱡᱽ ᱒᱕᱒᱕ ᱠᱤᱢᱤ, ᱑᱕ ᱜᱚᱴᱟᱝ ᱠᱷᱚᱱ ᱵᱟᱹᱲᱛᱤ ᱢᱩᱲᱩᱫ ᱵᱷᱟᱨᱚᱛᱤᱭᱚ ᱥᱟᱦᱟᱨ ᱛᱟᱞᱟᱛᱮ ᱟᱹᱛᱩ ᱪᱟᱞᱟᱣ ᱟᱠᱟᱱᱟ ᱾","ᱱᱚᱶᱟ ᱫᱚ ہماچل ᱯᱨᱚᱫᱮᱥ ᱨᱮᱭᱟᱜ ᱜᱟᱝᱜᱳᱛᱨᱤ ᱠᱷᱚᱱ ᱮᱛᱚᱦᱚᱵ ᱟᱠᱟᱱᱟ ᱟᱨ ᱱᱚᱶᱟ ᱨᱮᱭᱟᱜ ᱡᱮᱞᱮᱧ ᱚᱱᱢᱟᱱ 2525 <ᱟᱭ ᱰᱤ 1>, ᱱᱚᱶᱟ ᱫᱚ 15 ᱜᱚᱴᱟᱝ ᱠᱷᱚᱱ ᱦᱚᱸ ᱰᱷᱮᱨ ᱢᱟᱨᱟᱝ ᱥᱟᱦᱟᱨ ᱛᱟᱞᱟᱛᱮ ᱪᱟᱞᱟᱣ ᱟᱠᱟᱱᱟ ᱾"
240,"और हाँ, इसने दुनिया का सबसे बड़ा डेल्टा भी बनाया है: पश्चिम बंगाल में सुंदरवन।","ᱟᱨ ᱦᱮᱸ, ᱱᱚᱶᱟᱫᱚ ᱫᱷᱟᱹᱨᱛᱤ ᱨᱮᱭᱟᱜ ᱡᱚᱛᱚᱠᱷᱚᱱ ᱢᱟᱨᱟᱝ ᱵᱚᱼᱰᱷᱤᱯ ᱯᱚᱪᱷᱤᱢ ᱵᱟᱝᱜᱟᱞ ᱨᱮᱭᱟᱜ ᱥᱩᱱᱫᱚᱨᱵᱚᱱᱨᱮ ᱵᱮᱱᱟᱣ ᱟᱠᱟᱱᱟ ᱾","ᱟᱨ ᱦᱩᱭᱩᱜ ᱠᱟᱱᱟ, ᱱᱚᱶᱟ ᱫᱚ ᱡᱮᱜᱮᱫ ᱨᱮᱭᱟᱜ ᱢᱟᱨᱟᱝ ᱰᱮᱞᱴᱟ ᱦᱚᱸ ᱵᱮᱱᱟᱣ ᱟᱠᱟᱫᱟ ᱾ ᱯᱚᱪᱷᱤᱢ ᱵᱟᱝᱞᱟ ᱨᱮᱭᱟᱜ ᱥᱩᱱᱫᱚᱨᱵᱚᱱ ᱾"
241,तुम्हें इंडस के बारे में याद है?,ᱥᱤᱱᱫᱷᱩ ᱨᱮᱭᱟᱜ ᱠᱟᱛᱷᱟᱢ ᱩᱭᱦᱟᱹᱨ ᱮᱫᱟ ?,ᱟᱢ ᱤᱱᱰᱟᱥ ᱤᱫᱤ ᱠᱟᱛᱮ ᱩᱭᱦᱟᱹᱨ ᱫᱚᱦᱚ ᱟᱠᱟᱫᱟ?
242,"इस नदी ने सबसे बड़ी प्राचीन मानव सभ्यता, सिंधु घाटी सभ्यता को बनाया है और इसका बहुत बड़ा ऐतिहासिक महत्व है।","ᱱᱚᱶᱟ ᱱᱟᱹᱭ ᱫᱚ ᱢᱟᱨᱟᱝ ᱩᱛᱟᱹᱨᱟᱱ ᱥᱮᱫᱟᱭ ᱢᱟᱹᱱᱢᱤ ᱥᱚᱥᱱᱚᱜ, ᱥᱤᱱᱫᱷᱩ ᱥᱚᱥᱱᱚᱜ ᱮ ᱡᱟᱱᱟᱢ ᱟᱠᱟᱫᱟ ᱟᱨ ᱢᱤᱫ ᱢᱟᱨᱟᱝ ᱱᱟᱜᱟᱢᱤᱭᱟᱹ ᱜᱚᱱᱚᱝ ᱮ ᱦᱟᱛᱟᱣ ᱟᱠᱟᱫᱟ ᱾","ᱱᱚᱶᱟ ᱱᱟᱹᱭ ᱫᱚ ᱡᱚᱛᱚ ᱠᱷᱚᱱ ᱢᱟᱨᱟᱝ ᱢᱟᱨᱮᱱ ᱦᱚᱲ ᱥᱟᱡᱚᱥᱚᱱᱛᱤ, ᱥᱤᱱᱫᱷᱩ ᱵᱩᱨᱩ ᱥᱟᱡᱚᱥᱚᱱᱛᱤ ᱵᱮᱱᱟᱣ ᱟᱠᱟᱫᱟ ᱟᱨ ᱱᱚᱶᱟ ᱨᱮᱭᱟᱜ ᱟᱹᱰᱤ ᱢᱟᱨᱟᱝ ᱱᱟᱜᱟᱢᱤᱭᱟᱹ ᱜᱚᱱᱚᱝ ᱢᱮᱱᱟᱜᱼᱟ ᱾"
243,"हाँ, और आपने कहा था कि इसे सिंधु भी कहते हैं।","ᱦᱮᱸ, ᱟᱢᱮᱢ ᱞᱟᱹᱭ ᱟᱠᱟᱫ ᱱᱚᱶᱟᱦᱚᱸ ᱥᱤᱱᱫᱷᱩ ᱠᱚ ᱢᱮᱱᱟ ᱾","ᱦᱩᱭᱩᱜ ᱠᱟᱱᱟ, ᱟᱨ ᱟᱢ ᱞᱟᱹᱭ ᱟᱠᱟᱫᱟ ᱡᱮ ᱱᱚᱶᱟ ᱫᱚ ᱥᱤᱱᱫᱷᱩ ᱦᱚᱸ ᱢᱮᱱᱚᱜᱼᱟ ᱾"
244,"यह चीन, पाकिस्तान और भारत से भी हो कर बहती है।","ᱱᱚᱶᱟᱫᱚ ᱪᱤᱱ, ᱯᱟᱠᱤᱥᱛᱟᱱ, ᱥᱟᱶ ᱥᱟᱶᱛᱮ ᱵᱷᱟᱨᱚᱛ ᱫᱤᱥᱚᱢ ᱛᱟᱞᱟ ᱛᱮᱦᱚᱸ ᱟᱹᱛᱩ ᱟᱠᱟᱱᱟ ᱾","ᱱᱚᱶᱟ ᱫᱚ ᱪᱤᱱ, ᱯᱟᱠᱤᱥᱛᱟᱱ ᱟᱨ ᱵᱷᱟᱨᱚᱛ ᱛᱟᱞᱟᱛᱮ ᱦᱚᱸ ᱪᱟᱞᱟᱣ ᱟᱠᱟᱱᱟ ᱾"
245,"भारत में इसका केवल पाँच फ़ीसदी हिस्सा है, इसके बावजूद यह सभ्यता के साथ-साथ अर्थव्यवस्था की दृष्टि से सबसे महत्वपूर्ण नदियों में से एक है।","ᱵᱷᱟᱨᱚᱛ ᱨᱮᱭᱟᱜ ᱢᱚᱬᱮ ᱥᱟᱭᱦᱤᱥ ᱦᱤᱸᱥ ᱢᱮᱱᱟᱜ ᱛᱟᱭᱟ, ᱮᱱᱛᱮᱦᱚᱸ ᱥᱚᱥᱱᱚᱜ ᱥᱟᱶ ᱥᱟᱶᱛᱮ ᱠᱟᱹᱣᱰᱤᱟᱹᱨᱤ ᱥᱮᱪ ᱛᱮᱦᱚᱸ ᱱᱚᱶᱟᱫᱚ ᱞᱟᱹᱠᱛᱤᱭᱟᱱ ᱱᱟᱹᱭ ᱠᱟᱱᱟ ᱾","ᱵᱷᱟᱨᱚᱛ ᱨᱮ ᱱᱚᱶᱟ ᱨᱮᱭᱟᱜ ᱥᱩᱢᱩᱝ ᱢᱚᱬᱮ ᱥᱟᱭᱦᱤᱸᱥ ᱢᱮᱱᱟᱜᱼᱟ, ᱮᱱᱦᱚᱸ ᱱᱚᱶᱟ ᱫᱚ ᱥᱟᱡᱚᱥᱟᱱ ᱥᱟᱶ ᱥᱟᱶᱛᱮ ᱠᱟᱹᱣᱰᱤ ᱟᱹᱨᱤ ᱞᱮᱠᱟᱛᱮ ᱡᱚᱛᱚ ᱠᱷᱚᱱ ᱞᱟᱹᱠᱛᱤᱭᱟᱱ ᱱᱟᱹᱭ ᱠᱚ ᱢᱩᱫᱨᱮ ᱢᱤᱫᱴᱟᱝ ᱾"
246,"मैम, आपने इंडिया और इंडस के संबंध के बारे में भी कुछ बताया था; क्या आप उस हिस्से को दोहरा सकती हैं?","ᱢᱟᱪᱮᱛᱟᱱᱤ, ᱟᱢ ᱵᱷᱟᱨᱚᱛ ᱟᱨ ᱥᱤᱱᱫᱷᱩ ᱟᱹᱲᱟᱹ ᱨᱮᱭᱟᱜ ᱡᱚᱯᱲᱟᱣ ᱵᱟᱨᱮᱛᱮ ᱠᱤᱪᱷᱤᱢ ᱞᱟᱹᱭ ᱞᱮᱫᱟ ; ᱟᱢ ᱪᱮᱫ ᱚᱱᱟ ᱫᱚᱲᱦᱟᱛᱮᱢ ᱞᱟᱹᱭᱟ ?","ᱢᱟᱢ, ᱟᱢ ᱵᱷᱟᱨᱚᱛ ᱟᱨ ᱤᱱᱰᱟᱥ ᱨᱮᱭᱟᱜ ᱡᱳᱜᱟᱡᱳᱜ ᱤᱫᱤ ᱠᱟᱛᱮ ᱠᱤᱪᱷᱩ ᱞᱟᱹᱭ ᱟᱠᱟᱫᱟ; ᱟᱢ ᱠᱤ ᱚᱱᱟ ᱦᱤᱸᱥ ᱫᱚ ᱵᱟᱨᱮᱛᱮ ᱞᱟᱹᱭ ᱫᱟᱲᱮᱭᱟᱜᱼᱟ?"
247,उत्तर-पश्चिमी भारत से पाकिस्तान की ओर जाने वाले इंडस जलमार्ग का नाम संस्कृत के सिंधु से आया है।,ᱩᱛᱟᱹᱨᱼᱯᱚᱪᱷᱤᱢ ᱵᱦᱟᱨᱚᱛ ᱛᱟᱞᱟᱛᱮ ᱯᱟᱠᱤᱥᱛᱟᱱ ᱪᱟᱞᱟᱣ ᱟᱠᱟᱱ ᱥᱤᱱᱫᱷᱩ ᱫᱟᱜ ᱰᱟᱦᱟᱨ ᱨᱮᱭᱟᱜ ᱧᱩᱛᱩᱢ ᱥᱚᱝᱥᱠᱨᱤᱛ ᱟᱹᱲᱟᱹ ᱥᱤᱱᱫᱷᱩ ᱠᱷᱚᱱ ᱦᱮᱡᱽ ᱟᱠᱟᱱᱟ,ᱩᱛᱛᱚᱨᱼᱯᱚᱪᱷᱤᱢ ᱵᱷᱟᱨᱚᱛ ᱠᱷᱚᱱ ᱯᱟᱠᱤᱥᱛᱟᱱ ᱥᱮᱫ ᱪᱟᱞᱟᱣᱚᱜ ᱠᱟᱱ ᱤᱱᱰᱟᱥ ᱫᱟᱜ ᱰᱟᱦᱟᱨ ᱨᱮᱭᱟᱜ ᱧᱩᱛᱩᱢ سنسکرت ᱨᱮᱭᱟᱜ ᱥᱤᱱᱫᱷᱩ ᱠᱷᱚᱱ ᱦᱮᱡ ᱟᱠᱟᱱᱟ ᱾
248,"फ़ारसी लोगों ने इंडस जलमार्ग के आस-पास की भूमि को हिंदू कहा, जो संस्कृत के सिंधु का गलत रूप है और इस तरह इंडिया नाम इंडस से आया।","ᱯᱟᱨᱚᱥᱥᱚ ᱠᱚᱫᱚ ᱥᱤᱱᱫᱦᱩ ᱫᱟᱜ ᱰᱟᱦᱟᱨ ᱨᱮᱭᱟᱜ ᱟᱰᱮᱯᱟᱥᱮ ᱨᱮᱭᱟᱜ ᱡᱩᱢᱤᱠᱚ ᱦᱤᱱᱫᱩ ᱞᱮᱠᱟᱛᱮᱠᱚ ᱵᱚᱨᱟᱫᱽ ᱞᱮᱫᱟ, ᱥᱚᱝᱥᱠᱨᱤᱛ ᱫᱚ ᱥᱤᱱᱫᱷᱩ ᱨᱮᱭᱟᱜ ᱢᱤᱫ ᱦᱤᱲᱤᱡᱽ ᱟᱨ ᱚᱱᱟᱛᱮ ᱥᱤᱱᱫᱷᱩ ᱠᱷᱚᱱ ᱵᱦᱟᱨᱚᱛ ᱧᱩᱛᱩᱢ ᱫᱚ ᱦᱮᱡᱽ ᱟᱠᱟᱱᱟ ᱾","ᱯᱟᱨᱚᱥᱥᱚ ᱨᱮᱱ ᱦᱚᱲᱠᱚ ᱤᱱᱫᱟᱥ ᱫᱟᱜ ᱰᱟᱦᱟᱨ ᱥᱳᱨᱥᱳᱯᱳᱨ ᱫᱤᱥᱚᱢ ᱫᱚ ᱦᱤᱱᱫᱩ ᱠᱚ ᱢᱮᱱ ᱞᱮᱫᱟ, ᱡᱟᱦᱟᱸ ᱫᱚ ᱥᱚᱝᱥᱠᱨᱤᱛ ᱨᱮᱭᱟᱜ ᱥᱤᱱᱫᱷᱩ ᱨᱮᱭᱟᱜ ᱢᱤᱫᱴᱟᱝ ᱵᱮᱼᱵᱩᱴᱟᱹ ᱨᱩᱯ ᱟᱨ ᱚᱱᱟᱛᱮ ᱵᱷᱟᱨᱚᱛ ᱧᱩᱛᱩᱢ ᱫᱚ ᱤᱱᱫᱟᱥ ᱠᱷᱚᱱ ᱦᱮᱡ ᱞᱮᱱᱟ ᱾"
249,"ओह, हाँ, आपने हमें यह सब सिखाया था, धन्यवाद।","ᱳᱦ,ᱴᱷᱤᱠ ᱜᱮᱭᱟ, ᱟᱢ ᱱᱚᱶᱟᱠᱚ ᱟᱞᱮᱢ ᱪᱮᱫ ᱟᱠᱟᱫ ᱞᱮᱭᱟ, ᱟᱢ ᱟᱭᱢᱟ ᱥᱟᱨᱦᱟᱣ ᱾","ᱳᱦ, ᱟᱢ, ᱟᱢ ᱱᱚᱶᱟ ᱥᱟᱱᱟᱢᱟᱜ ᱜᱮ ᱥᱮᱪᱮᱫ ᱮᱢ ᱟᱠᱟᱫᱟ, ᱟᱢ ᱫᱚ ᱥᱟᱨᱦᱟᱰ ᱮᱢ ᱮᱫᱟ ᱾"
250,क्या आपको याद है कि हम कुछ समय पहले भारत की सबसे बड़ी नदी ब्रह्मपुत्र के बारे में चर्चा कर रहे थे?,ᱵᱷᱟᱨᱚᱛ ᱨᱮᱭᱟᱜ ᱡᱚᱛᱚᱠᱷᱚᱱ ᱢᱟᱨᱟᱝ ᱱᱟᱹᱭ ᱵᱨᱚᱢᱢᱚᱯᱩᱛᱨᱚ ᱱᱟᱹᱭ ᱤᱫᱤ ᱠᱟᱛᱜ ᱟᱵᱳ ᱡᱟᱦᱟᱸᱵᱚᱱ ᱜᱟᱞᱚᱪ ᱞᱮᱫᱟ ᱚᱱᱟ ᱪᱮᱫ ᱫᱤᱥᱟᱹ ᱢᱮᱱᱟᱜᱼᱟ ?,"ᱟᱢ ᱠᱤ ᱢᱚᱱᱮ ᱦᱩᱭᱩᱜ ᱠᱟᱱᱟ ᱡᱮ, ᱠᱤᱪᱷᱩ ᱚᱠᱛᱚ ᱞᱟᱦᱟ ᱵᱷᱟᱨᱚᱛ ᱨᱮᱭᱟᱜ ᱢᱟᱨᱟᱝ ᱱᱟᱹᱭ ᱵᱨᱟᱢᱵᱷᱚᱯᱚᱛᱨᱚ ᱤᱫᱤ ᱠᱟᱛᱮ ᱤᱧᱟᱹᱜ ᱠᱟᱛᱷᱟ ᱛᱟᱦᱮᱸ ᱠᱟᱱᱟ ᱾"
251,यह कहाँ से शुरू होती है और वहाँ उसका अलग नाम कैसे है?,ᱚᱠᱟ ᱠᱷᱚᱱ ᱮᱛᱚᱦᱚᱵ ᱟᱠᱟᱱᱟ ᱟᱨ ᱚᱸᱰᱮ ᱪᱮᱫ ᱞᱮᱠᱟᱛᱮ ᱵᱷᱤᱱᱟᱹ ᱧᱩᱛᱩᱢᱚᱜ ᱠᱟᱱᱟ ?,ᱱᱚᱶᱟ ᱫᱚ ᱪᱮᱫ ᱠᱷᱚᱱ ᱮᱦᱚᱵᱚᱜᱼᱟ ᱟᱨ ᱚᱱᱟ ᱠᱷᱚᱱ ᱱᱚᱶᱟ ᱨᱮᱭᱟᱜ ᱮᱴᱟᱜ ᱧᱩᱛᱩᱢ ᱪᱮᱫ ᱞᱮᱠᱟᱛᱮ ᱧᱟᱢᱚᱜᱼᱟ?
252,यह कैलाश पर्वत के पास आंग्सी हिमनद से शुरू होती है और इसे यारलुंग त्संगपो भी कहा जाता है।,ᱱᱚᱶᱟᱫᱚ ᱠᱳᱭᱞᱟᱥ ᱨᱟᱛᱟᱝᱵᱩᱨᱩ ᱥᱩᱨ ᱨᱮ ᱟᱝᱥᱤ ᱦᱤᱢᱚᱵᱟᱦᱚ ᱠᱷᱚᱱ ᱥᱤᱨᱡᱟᱹᱣ ᱟᱠᱟᱱᱟ ᱟᱨ ᱱᱚᱶᱟᱫᱚ ᱤᱭᱟᱨᱞᱩᱝ ᱥᱟᱝᱯᱳᱣ ᱠᱚ ᱢᱮᱛᱟᱜᱼᱟ ᱾,ᱱᱚᱶᱟ ᱫᱚ ᱠᱟᱞᱟᱥ ᱵᱩᱨᱩ ᱴᱷᱮᱱ ᱟᱱᱜᱥᱤ ᱜᱞᱮᱥᱤᱨ ᱠᱷᱚᱱ ᱮᱛᱚᱦᱚᱵ ᱟᱠᱟᱱᱟ ᱟᱨ ᱱᱚᱶᱟ ᱫᱚ ᱤᱭᱟᱨᱞᱩᱱ ᱡᱟᱝᱯᱳ ᱧᱩᱛᱩᱢ ᱛᱮ ᱦᱚᱸ ᱩᱯᱨᱩᱢᱟ ᱾
253,इसके डेल्टा पर 13 करोड़ लोग रहते हैं और 6 लाख लोग नदी के पाने से घिरे द्वीप पर रहते हैं।,"ᱱᱚᱶᱟ ᱨᱮᱭᱟᱜ ᱵᱚᱼᱰᱷᱤᱯᱨᱮ ᱑᱓᱐ ᱢᱤᱞᱤᱭᱚᱱ ᱦᱚᱲ ᱟᱨ ᱖,᱐᱐,᱐᱐᱐ ᱦᱚᱲ ᱱᱟᱹᱭ ᱨᱮᱭᱟᱜ ᱰᱷᱤᱯ ᱨᱮᱠᱚ ᱛᱟᱦᱮᱱᱟ ᱾",ᱱᱚᱶᱟ ᱨᱮᱭᱟᱜ ᱰᱮᱞᱴᱟ ᱨᱮ 13 ᱠᱳᱴᱤ ᱦᱚᱲ ᱟᱨ ᱱᱟᱹᱭ ᱨᱮᱭᱟᱜ ᱰᱩᱵᱟᱹ ᱫᱟᱨᱟᱭ ᱛᱮ ᱜᱷᱟᱹᱞ ᱟᱠᱟᱱ ᱰᱷᱤᱯ ᱨᱮ 6 ᱠᱳᱴᱤ ᱦᱚᱲ ᱠᱚ ᱛᱟᱦᱮᱸᱱᱟ ᱾
254,"लेकिन मैम, गंगा और ब्रह्मपुत्र दोनों ही सबसे बड़ी भारतीय नदियाँ कैसे हो सकती हैं?","ᱢᱮᱱᱠᱦᱟᱱ ᱢᱟᱪᱮᱛᱟᱱᱤ, ᱪᱮᱫ ᱞᱮᱠᱟᱛᱮ ᱜᱟᱝᱜᱟ ᱟᱨ ᱵᱨᱚᱢᱢᱚᱯᱩᱛᱨᱚ ᱱᱟᱹᱭᱠᱤᱱ ᱵᱷᱟᱨᱚᱛ ᱨᱮᱭᱟᱜ ᱢᱟᱨᱟᱝ ᱩᱛᱟᱹᱨᱟᱱ ᱱᱟᱹᱭ ᱦᱩᱭ ᱰᱟᱲᱮᱭᱟᱜᱼᱟ ?","ᱢᱮᱱᱠᱷᱟᱱ ᱢᱮᱢ, ᱜᱟᱝᱜᱟ ᱟᱨ ᱵᱨᱟᱢᱵᱷᱚᱯᱚᱛᱨᱚ ᱵᱟᱱᱟᱨ ᱜᱮ ᱵᱷᱟᱨᱚᱛ ᱨᱮᱭᱟᱜ ᱢᱟᱨᱟᱝ ᱱᱟᱹᱭ ᱪᱮᱫ ᱞᱮᱠᱟᱛᱮ ᱦᱩᱭ ᱫᱟᱲᱮᱭᱟᱜᱼᱟ?"
255,ब्रह्मपुत्र साफ तौर पर गंगा से अधिक लंबी है।,ᱵᱨᱚᱢᱢᱚᱯᱩᱛᱨᱚ ᱫᱚ ᱮᱠᱟᱞᱜᱮ ᱡᱮᱞᱮᱧ ᱜᱮᱭᱟ ᱾,ᱵᱨᱟᱢᱵᱷᱚᱯᱚᱛᱨᱚ ᱫᱚ ᱜᱟᱝᱜᱟ ᱠᱷᱚᱱ ᱟᱹᱰᱤ ᱡᱮᱞᱮᱧ ᱾
256,गंगा सबसे लंबी है जबकि ब्रह्मपुत्र अपने जलप्रवाह के कारण सबसे बड़ी है।,ᱜᱟᱝᱜᱟ ᱜᱮ ᱡᱮᱞᱮᱧᱟ ᱡᱟᱦᱟᱸᱨᱮ ᱵᱨᱚᱢᱢᱚᱯᱩᱛᱨᱚ ᱟᱡᱟᱜ ᱞᱤᱜᱤᱱ ᱫᱟᱜ ᱥᱮᱡᱽᱛᱮᱭ ᱢᱟᱨᱟᱝ ᱜᱮᱭᱟ ᱾,ᱜᱟᱝᱜᱟ ᱫᱚ ᱡᱮᱞᱮᱧ ᱟᱨ ᱵᱨᱟᱢᱵᱷᱚᱯᱛᱨᱚ ᱫᱚ ᱫᱟᱜ ᱫᱟᱜ ᱨᱮᱭᱟᱜ ᱚᱡᱮᱛᱮ ᱢᱟᱨᱟᱝ ᱾
257,गंगा के बाद गोदावरी दूसरी सबसे लंबी है और दक्षिण भारत की सबसे लंबी नदी है जिसे 'दक्षिण गंगा' भी कहा जाता है।,ᱜᱳᱫᱟᱵᱚᱨᱤ ᱜᱟᱝᱜᱟ ᱛᱟᱭᱚᱢ ᱫᱚᱥᱟᱨ ᱡᱮᱞᱮᱧᱟᱱ ᱱᱟᱹᱭ ᱠᱟᱱᱟ ᱟᱨ ᱰᱟᱹᱠᱷᱤᱱ ᱵᱷᱟᱨᱚᱛ ᱨᱮᱭᱟᱜ ᱡᱮᱞᱮᱧᱟᱱ ᱱᱟᱹᱭ ᱡᱟᱦᱟᱸᱫᱚ 'ᱫᱟᱹᱠᱷᱤᱱ ᱜᱟᱝᱜᱟ' ᱧᱩᱛᱩᱢ ᱛᱮᱦᱚᱸ ᱵᱟᱰᱟᱭᱚᱜᱼᱟ ᱾,ᱜᱳᱫᱟᱵᱚᱨᱤ ᱫᱚ ᱦᱩᱭᱩᱜ ᱠᱟᱱᱟ ᱜᱚᱝᱜᱟ ᱛᱟᱭᱚᱢ ᱫᱚᱥᱟᱨ ᱡᱮᱞᱮᱧ ᱱᱟᱹᱭ ᱟᱨ ᱫᱚᱠᱷᱤᱱ ᱵᱷᱟᱨᱚᱛ ᱨᱮᱭᱟᱜ ᱡᱮᱞᱮᱧ ᱱᱟᱹᱭ ᱡᱟᱦᱟᱸ ᱫᱚ 'ᱫᱚᱠᱷᱤᱱ ᱜᱚᱝᱜᱟ' ᱧᱩᱛᱩᱢ ᱛᱮ ᱦᱚᱸ ᱩᱯᱨᱩᱢᱟ ᱾
258,यह नदी कई हज़ारों वर्षों से हिंदू धर्मग्रंथों में बहुत पूजनीय मानी जाती रही है और एक समृद्ध सांस्कृतिक विरासत को आश्रय और पोषण देती रही है।,ᱱᱟᱹᱭ ᱫᱚ ᱟᱭᱢᱟ ᱜᱮᱥᱟᱼᱥᱟᱥᱟᱭ ᱦᱟᱹᱵᱤᱡᱽ ᱦᱤᱱᱫᱩ ᱫᱷᱚᱨᱚᱢ ᱯᱩᱛᱷᱤᱨᱮ ᱢᱟᱹᱱ ᱟᱠᱟᱱᱟ ᱟᱨ ᱢᱤᱫ ᱯᱮᱨᱮᱡᱽ ᱯᱩᱨᱩᱱ ᱞᱟᱠᱪᱟᱨᱟᱱᱜ ᱥᱮᱨᱣᱟᱭ ᱢᱟᱱᱟᱣ ᱤᱫᱤᱭᱮᱫᱟ ᱾,ᱱᱚᱶᱟ ᱱᱟᱹᱭ ᱫᱚ ᱟᱭᱢᱟ ᱜᱮᱞ ᱥᱮᱨᱢᱟ ᱠᱷᱚᱱ ᱦᱤᱱᱫᱩ ᱫᱷᱚᱨᱚᱢ ᱨᱮ ᱟᱹᱰᱤ ᱢᱟᱹᱱ ᱟᱱᱟᱜ ᱢᱮᱱᱛᱮ ᱢᱚᱱᱮ ᱦᱩᱭᱩᱜ ᱠᱟᱱᱟ ᱟᱨ ᱢᱤᱫᱴᱟᱝ ᱱᱟᱯᱟᱭ ᱞᱟᱠᱪᱟᱨ ᱵᱤᱨᱟᱹᱫᱟᱹᱞᱤ ᱨᱮᱭᱟᱜ ᱜᱚᱲᱚ ᱟᱨ ᱜᱚᱲᱚ ᱮᱢ ᱟᱠᱟᱫᱟᱭ ᱾
259,"और कृष्ण- गोदावरी बेसिन, विलुप्त होने की कगार पर पहुँच चुके ओलिव रिडले कछुओं के अंडे देने की प्रमुख जगहों में से एक है।",ᱟᱨ ᱠᱨᱤᱥᱱᱚᱼᱜᱳᱫᱟᱵᱚᱨᱤ ᱚᱵᱚᱵᱟᱦᱤᱠᱟ ᱢᱮᱴᱟᱣ ᱟᱠᱟᱱ ᱚᱞᱤᱵᱷ ᱨᱤᱰᱞᱤ ᱦᱚᱨᱚ ᱠᱚᱣᱟᱜ ᱢᱩᱲᱩᱫ ᱛᱟᱦᱮᱸᱱ ᱴᱷᱟᱶ ᱠᱚ ᱢᱩᱫᱨᱮ ᱢᱤᱫᱴᱟᱝ ᱠᱟᱱᱟ ᱾,"ᱟᱨ ᱠᱨᱤᱥᱚᱱᱼᱜᱳᱫᱟᱵᱚᱨᱤ ᱵᱮᱥᱤᱱ, ᱡᱟᱦᱟᱸ ᱫᱚ ᱢᱩᱪᱟᱹᱫ ᱨᱮᱭᱟᱜ ᱥᱩᱨ ᱨᱮ ᱢᱮᱱᱟᱜ ᱳᱞᱤᱵᱷ ᱨᱤᱰᱞᱤ ᱠᱟᱪᱲᱤ ᱠᱚ ᱞᱟᱹᱜᱤᱫ ᱢᱩᱲᱩᱫ ᱰᱟᱣᱩᱱᱞᱳᱰ ᱴᱷᱟᱶ ᱠᱚ ᱢᱩᱫᱨᱮ ᱢᱤᱫᱴᱟᱝ ᱾"
260,बिल्कुल यह तो है।,ᱮᱠᱟᱞ ᱜᱮ ᱱᱚᱶᱟᱫᱚ ᱾,ᱱᱚᱶᱟ ᱫᱚ ᱦᱩᱭᱩᱜ ᱠᱟᱱᱟ ᱜᱚᱴᱟ ᱜᱮ ᱾
261,मैं यह देखकर बहुत खुश हूँ कि आपको नदियों के बारे में अच्छे से जानकारी है।,ᱤᱧᱫᱚ ᱥᱟᱹᱨᱤᱜᱮᱧ ᱠᱩᱥᱤ ᱟᱠᱟᱱᱟ ᱡᱮ ᱟᱢᱟᱜ ᱱᱟᱹᱭ ᱤᱫᱤᱠᱟᱛᱮᱜ ᱵᱤᱪᱷᱱᱟᱹᱣᱛᱮ ᱢᱤᱫ ᱱᱟᱯᱟᱭ ᱩᱭᱦᱟᱹᱨ ᱢᱮᱱᱟᱜᱼᱟ ᱾,ᱱᱟᱹᱭ ᱠᱚ ᱤᱫᱤ ᱠᱟᱛᱮ ᱟᱢᱟᱜ ᱟᱹᱰᱤ ᱱᱟᱯᱟᱭ ᱛᱮ ᱵᱟᱰᱟᱭ ᱧᱟᱢ ᱠᱟᱛᱮ ᱤᱧ ᱟᱹᱰᱤ ᱱᱟᱯᱟᱭᱧᱟᱢᱚᱜᱼᱟ ᱾
262,"धन्यवाद, मैम, आपने हमें पिछली क्लास में बहुत कुछ पढ़ाया था।","ᱥᱟᱨᱦᱟᱣ ᱜᱮ, ᱢᱟᱪᱮᱛᱟᱱᱤ, ᱞᱟᱦᱟ ᱠᱞᱟᱥ ᱨᱮᱭᱟᱜ ᱟᱢ ᱟᱢᱮᱜᱮᱢ ᱥᱮᱸᱲᱟ ᱟᱠᱟᱫ ᱞᱮᱭᱟ ᱾","ᱟᱢ, ᱢᱟᱢ, ᱟᱢ ᱢᱟᱲᱟᱝ ᱨᱮᱭᱟᱜ ᱥᱮᱪᱮᱫ ᱨᱮ ᱟᱭᱢᱟ ᱥᱮᱪᱮᱫ ᱮᱢ ᱟᱠᱟᱫᱟ ᱾"
263,और हम अगली क्लास में और जानेंगे।,ᱟᱨ ᱛᱟᱭᱚᱢᱟᱜ ᱨᱮ ᱟᱨᱦᱚᱱᱞᱮ ᱪᱮᱫᱼᱟ ᱾,ᱟᱨ ᱤᱧᱟᱹᱜ ᱛᱟᱭᱚᱢ ᱫᱟᱨᱟᱢ ᱛᱷᱚᱱᱚᱛ ᱨᱮ ᱟᱨᱦᱚᱸ ᱵᱟᱰᱟᱭ ᱧᱟᱢᱼᱟ ᱾
264,"टाइम हो गया! कल मिलेंगे, बच्चो!","ᱚᱠᱛᱚ ᱦᱩᱭ ᱟᱠᱟᱱᱟ ! ᱜᱟᱯᱟ ᱧᱟᱯᱟᱢ ᱦᱩᱭᱩᱜᱼᱟ ᱜᱤᱰᱨᱟᱹ, ᱜᱤᱫᱨᱟᱹ ᱠᱚ !","ᱚᱠᱛᱚ ᱦᱩᱭ ᱟᱠᱟᱱᱟ! ᱦᱚᱭᱦᱩᱫᱮ ᱤᱧᱟᱹᱜ ᱧᱮᱞᱧᱟᱢᱚᱜᱼᱟ, ᱜᱤᱫᱽᱨᱟᱹᱠᱚ!"
265,"हैलो, तुम कुछ परेशान दिख रही हो, क्या हुआ?","ᱦᱮᱞᱳ, ᱟᱢ ᱟᱹᱰᱤ ᱵᱷᱟᱵᱱᱟᱢ ᱧᱮᱞᱚᱜ ᱠᱟᱱᱟ, ᱪᱮᱫ ᱦᱩᱭᱩᱜ ᱠᱟᱱᱟ ?","ᱦᱮᱞᱳ, ᱟᱢ ᱠᱤᱪᱷᱩ ᱟᱱᱟᱴ ᱨᱮ ᱧᱮᱞᱧᱟᱢ ᱠᱟᱱᱟ, ᱪᱮᱫ ᱦᱩᱭ ᱟᱠᱟᱱᱟ?"
266,"हाँ, मैं कई घंटों से ओडिशा चक्रवात की खबरें देख रही हूँ।","ᱦᱮᱸ, ᱤᱧ ᱠᱟᱹᱪ ᱴᱟᱲᱟᱝ ᱠᱷᱚᱱ ᱳᱰᱤᱥᱥᱟ ᱦᱚᱭᱵᱷᱟᱨᱰᱳ ᱨᱮᱭᱟᱜ ᱟᱯᱰᱮᱴ ᱤᱧ ᱧᱮᱞ ᱮᱫᱟ ᱾","ᱦᱩᱭᱩᱜ ᱠᱟᱱᱟ, ᱤᱧ ᱳᱲᱤᱥᱥᱟ ᱥᱟᱭᱠᱳᱞᱮᱱ ᱨᱮᱭᱟᱜ ᱰᱚᱜᱚᱨ ᱟᱭᱢᱟ ᱴᱟᱲᱟᱝ ᱠᱷᱚᱱ ᱧᱮᱞ ᱮᱫᱟ ᱾"
267,ये चक्रवात का दूसरा दिन है और पूरा शहर तहस नहस हो गया है।,"ᱱᱚᱶᱟ ᱫᱚ ᱦᱚᱭᱵᱷᱟᱨᱰᱳ ᱨᱮᱭᱟᱜ ᱫᱚᱥᱟᱨ ᱢᱟᱦᱟ, ᱟᱨ ᱜᱚᱴᱟ ᱥᱟᱦᱟᱨ ᱫᱚ ᱛᱟᱜᱟᱲ ᱱᱟᱪᱟᱲ ᱦᱟᱞᱚᱛ ᱨᱮ ᱢᱮᱱᱟᱜᱼᱟ ᱾",ᱱᱚᱶᱟ ᱫᱚ ᱦᱚᱭᱦᱩᱫᱤᱥ ᱨᱮᱭᱟᱜ ᱫᱚᱥᱟᱨ ᱢᱟᱦᱟ ᱟᱨ ᱥᱟᱱᱟᱢ ᱥᱟᱦᱟᱨ ᱜᱮ ᱜᱷᱟᱹᱞ ᱟᱠᱟᱱᱟ ᱾
268,रोज़मर्रा की चीज़ों के लिए भी बाहर जाना मुश्किल हो गया है।,ᱢᱩᱞᱟᱹᱱ ᱥᱩᱵᱤᱫᱷᱟ ᱞᱟᱹᱜᱤᱫ ᱵᱟᱨᱦᱮ ᱪᱟᱞᱟᱜ ᱫᱚ ᱟᱸᱡᱷᱟᱴ ᱜᱮᱭᱟ ᱾,ᱮᱢᱚᱱ ᱪᱮᱫ ᱫᱤᱱ ᱨᱮᱭᱟᱜ ᱠᱟᱹᱢᱤ ᱞᱟᱹᱜᱤᱫ ᱦᱚᱸ ꯃꯄꯥꯟꯗ ᱪᱟᱞᱟᱣ ᱫᱚ ᱟᱹᱰᱤ ᱟᱱᱟᱴ ᱦᱩᱭ ᱟᱠᱟᱱᱟ ᱾
269,"ये तोअच्छा है कि हमारे मोहल्ले में अभी भी लाइट है, ज़्यादातर इलाकों में लाइट नहीं है।","ᱢᱚᱞᱚᱝᱟᱱᱟᱜ ᱞᱮᱠᱟᱛᱮ ᱟᱯᱮᱭᱟᱜ ᱴᱚᱴᱷᱟ ᱨᱮ ᱱᱮᱛᱚᱜ ᱦᱚᱸ ᱵᱤᱡᱽᱞᱤ ᱢᱮᱱᱟᱜᱼᱟ, ᱟᱹᱰᱤᱜᱟᱱ ᱴᱚᱴᱷᱟ ᱨᱮ ᱵᱤᱡᱽᱞᱤ ᱵᱟᱹᱱᱩᱜᱼᱟ ᱾","ᱱᱚᱶᱟ ᱫᱚ ᱟᱹᱰᱤ ᱱᱟᱯᱟᱭ ᱠᱟᱱᱟ ᱡᱮ, ᱤᱧᱟᱹᱜ ᱥᱳᱨᱥᱳᱯᱳᱨ ᱴᱚᱴᱷᱟ ᱨᱮ ᱱᱤᱛᱦᱚᱸ ᱮᱞᱟᱨᱟᱣ ᱢᱮᱱᱟᱜᱼᱟ, ᱡᱟᱹᱥᱛᱤ ᱴᱚᱴᱷᱟ ᱨᱮ ᱮᱞᱟᱨᱟᱣ ᱵᱟᱝ ᱢᱮᱱᱟᱜᱼᱟ ᱾"
270,"मुझे यह सुनकर बहुत दुख हुआ, मुझे उम्मीद है कि तुम और तुम्हारा परिवार सुरक्षित हैं।","ᱤᱧ ᱱᱚᱶᱟ ᱟᱸᱡᱚᱢ ᱠᱟᱛᱮ ᱟᱹᱰᱤ ᱵᱷᱟᱵᱱᱟᱧ ᱟᱹᱭᱠᱟᱹᱣ ᱮᱫᱟ, ᱤᱧ ᱟᱥᱟᱭᱮᱫᱟ ᱟᱢᱨᱮᱱ ᱜᱷᱟᱨᱚᱸᱡᱤᱭᱟᱹ ᱟᱨ ᱟᱢ ᱱᱤᱨᱟᱹᱭ ᱨᱮ ᱢᱮᱱᱟᱢᱟ ᱾","ᱤᱧ ᱱᱚᱣᱟ ᱵᱟᱰᱟᱭᱛᱮ ᱟᱹᱰᱤ ᱜᱷᱟᱹᱞ ᱟᱠᱟᱱᱟ, ᱤᱧ ᱟᱭᱩᱢᱟᱹᱱ ᱮᱫᱟ ᱡᱮ ᱟᱢ ᱟᱨ ᱟᱢᱟᱜ ᱜᱷᱟᱨᱚᱸᱡᱽ ᱫᱚ ᱱᱟᱯᱟᱭ ᱢᱮᱱᱟᱜᱼᱟ ᱾"
271,क्या तुम्हें कुछ अंदाज़ा है कि यह कब तक चलेगा?,ᱟᱢᱟᱜ ᱪᱮᱫ ᱡᱟᱦᱟᱸᱱ ᱟᱹᱱᱟᱹᱭᱠᱟᱹᱣ ᱢᱮᱱᱟᱜᱼᱟ ᱛᱤᱱᱜᱷᱟᱹᱲᱤ ᱱᱚᱶᱟ ᱪᱟᱞᱟᱣ ᱫᱟᱲᱮᱭᱟᱜᱼᱟ ?,ᱟᱢ ᱪᱮᱫ ᱡᱟᱦᱟᱱ ᱟᱭᱩᱢᱟᱹᱱ ᱮᱢ ᱫᱚᱦᱚ ᱟᱠᱟᱫᱟ ᱡᱮ ᱱᱚᱶᱟ ᱫᱚ ᱛᱤᱱᱟᱹᱜ ᱫᱤᱱ ᱫᱷᱟᱹᱵᱤᱡ ᱪᱟᱞᱟᱣᱚᱜᱼᱟ?
272,मौसम की भविष्यवाणी और हाल की रिपोर्ट के हिसाब से यह लगभग 3 दिन चलेगा।,"ᱟᱜᱟᱢ ᱵᱟᱰᱟᱭᱟᱱ ᱦᱚᱭᱦᱤᱥᱤᱫ ᱨᱮᱭᱟᱜ ᱟᱜᱟᱢ ᱵᱟᱰᱟᱭ ᱟᱨ ᱢᱩᱪᱟᱹᱫ ᱨᱮᱭᱟᱜ ᱢᱤᱫ ᱞᱮᱠᱟᱛᱮ, ᱱᱚᱶᱟ ᱟᱭᱩᱢᱟᱹᱱ ᱞᱮᱠᱟᱛᱮ ᱓ ᱢᱟᱦᱟ ᱞᱟᱹᱜᱤᱫ ᱪᱟᱞᱩ ᱛᱟᱦᱮᱸᱱᱟ ᱾","ᱦᱚᱭᱦᱩᱫᱤᱥ ᱨᱮᱭᱟᱜ ᱦᱚᱭᱦᱩᱫᱤᱥ ᱟᱨ ᱱᱟᱦᱟᱜ ᱰᱚᱜᱚᱨ ᱞᱮᱠᱟᱛᱮ, ᱱᱚᱶᱟ ᱫᱚ ᱚᱱᱢᱟᱱ 3 ᱢᱟᱦᱟ ᱫᱷᱟᱹᱵᱤᱡ ᱪᱟᱞᱟᱣᱚᱜᱼᱟ ᱾"
273,लेकिन मुझे इसके परिणामों की ज़्यादा चिंता है।,ᱢᱮᱱᱠᱷᱟᱱ ᱱᱚᱶᱟ ᱦᱟᱞᱚᱛ ᱱᱤᱭᱟᱹᱛᱮ ᱤᱧ ᱟᱹᱰᱤᱧ ᱩᱭᱦᱟᱹᱨᱚᱜ ᱠᱟᱱᱟ ᱾,ᱢᱮᱱᱠᱷᱟᱱ ᱤᱧ ᱱᱚᱶᱟ ᱨᱮᱭᱟᱜ ᱢᱩᱪᱟᱹᱫ ᱤᱫᱤ ᱠᱟᱛᱮ ᱟᱨᱦᱚᱸ ᱰᱷᱮᱨ ᱩᱭᱦᱟᱹᱨᱟᱱ ᱠᱟᱱᱟ ᱾
274,"पिछला चक्रवात 2020 में आया था, वह 2 दिन चला था और कुछ इलाकों में बिजली वापस आने में लगभग 15 दिन लग गए थे।","ᱢᱩᱪᱟᱹᱫ ᱦᱚᱭᱵᱷᱟᱨᱰᱳ ᱫᱚ ᱒᱐᱒᱐ ᱥᱟᱹᱦᱤᱛ ᱨᱮ ᱦᱩᱭ ᱞᱮᱱᱟ, ᱒ ᱢᱟᱦᱟ ᱫᱷᱟᱹᱵᱤᱡ ᱪᱟᱞᱟᱣ ᱞᱮᱱᱟ ᱟᱨ ᱠᱟᱹᱪ ᱴᱚᱴᱷᱟ ᱨᱮ ᱵᱤᱡᱽᱞᱤ ᱧᱟᱢ ᱨᱩᱭᱟᱹᱲ ᱫᱚ ᱯᱨᱟᱭ ᱑᱕ ᱢᱟᱦᱟ ᱞᱟᱜᱟᱣ ᱞᱮᱱᱟ ᱾","2020 ᱥᱟᱹᱦᱤᱛ ᱨᱮ ᱢᱟᱲᱟᱝ ᱨᱮᱭᱟᱜ ᱥᱟᱭᱠᱳᱞᱮᱱ ᱦᱮᱡ ᱞᱮᱱᱟ, ᱡᱟᱦᱟᱸ ᱫᱚ 2 ᱢᱟᱦᱟ ᱫᱷᱟᱹᱵᱤᱡ ᱪᱟᱞᱟᱣ ᱞᱮᱱᱟ ᱟᱨ ᱠᱤᱪᱷᱩᱠ ᱴᱚᱴᱷᱟ ᱨᱮ ᱫᱟᱲᱮ ᱨᱩᱣᱟᱹᱲ ᱞᱟᱹᱜᱤᱫ ᱚᱱᱢᱟᱱ 15 ᱢᱟᱦᱟ ᱚᱠᱛᱚ ᱦᱟᱛᱟᱣ ᱞᱮᱱᱟ ᱾"
275,ओडिशा में इस तरह की प्राकृतिक आपदा आने से अक्सर ऐसे नुकसान होते रहते हैं।,ᱡᱚᱠᱷᱚᱱ ᱜᱮ ᱡᱟᱦᱟᱸ ᱵᱟᱝ ᱡᱟᱦᱟᱸ ᱥᱟᱪᱟᱨᱦᱮᱫ ᱪᱷᱤᱛᱤᱨᱵᱤᱛᱤᱨ ᱦᱩᱭᱩᱜᱼᱟ ᱩᱱᱜᱮ ᱳᱲᱤᱥᱥᱟ ᱫᱚ ᱱᱚᱶᱟ ᱞᱮᱠᱟᱱ ᱞᱚᱥᱠᱟᱱ ᱨᱮᱭᱟᱜ ᱡᱷᱩᱸᱠ ᱨᱮᱭ ᱛᱟᱦᱮᱸᱱᱟ ᱾,ᱳᱲᱤᱥᱥᱟ ᱨᱮ ᱱᱚᱶᱟ ᱞᱮᱠᱟᱱ ᱥᱮᱨᱣᱟ ᱟᱱᱟᱜ ᱵᱤᱨᱟᱹᱫᱟᱹᱞᱤ ᱦᱮᱡ ᱠᱷᱟᱹᱛᱤᱨ ᱛᱮ ᱱᱚᱶᱟ ᱞᱮᱠᱟᱱ ᱦᱟᱹᱱ ᱦᱳᱭᱳᱜᱼᱟ ᱾
276,"तुम तो 2020 में ओडिशा आई थी, क्या तुम चक्रवात के समय यहीं थी?","ᱟᱢ ᱒᱐᱒᱐ ᱥᱟᱹᱦᱤᱛ ᱨᱮ ᱳᱲᱤᱥᱥᱟ ᱨᱮᱢ ᱦᱮᱡᱞᱮᱱᱟ, ᱟᱢ ᱪᱮᱫ ᱦᱚᱭᱵᱷᱟᱨᱰᱳ ᱚᱠᱛᱮ ᱥᱮᱴᱮᱨᱮᱢ ᱛᱟᱦᱮᱸ ᱠᱟᱱᱟ ?","ᱟᱢ 2020 ᱥᱟᱹᱦᱤᱛ ᱨᱮ ᱳᱲᱤᱥᱥᱟ ᱦᱮᱡ ᱟᱠᱟᱱᱟ, ᱦᱚᱭᱦᱩᱫᱤᱥ ᱚᱠᱛᱚ ᱟᱢ ᱪᱮᱫ ᱱᱚᱶᱟ ᱨᱮ ᱛᱟᱦᱮᱸ ᱠᱟᱱᱟ?"
277,"नहीं, किस्मत से मैं चक्रवात से एक हफ़्ते पहले चली गई थी।","ᱵᱟᱝ, ᱢᱚᱞᱚᱝ ᱞᱤᱠᱷᱚᱱ ᱞᱮᱠᱟᱛᱮ ᱤᱧ ᱦᱚᱭᱵᱷᱟᱨᱰᱳ ᱨᱮᱭᱟᱜ ᱥᱩᱢᱩᱝ ᱢᱤᱫ ᱥᱟᱯᱛᱟ ᱞᱟᱦᱟ ᱤᱧ ᱨᱩᱭᱟᱹᱲ ᱞᱮᱱᱟ ᱾","ᱵᱟᱝ, ᱦᱚᱭᱦᱩᱫᱤᱥ ᱨᱮᱭᱟᱜ ᱢᱤᱫ ᱦᱟᱯᱛᱟ ᱞᱟᱦᱟ ᱤᱧ ᱪᱟᱞᱟᱣ ᱮᱱᱟ ᱾"
278,"मुझे हैरत है वहां रहने वाले लोगों के लिए यह कैसा होता होगा, कितना असुरक्षित लगता होगा!","ᱤᱧ ᱦᱟᱦᱟᱲᱟ ᱩᱛᱟᱹᱨ ᱮᱱᱟ ᱡᱮ ᱚᱸᱰᱮ ᱜᱤᱨᱟᱹᱵᱟᱹᱥᱤ ᱟᱠᱟᱱ ᱦᱚᱲᱠᱚ ᱞᱟᱹᱜᱤᱫ ᱱᱚᱶᱟ ᱪᱮᱫᱞᱮᱠᱟ, ᱱᱚᱶᱟ ᱮᱢᱚᱱ ᱢᱤᱫᱴᱟᱝ ᱞᱤᱪᱟᱹᱲ ᱡᱤᱱᱤᱥ !","ᱤᱧ ᱟᱹᱰᱤ ᱱᱟᱯᱟᱭᱧ ᱢᱚᱱᱮ ᱦᱩᱭᱩᱜ ᱠᱟᱱᱟ ᱡᱮ, ᱚᱱᱟ ᱴᱚᱴᱷᱟ ᱨᱮ ᱢᱮᱱᱟᱜ ᱦᱚᱲ ᱠᱚ ᱞᱟᱹᱜᱤᱫ ᱱᱚᱶᱟ ᱪᱮᱫ ᱞᱮᱠᱟ ᱛᱟᱦᱮᱸ ᱠᱟᱱᱟ, ᱪᱮᱫ ᱞᱮᱠᱟ ᱵᱟᱝ ᱮᱥᱮᱨᱟᱱ ᱢᱮᱱᱛᱮ ᱢᱚᱱᱮ ᱦᱩᱭᱩᱜ ᱠᱟᱱᱟ ᱾"
279,ख़ासतौर पर तटों के पास रहने वाले लोग।,ᱠᱷᱟᱥ ᱠᱟᱨᱛᱮ ᱥᱟᱹᱢᱩᱫ ᱟᱲᱮ ᱥᱩᱨᱥᱩᱯᱩᱨ ᱨᱮᱱ ᱦᱚᱲᱠᱚ ᱾,ᱢᱩᱲᱩᱫ ᱞᱮᱠᱟᱛᱮ ᱩᱯᱚᱠᱛᱚ ᱥᱳᱨ ᱨᱮ ᱢᱮᱱᱟᱜ ᱦᱚᱲᱠᱚ ᱾
280,क्या सरकार इन लोगों को उनके घर फिर से बनाने और आजीविका को लेकर मदद करती है?,ᱥᱚᱨᱠᱟᱨ ᱪᱮᱫ ᱱᱩᱠᱩ ᱦᱚᱲᱠᱚᱣᱟᱜ ᱩᱱᱠᱩᱣᱟᱜ ᱚᱲᱟᱜ ᱫᱩᱣᱟᱹᱨ ᱟᱨ ᱡᱤᱯᱠᱟ ᱟᱹᱨᱩᱨᱩᱣᱟᱹᱲ ᱨᱮ ᱜᱚᱲᱚ ᱮᱢ ᱮᱫᱟᱭ ?,ᱥᱚᱨᱠᱟᱨ ᱠᱤ ᱱᱚᱶᱟ ᱦᱚᱲᱠᱚ ᱩᱱᱠᱩᱭᱟᱜ ᱚᱲᱟᱜ ᱵᱮᱱᱟᱣ ᱟᱨ ᱡᱩᱭᱟᱹᱱ ᱞᱟᱹᱜᱤᱫ ᱜᱚᱲᱚ ᱠᱚ ᱮᱢᱼᱟ?
281,सालों की मेहनत को एक-दो दिन में खो देना कितना भयावह होता होगा।,ᱱᱚᱶᱟ ᱱᱤᱦᱟᱹᱛ ᱜᱮ ᱢᱤᱫ ᱥᱮ ᱵᱟᱨ ᱢᱟᱦᱟ ᱢᱩᱫᱽᱨᱮ ᱥᱮᱨᱢᱟ ᱛᱟᱭᱚᱢ ᱥᱮᱨᱢᱟ ᱠᱩᱨᱩᱢᱩᱴᱩ ᱵᱚᱛᱚᱨᱜᱮ ᱦᱟᱨᱟᱣ ᱦᱩᱭᱩᱜ ᱛᱟᱭᱟ ᱾,ᱢᱤᱫ ᱵᱟᱨ ᱫᱤᱱ ᱢᱩᱫᱨᱮ ᱥᱮᱨᱢᱟ ᱨᱮᱭᱟᱜ ᱠᱟᱹᱢᱤ ᱨᱮᱭᱟᱜ ᱯᱚᱨᱤᱢᱟᱱ ᱦᱟᱹᱱ ᱦᱳᱭᱳᱜᱼᱟ ᱪᱮᱫ ᱞᱮᱠᱟ ᱟᱹᱰᱤ ᱱᱟᱯᱟᱭ ᱾
282,"सरकार जितना हो सके, उतनी मदद करती है, खासतौर पर ग्रामीण इलाकों में जहाँ अक्सर लोगों को उनके हाल पर छोड़ दिया जाता है।","ᱥᱚᱨᱠᱟᱨ ᱛᱤᱱᱟᱹᱜ ᱦᱩᱭᱫᱟᱲᱮᱭᱟᱜ ᱜᱚᱲᱚ ᱟᱢᱟᱭ, ᱠᱷᱟᱥ ᱠᱟᱨᱛᱮ ᱟᱹᱛᱩ ᱴᱚᱴᱷᱟ ᱨᱮ, ᱡᱟᱦᱟᱸᱨᱮ ᱦᱚᱲ ᱰᱷᱮᱨᱜᱟᱱ ᱦᱟᱹᱴᱤᱧ ᱜᱮ ᱩᱱᱠᱩᱣᱟᱜ ᱟᱯᱱᱟᱨ ᱪᱮᱛᱟᱱ ᱟᱲᱟᱜ ᱠᱟᱜᱼᱟᱭ ᱾","ᱥᱚᱨᱠᱟᱨ ᱡᱟᱦᱟᱸ ᱞᱮᱠᱟ ᱫᱟᱲᱮᱹᱭᱟᱜᱼᱟ, ᱢᱩᱲᱩᱫ ᱞᱮᱠᱟᱛᱮ ᱟᱛᱳ ᱴᱚᱴᱷᱟ ᱨᱮ, ᱡᱟᱦᱟᱸ ᱨᱮ ᱡᱟᱣᱜᱮ ᱦᱚᱲ ᱠᱚ ᱩᱱᱠᱩᱭᱟᱜ ᱚᱲᱟᱜ ᱨᱮ ᱫᱚᱦᱚ ᱦᱳᱭᱳᱜᱼᱟ, ᱜᱚᱲᱚ ᱠᱚ ᱮᱢᱼᱟ ᱾"
283,पिछले बार अलग-अलग राज्यों से मजदूर लाए गए थे ताकि काम में तेज़ी लाई जा सके।,ᱞᱟᱦᱟ ᱫᱷᱚᱢ ᱟᱭᱢᱟ ᱯᱚᱱᱚᱛ ᱠᱷᱚᱱ ᱢᱩᱱᱤᱥ ᱟᱹᱜᱩ ᱦᱩᱭ ᱞᱮᱱᱟ ᱡᱟᱦᱟᱸᱛᱮ ᱠᱟᱹᱢᱤ ᱞᱚᱜᱚᱱ ᱠᱚᱨᱟᱣ ᱦᱩᱭᱩᱜ ᱾,ᱢᱩᱪᱟᱹᱫ ᱚᱠᱛᱮ ᱠᱟᱹᱢᱤ ᱨᱮ ᱡᱳᱨ ᱮᱢ ᱞᱟᱹᱜᱤᱫ ᱟᱭᱢᱟ ᱯᱚᱱᱚᱛ ᱠᱷᱚᱱ ᱠᱟᱹᱢᱤᱭᱟᱹ ᱠᱚ ᱦᱮᱡ ᱞᱮᱱᱟ ᱾
284,यहां तक कि नगर निगम के लोगों ने भी चौबीसों घंटे काम किया ताकि उन्हें समय पर बिजली मिल सके क्योंकि वहां बच्चे और बुजुर्ग मौजूद थे जिन्हें काफी कठिनाइयों का सामना करना पड़ रहा था।,ᱮᱢᱚᱱᱪᱮᱫ ᱢᱤᱭᱩᱱᱤᱥᱤᱯᱟᱞ ᱠᱳᱨᱯᱚᱨᱮᱥᱚᱱ ᱨᱮᱱ ᱦᱚᱲᱦᱚᱸ ᱵᱟᱨᱜᱮᱞ ᱯᱩᱱ ᱴᱟᱲᱟᱝ ᱠᱚ ᱠᱟᱹᱢᱤ ᱞᱮᱫᱟ ᱡᱟᱦᱟᱸᱛᱮ ᱩᱱᱠᱩ ᱚᱠᱛᱮ ᱞᱮᱠᱟᱛᱮ ᱵᱤᱡᱽᱞᱤ ᱠᱚ ᱧᱟᱢ ᱨᱩᱣᱟᱹᱲ ᱫᱟᱲᱮᱭᱟᱜ ᱠᱟᱨᱚᱱ ᱚᱸᱰᱮ ᱥᱮᱴᱮᱨ ᱟᱠᱟᱱ ᱜᱤᱫᱽᱨᱟᱹ ᱟᱨ ᱢᱩᱮᱨᱟᱱ ᱱᱟᱜᱚᱨᱤᱭᱟᱹ ᱠᱚ ᱟᱭᱢᱟ ᱚᱥᱩᱵᱤᱫᱷᱟ ᱨᱮᱠᱚ ᱯᱟᱲᱟᱣ ᱞᱮᱠᱟ ᱾,ᱮᱢᱚᱱ ᱪᱮᱫ ᱢᱤᱭᱩᱱᱤᱥᱯᱮᱞᱟᱨ ᱨᱮᱱ ᱦᱚᱲᱠᱚ ᱦᱚᱸ ᱚᱠᱛᱚ ᱞᱮᱠᱟᱛᱮ ᱫᱟᱲᱮ ᱧᱟᱢ ᱞᱟᱹᱜᱤᱫ 24 ᱴᱟᱲᱟᱝ ᱠᱟᱹᱢᱤ ᱞᱮᱫᱟ ᱚᱡᱮ ᱫᱚ ᱜᱤᱫᱽᱨᱟᱹ ᱟᱨ ᱢᱟᱨᱟᱝ ᱠᱚ ᱛᱟᱦᱮᱸ ᱠᱟᱱᱟ ᱡᱟᱦᱟᱸᱭ ᱠᱚ ᱟᱹᱰᱤ ᱟᱱᱟᱴ ᱨᱮᱭ ᱜᱷᱟᱹᱞ ᱞᱮᱱᱟ ᱾
285,ओडिशा उन जगहों में से एक है जहाँ इन दिनों मौसम भयावह हो जाता है।,"ᱳᱲᱤᱥᱥᱟ ᱦᱩᱭᱩᱜ ᱠᱟᱱᱟ ᱢᱤᱫᱴᱟᱝ ᱡᱟᱭᱜᱟ, ᱱᱚᱶᱟ ᱚᱠᱛᱮ ᱨᱮ ᱟᱹᱰᱤᱟᱸᱴ ᱦᱚᱭᱦᱤᱥᱤᱫ ᱨᱮᱭ ᱯᱟᱲᱟᱣ ᱞᱮᱱᱟ ᱾",ᱳᱲᱤᱥᱥᱟ ᱦᱩᱭᱩᱜ ᱠᱟᱱᱟ ᱚᱱᱟ ᱴᱷᱟᱶ ᱠᱚ ᱢᱩᱫᱨᱮ ᱢᱤᱫᱴᱟᱝ ᱡᱟᱦᱟᱸ ᱨᱮ ᱦᱚᱭᱦᱩᱫᱥᱤᱫ ᱫᱚ ᱱᱟᱦᱟᱜ ᱚᱠᱛᱚ ᱨᱮ ᱟᱹᱰᱤ ᱵᱟᱹᱲᱤᱡ ᱦᱩᱭ ᱟᱠᱟᱱᱟ ᱾
286,यह जानकर अच्छा लगा कि लोगों को समय से मदद मिल जाती है।,ᱱᱚᱶᱟ ᱟᱸᱡᱚᱢ ᱠᱟᱛᱮ ᱟᱹᱰᱤ ᱱᱟᱯᱟᱭ ᱤᱧ ᱟᱹᱭᱠᱟᱹᱣ ᱠᱮᱫᱟ ᱡᱮ ᱱᱟᱜᱚᱨᱤᱭᱟᱹ ᱠᱚ ᱚᱠᱛᱮ ᱞᱮᱠᱟᱛᱮ ᱜᱚᱲᱚ ᱠᱚ ᱧᱟᱢᱟ ᱾,"ᱱᱚᱶᱟ ᱵᱟᱰᱟᱭ ᱫᱚ ᱱᱟᱯᱟᱭ ᱠᱟᱱᱟ ᱡᱮ, ᱦᱚᱲ ᱠᱚ ᱚᱠᱛᱚ ᱞᱮᱠᱟᱛᱮ ᱜᱚᱲᱚ ᱠᱚ ᱧᱟᱢᱼᱟ ᱾"
287,फिर भी यह देखकर बुरा लगता है कि ऐसे भयावह मौसम की वजह से चीज़ें कितनी खराब हो जाती हैं।,ᱱᱮᱛᱚᱜ ᱦᱚᱸ ᱚᱞᱚᱝᱟᱱ ᱞᱮᱠᱟᱛᱮ ᱡᱮ ᱱᱚᱶᱟ ᱞᱮᱠᱟᱱ ᱟᱹᱰᱤᱟᱸᱴ ᱦᱚᱭᱦᱤᱥᱤᱫ ᱚᱡᱮᱛᱮ ᱪᱮᱫᱞᱮᱠᱟᱛᱮ ᱵᱚᱛᱚᱨᱟᱱ ᱡᱤᱱᱤᱥᱠᱚ ᱧᱟᱢᱚᱜᱼᱟ ᱾,ᱮᱱᱦᱚᱸ ᱱᱚᱶᱟ ᱞᱮᱠᱟᱱ ᱵᱤᱨᱤᱫ ᱦᱚᱭᱦᱩᱫᱤᱥ ᱚᱡᱮᱛᱮ ᱠᱟᱹᱢᱤ ᱠᱚ ᱪᱮᱫ ᱞᱮᱠᱟ ᱵᱟᱹᱲᱤᱡ ᱦᱳᱭᱳᱜᱼᱟ ᱚᱱᱟ ᱧᱮᱞ ᱫᱚ ᱟᱹᱰᱤ ᱵᱟᱹᱲᱤᱡ ᱠᱟᱱᱟ ᱾
288,तुम कब से यहाँ रह रही हो?,ᱛᱤᱱᱟᱹᱜ ᱫᱤᱱ ᱠᱷᱚᱱ ᱟᱢ ᱚᱸᱰᱮᱢ ᱜᱤᱨᱟᱹᱵᱟᱥᱚᱜ ᱠᱟᱱᱟ ?,ᱟᱢ ᱪᱮᱫ ᱚᱠᱛᱚ ᱠᱷᱚᱱ ᱱᱚᱶᱟ ᱨᱮ ᱢᱮᱱᱟᱜ ᱟ?
289,क्या इस मौसम के कारण कभी तुमने राज्य को छोड़ कर जाने के बारे में सोचा है?,ᱦᱚᱭᱞᱚᱝ ᱨᱮ ᱥᱟᱪᱟᱨᱦᱮᱫ ᱪᱮᱫ ᱟᱢ ᱯᱚᱱᱚᱛ ᱵᱟᱹᱜᱤ ᱨᱮᱭᱟᱜ ᱮ ᱵᱚᱲᱦᱮᱭᱮᱫ ᱢᱮᱭᱟ ?,ᱱᱚᱶᱟ ᱦᱚᱭᱦᱩᱫᱤᱥ ᱚᱡᱮᱛᱮ ᱟᱢ ᱪᱮᱫ ᱯᱚᱱᱚᱛ ᱠᱷᱚᱱ ᱪᱟᱞᱟᱣ ᱨᱮᱭᱟᱜ ᱠᱟᱛᱷᱟ ᱩᱭᱦᱟᱹᱨ ᱟᱠᱟᱫᱟ?
290,मुझे 5 साल हो गए यहाँ रहते हुए।,ᱤᱧ ᱱᱚᱸᱰᱮᱧ ᱜᱟᱹᱨᱟᱹᱵᱟᱥᱚᱜ ᱠᱟᱱᱟ ᱱᱮᱛᱚᱜ ᱕ ᱥᱮᱨᱢᱟ ᱦᱩᱭ ᱟᱠᱟᱱᱟ ᱾,ᱤᱧ ᱱᱚᱶᱟ ᱨᱮ ᱛᱟᱦᱮᱸᱱ ᱚᱠᱛᱚ 5 ᱥᱮᱨᱢᱟ ᱚᱠᱛᱚ ᱦᱟᱛᱟᱣ ᱟᱠᱟᱫᱟ ᱾
291,"मौसम ठीक है, हालाँकि गर्मियों में बहुत गर्मी और उमस होती है, लेकिन बाकी चीज़ें ठीक हैं, तो मुझे ऐसा कभी नहीं लगा कि जगह छोड़ देनी चाहिए।","ᱦᱚᱭᱞᱚᱝ ᱴᱷᱤᱠ ᱢᱮᱱᱟᱜᱼᱟ, ᱮᱱᱛᱮᱨᱮᱦᱚᱸ ᱥᱤᱛᱩᱝᱠᱚ ᱵᱮᱥ ᱞᱚᱞᱚ ᱟᱨ ᱚᱞᱟᱦᱮᱫ, ᱛᱚᱵᱮ ᱠᱷᱟᱱ ᱮᱴᱟᱜ ᱚᱡᱮ ᱠᱚᱫᱚ ᱴᱷᱤᱠ ᱚᱱᱟᱛᱮ ᱡᱟᱭᱜᱟᱫᱚ ᱟᱲᱟᱜ ᱪᱟᱞᱟᱣ ᱨᱮᱭᱟᱜ ᱠᱟᱛᱷᱟ ᱤᱧ ᱴᱷᱮᱱ ᱛᱤᱥᱦᱚᱸ ᱵᱮᱝ ᱦᱮᱡ ᱟᱠᱟᱱᱟ ᱾","ᱦᱚᱭᱦᱩᱫᱥᱩᱢ ᱫᱚ ᱱᱟᱯᱟᱭ, ᱮᱱᱦᱚᱸ ᱠᱷᱮᱹᱞ ᱫᱤᱱ ᱨᱮ ᱟᱹᱰᱤ ᱜᱟᱹᱨᱰᱩ ᱟᱨ ᱫᱟᱜᱡᱩᱠ ᱛᱟᱦᱮᱸᱱᱟ, ᱢᱮᱱᱠᱷᱟᱱ ᱮᱴᱟᱜ ᱠᱟᱹᱢᱤ ᱠᱚ ᱱᱟᱯᱟᱭ ᱛᱟᱦᱮᱸᱱᱟ, ᱚᱱᱟᱛᱮ ᱤᱧ ᱪᱮᱫᱦᱚᱸ ᱵᱟᱝ ᱢᱚᱱᱮ ᱦᱩᱭᱩᱜ ᱠᱟᱱᱟ ᱡᱮ ᱴᱷᱟᱶ ᱫᱚ ᱪᱷᱟᱹᱲ ᱮᱢ ᱦᱳᱭᱳᱜᱼᱟ ᱾"
292,मानसून में थोड़ी परेशानी होती है लेकिन अब इतने सालों से मैनेज हो जाता है।,ᱵᱚᱨᱥᱟᱠᱟᱞ ᱨᱮ ᱛᱷᱚᱲᱟ ᱟᱸᱡᱷᱟᱴ ᱢᱮᱱᱛᱮ ᱢᱚᱱᱮ ᱦᱩᱭᱩᱜᱼᱟ ᱢᱮᱱᱠᱷᱟᱱ ᱥᱮᱨᱢᱟ ᱛᱟᱭᱚᱢ ᱥᱮᱨᱢᱟ ᱫᱷᱟᱹᱵᱤᱡ ᱱᱚᱶᱟ ᱪᱟᱪᱟᱞᱟᱣ ᱞᱮᱠᱟᱱᱟᱜ ᱦᱩᱭ ᱨᱟᱠᱟᱵ ᱟᱠᱟᱱᱟ ᱾,"ᱡᱟᱹᱯᱩᱫ ᱫᱤᱱ ᱨᱮ ᱱᱟᱥᱮᱱᱟᱜ ᱟᱱᱟᱴ ᱦᱳᱭᱳᱜᱼᱟ, ᱢᱮᱱᱠᱷᱟᱱ ᱱᱤᱛ ᱟᱭᱢᱟ ᱥᱮᱨᱢᱟ ᱠᱷᱚᱱ ᱱᱚᱶᱟ ᱫᱚ ᱪᱟᱪᱟᱞᱟᱣ ᱦᱩᱭᱩᱜ ᱠᱟᱱᱟ ᱾"
293,"हाँ, सही है, सुनकर लगता है कि आदत हो गई है; मुझे बस उम्मीद है कि सब कुछ जल्दी ठीक हो जाए।","ᱤᱧ ᱧᱮᱞᱛᱮ, ᱡᱟᱦᱟᱸ ᱪᱟᱪᱟᱞᱟᱣ ᱟᱱᱟᱜ ᱥᱟᱵᱟᱫ ᱵᱟᱝ ᱠᱟᱱᱟ; ᱤᱧ ᱥᱩᱢᱩᱝ ᱟᱥᱟᱤᱧ ᱫᱚᱦᱚᱭᱟ ᱡᱤᱱᱤᱥᱠᱚ ᱟᱹᱰᱤ ᱞᱚᱜᱚᱱ ᱵᱷᱟᱜᱮ ᱦᱩᱭᱩᱜᱼᱟ ᱾","ᱦᱩᱭᱩᱜ ᱠᱟᱱᱟ, ᱜᱚᱴᱟ, ᱵᱟᱰᱟᱭ ᱧᱟᱢ ᱟᱠᱟᱱᱟ ᱡᱮ, ᱱᱚᱶᱟ ᱫᱚ ᱥᱟᱧᱪᱟᱣ ᱦᱩᱭ ᱟᱠᱟᱱᱟ; ᱤᱧ ᱥᱩᱢᱩᱝ ᱟᱭᱩᱢᱟᱹᱱ ᱮᱫᱟ ᱡᱮ, ᱥᱟᱱᱟᱢᱟᱜ ᱜᱮ ᱟᱹᱰᱤ ᱞᱚᱜᱚᱱ ᱱᱟᱯᱟᱭ ᱦᱳᱭᱳᱜᱼᱟ ᱾"
294,"सॉरी, मुझे अभी निकलना होगा, क्या तुम मुझे चक्रवात की ताज़ा ख़बर दे सकती हो?","ᱤᱧ ᱵᱷᱟᱵᱱᱟᱹᱧ ᱟᱹᱭᱠᱟᱹᱣᱮᱫᱟ, ᱤᱧ ᱪᱟᱞᱟᱜ ᱦᱩᱭᱩᱜ ᱛᱤᱧᱟᱹ, ᱟᱢ ᱪᱮᱫ ᱦᱚᱭᱵᱷᱟᱨᱰᱳ ᱨᱮᱭᱟᱜ ᱢᱤᱫᱴᱟᱝ ᱞᱚᱜᱚᱱ ᱟᱯᱰᱮᱴ ᱤᱧ ᱮᱢ ᱫᱟᱲᱮ ᱟᱹᱧᱟᱹ ?","ᱤᱧ ᱱᱤᱛ ᱜᱮ ᱪᱟᱞᱟᱣ ᱦᱩᱭᱩᱜ ᱛᱟᱢᱟ, ᱟᱢ ᱠᱤ ᱤᱧ ᱦᱚᱭᱦᱩᱫᱤᱥ ᱨᱮᱭᱟᱜ ᱱᱟᱶᱟᱱ ᱰᱚᱜᱚᱨ ᱮᱢ ᱮᱢ ᱫᱟᱲᱮᱭᱟᱜᱼᱟ?"
295,अभी हालात कैसे हैं और लोग फिलहाल इससे कैसे निपट रहे हैं।,ᱱᱟᱦᱟᱜ ᱡᱤᱲᱤᱥᱠᱚ ᱪᱮᱫᱞᱮᱠᱟ ᱟᱨ ᱦᱚᱲᱠᱚ ᱱᱮᱛᱚᱜ ᱪᱮᱫ ᱞᱮᱠᱟᱛᱮ ᱱᱚᱶᱟ ᱠᱚ ᱢᱩᱠᱟᱹᱵᱮᱞᱟ ᱮᱫᱟ ᱾,ᱱᱟᱦᱟᱜ ᱚᱠᱛᱚ ᱨᱮ ᱪᱮᱫ ᱞᱮᱠᱟ ᱦᱚᱭᱩᱜ ᱟ ᱟᱨ ᱱᱟᱦᱟᱜ ᱚᱠᱛᱚ ᱨᱮ ᱦᱚᱲ ᱠᱚ ᱪᱮᱫ ᱞᱮᱠᱟᱛᱮ ᱱᱚᱶᱟ ᱥᱟᱞᱟᱜ ᱠᱚ ᱥᱟᱢᱲᱟᱣ ᱮᱫᱟ ᱾
296,"यहाँ कई सारे संगठन हैं जो लोगों को ज़रूरत के हिसाब से राशन, चिकित्सा सुविधाओं और दवाओं और सभी ज़रूरी चीज़ों के लिए मदद दे रहे हैं।","ᱱᱚᱸᱰᱮ ᱟᱭᱢᱟ ᱜᱟᱶᱛᱟ ᱢᱮᱱᱟᱜᱼᱟ ᱡᱟᱦᱟᱸᱭ ᱠᱚ ᱦᱚᱲᱠᱚ ᱜᱚᱲᱚ ᱟᱠᱚᱣᱟ, ᱢᱩᱫᱤ, ᱪᱤᱠᱤᱥᱥᱟ ᱥᱩᱵᱤᱫᱷᱟ ᱟᱨ ᱨᱟᱱ ᱟᱨ ᱡᱚᱛᱚ ᱞᱟᱹᱠᱛᱤᱭᱟᱱ ᱡᱤᱱᱤᱥᱠᱚ ᱡᱚᱠᱷᱚᱱ ᱞᱟᱹᱠᱛᱤᱜᱼᱟ ᱾","ᱟᱭᱢᱟᱜᱟᱱ ᱥᱮᱢᱞᱮᱫ ᱢᱮᱱᱟᱜᱼᱟ ᱡᱟᱦᱟᱸ ᱦᱚᱲ ᱠᱚ ᱞᱟᱹᱜᱤᱫ ᱟᱨᱮᱥᱚᱱ, ᱢᱮᱰᱤᱠᱮᱞ ᱥᱟᱨᱵᱷᱟᱨ ᱟᱨ ᱵᱮᱶᱦᱟᱨ ᱟᱨ ᱥᱟᱱᱟᱢ ᱞᱟᱹᱠᱛᱤ ᱞᱟᱹᱜᱤᱫ ᱜᱚᱲᱚ ᱮᱢ ᱟᱠᱟᱫᱟᱭ ᱾"
297,कई इलाकों में तो टीमें बनाई गई हैं जो ज़रूरत पड़ने पर किसी भी तरह की मदद देने के लिए काम कर सकती हैं।,ᱰᱷᱮᱨᱜᱟᱱ ᱴᱚᱴᱷᱟ ᱨᱮ ᱮᱢᱚᱱᱪᱮᱫ ᱜᱟᱫᱮᱞ ᱛᱮᱭᱟᱨ ᱦᱩᱭᱩᱜᱼᱟ ᱡᱟᱦᱟᱸᱭ ᱞᱟᱹᱠᱛᱤᱭᱟᱱ ᱡᱟᱦᱟᱸ ᱞᱮᱠᱟᱱᱟᱜ ᱜᱚᱲᱚ ᱮᱢᱚᱜ ᱨᱮ ᱠᱟᱹᱢᱤ ᱫᱟᱲᱮᱭᱟᱜᱼᱟᱭ ᱾,"ᱟᱭᱢᱟ ᱴᱚᱴᱷᱟ ᱨᱮ ᱜᱟᱫᱮᱞ ᱵᱮᱱᱟᱣ ᱦᱩᱭ ᱟᱠᱟᱱᱟ, ᱡᱟᱦᱟᱸ ᱫᱚ ᱞᱟᱹᱠᱛᱤ ᱦᱩᱭ ᱞᱮᱱ ᱠᱷᱟᱱ ᱡᱟᱦᱟᱸ ᱞᱮᱠᱟᱱ ᱜᱚᱲᱚ ᱮᱢ ᱞᱟᱹᱜᱤᱫ ᱠᱟᱹᱢᱤ ᱫᱟᱲᱮᱭᱟᱜᱼᱟ ᱾"
298,तो हम बस संयम रखने और एक दूसरे की मदद करने के अलावा और कुछ नहीं कर सकते।,ᱥᱟᱦᱟᱣ ᱫᱟᱲᱮ ᱛᱟᱦᱮᱸᱱ ᱟᱨ ᱢᱤᱫ ᱟᱨᱢᱤᱫᱦᱚᱲ ᱜᱚᱲᱚ ᱪᱷᱟᱰᱟ ᱟᱞᱮ ᱪᱮᱫᱦᱚᱸ ᱵᱟᱞᱮ ᱠᱚᱨᱟᱣ ᱫᱟᱲᱮᱭᱟᱜᱼᱟ ᱾,ᱚᱱᱟᱛᱮ ᱟᱢ ᱥᱩᱢᱩᱝ ᱥᱟᱢᱲᱟᱣ ᱫᱚᱦᱚ ᱟᱨ ᱢᱤᱫ ᱦᱚᱲ ᱟᱨ ᱢᱤᱫ ᱦᱚᱲ ᱜᱚᱲᱚ ᱵᱟᱝ ᱮᱢ ᱫᱟᱲᱮᱭᱟᱜᱼᱟ ᱾
299,"हाँ, ठीक कहती हो!","ᱦᱮᱸ, ᱚᱱᱟ ᱡᱚᱛᱷᱟᱛ ᱜᱮᱭᱟ !","ᱟᱢ ᱞᱟᱹᱭ ᱢᱮ, ᱦᱩᱭᱩᱜ ᱠᱟᱱᱟ, ᱟᱢ ᱞᱟᱹᱭ ᱢᱮ ᱾"
300,तुम सब अपना और एक-दूसरे का ध्यान रखना।,ᱟᱯᱮ ᱡᱚᱛᱚ ᱫᱟᱭᱟ ᱠᱟᱛᱮ ᱟᱯᱮᱭᱟᱜ ᱟᱨ ᱢᱤᱫ ᱟᱨ ᱦᱤᱫᱟᱜ ᱡᱚᱛᱚᱱ ᱦᱟᱛᱟᱣ ᱢᱮ ᱾,ᱟᱢ ᱥᱟᱱᱟᱢᱟᱜ ᱜᱮ ᱟᱢ ᱟᱨ ᱢᱤᱫ ᱦᱚᱲ ᱟᱨ ᱢᱤᱫ ᱦᱚᱲ ᱟᱜ ᱩᱭᱦᱟᱹᱨ ᱫᱚᱦᱚ ᱢᱮ ᱾
301,उम्मीद है कि यह भी जल्दी ठीक हो जाएगा; हमें बताना अगर हम यहाँ से कुछ कर सकें तो।,ᱤᱧ ᱟᱸᱥ ᱤᱧ ᱫᱚᱦᱚᱭᱮᱫᱟ ᱱᱚᱶᱟ ᱟᱹᱰᱤ ᱞᱚᱜᱚᱱ ᱵᱷᱟᱜᱮ ᱦᱩᱭᱩᱜᱼᱟ; ᱟᱵᱚ ᱱᱚᱸᱰᱮ ᱠᱷᱚᱱ ᱠᱟᱹᱪ ᱵᱚᱱ ᱠᱚᱨᱟᱣ ᱫᱟᱲᱮᱭᱟᱜᱼᱟ ᱥᱮ ᱪᱮᱫ ᱚᱱᱟ ᱤᱧ ᱵᱟᱰᱟᱭ ᱚᱪᱚᱤᱧ ᱢᱮ ᱾,ᱟᱭᱢᱟᱜᱟᱱ ᱡᱮ ᱱᱚᱶᱟ ᱦᱚᱸ ᱟᱹᱰᱤ ᱞᱚᱜᱚᱱ ᱱᱟᱯᱟᱭ ᱦᱳᱭᱳᱜᱼᱟ; ᱟᱢ ᱞᱟᱹᱭ ᱢᱮ ᱡᱮ ᱟᱢ ᱡᱩᱫᱤ ᱱᱚᱶᱟ ᱠᱷᱚᱱ ᱠᱤᱪᱷᱩ ᱠᱚᱨᱟᱣ ᱫᱟᱲᱮᱭᱟᱜᱼᱟ ᱾
302,बिल्कुल मैं तुम्हें ज़रूर बताऊँगी।,ᱱᱤᱦᱟᱹᱛ ᱜᱮ ᱤᱧ ᱟᱢᱤᱧ ᱵᱟᱰᱟᱭ ᱚᱪᱚ ᱢᱮᱭᱟ ᱾,ᱜᱚᱴᱟ ᱜᱮ ᱤᱧ ᱟᱢ ᱞᱟᱹᱭ ᱤᱧᱢᱮ ᱾
303,आख़िरकार अनलॉक शुरू हो गया।,"ᱢᱩᱪᱟᱹᱫ ᱦᱟᱹᱵᱤᱡ ᱛᱮ, ᱞᱚᱠᱰᱟᱣᱩᱱ ᱡᱷᱤᱡᱩᱜ ᱠᱟᱱᱟ ᱾",ᱢᱩᱪᱟᱹᱫ ᱨᱮ ᱚᱱᱠᱞᱳᱰ ᱮᱦᱚᱵ ᱞᱮᱱᱟ ᱾
304,अब उतनी सख़्त पाबंदियाँ और नहीं।,ᱟᱨ ᱠᱮᱴᱮᱡ ᱢᱟᱱᱟ ᱵᱟᱨᱚᱱ ᱵᱟᱹᱱᱩᱜᱼᱟ ᱾,ᱱᱤᱛ ᱟᱨᱦᱚᱸ ᱟᱹᱰᱤ ᱜᱟᱹᱨᱫᱷᱟᱹ ᱵᱚᱱᱫᱮᱡ ᱵᱟᱝ ᱢᱮᱱᱟᱜᱼᱟ ᱾
305,"अगर मुझे एक हफ़्ते और घर के भीतर रहना पड़ता, तो मैं पागल हो जाती।","ᱤᱧᱫᱚ ᱯᱟᱜᱞᱟ ᱩᱛᱟᱹᱨ ᱠᱚᱜ ᱟᱹᱧ, ᱡᱩᱫᱤ ᱟᱨ ᱢᱤᱫ ᱦᱟᱯᱛᱟ ᱜᱟᱱ ᱚᱲᱟᱜ ᱵᱷᱤᱛᱤᱨ ᱨᱮᱧ ᱛᱟᱦᱮᱸ ᱞᱮᱱᱠᱷᱟᱱ ᱾","ᱤᱧ ᱡᱩᱫᱤ ᱟᱨᱦᱚᱸ ᱢᱤᱫ ᱦᱟᱯᱛᱟ ᱚᱲᱟᱜ ᱨᱮ ᱛᱟᱦᱮᱸᱱᱟ, ᱮᱱᱠᱷᱟᱱ ᱤᱧ ᱫᱚ ᱜᱷᱟᱹᱞᱚᱜᱼᱟ ᱾"
306,किसने कहा तुम पागल नहीं हो?,ᱚᱠᱚᱭ ᱞᱟᱹᱭ ᱮᱫᱟ ᱟᱢ ᱮᱠᱞᱟ ᱫᱚ ᱵᱟᱝ ?,ᱡᱟᱦᱟᱸᱭ ᱮ ᱞᱟᱹᱭ ᱟᱠᱟᱫᱟ ᱡᱮ ᱟᱢ ᱫᱚ ᱵᱟᱝ ᱮᱧᱟᱢ ᱠᱟᱱᱟ ᱾
307,"मजाक एक तरफ़, अनलॉक की पहल का यह मतलब नहीं कि तुम जो चाहे वो कर सकती हो।","ᱞᱟᱸᱫᱟ ᱠᱟᱛᱷᱟ ᱫᱚ ᱛᱟᱦᱮᱸᱱᱚᱜ, ᱞᱚᱠᱰᱟᱣᱩᱱ ᱡᱷᱤᱡᱩᱜ ᱠᱟᱱᱟ ᱢᱮᱱᱛᱮ ᱱᱚᱝᱠᱟ ᱫᱚ ᱵᱟᱝ ᱠᱟᱱᱟ ᱡᱮ ᱟᱢ ᱡᱟᱦᱟᱸ ᱜᱮᱢ ᱠᱷᱚᱡᱟ ᱚᱱᱜᱮᱢ ᱠᱚᱨᱟᱣᱼᱟ ᱾","ᱢᱤᱫ ᱥᱮᱫ ᱠᱷᱮᱹᱞᱳᱰ ᱦᱩᱭᱩᱜ ᱠᱟᱱᱟ, ᱚᱱᱠᱚᱞᱚᱠ ᱨᱮᱭᱟᱜ ᱮᱛᱚᱦᱚᱵ ᱨᱮᱭᱟᱜ ᱠᱟᱛᱷᱟ ᱫᱚ ᱵᱟᱝ ᱠᱟᱱᱟ ᱡᱮ ᱟᱢ ᱡᱟᱦᱟᱸ ᱮᱢ ᱠᱷᱚᱡᱟ ᱚᱱᱟ ᱠᱚᱨᱟᱣ ᱫᱟᱲᱮᱭᱟᱜᱼᱟ ᱾"
308,रात का कर्फ़्यू अब भी रहेगा।,ᱧᱤᱫᱟᱹ ᱠᱟᱨᱯᱷᱤᱣᱩ ᱫᱚ ᱱᱤᱛᱦᱚᱸ ᱢᱮᱱᱟᱜ ᱜᱮᱭᱟ ᱾,ᱱᱤᱛᱦᱚᱸ ᱧᱤᱫᱟᱹ ᱠᱚᱨᱯᱷᱤᱭᱩ ᱛᱟᱦᱮᱸᱱᱟ ᱾
309,मास्क की सख़्ती और सामाजिक दूरी के नियम अभी भी लागू रहेंगे।,ᱢᱟᱥᱠ ᱦᱚᱨᱚᱜ ᱟᱨ ᱥᱳᱥᱟᱞ ᱰᱤᱥᱴᱮᱱᱥᱤᱝ ᱱᱤᱭᱚᱢ ᱫᱚ ᱱᱤᱛᱦᱚᱸ ᱞᱟᱹᱜᱩᱼᱟ ᱾,ᱢᱳᱥᱚᱠ ᱨᱮᱭᱟᱜ ᱟᱹᱰᱤ ᱟᱨ ᱥᱟᱶᱛᱟᱹᱨᱤ ᱵᱷᱮᱜᱟᱨ ᱨᱮᱭᱟᱜ ᱟᱹᱨᱤ ᱠᱚᱫᱚ ᱱᱤᱛᱦᱚᱸ ᱵᱮᱣᱦᱟᱨ ᱦᱩᱭᱩᱜᱼᱟ ᱾
310,"और सबसे ज़रूरी, वैक्सीन लगवाना हमारी सबसे पहली चिंता होनी चाहिए।","ᱟᱨ ᱡᱚᱛᱚᱠᱷᱚᱱ ᱞᱟᱹᱠᱛᱤᱭᱟᱜ, ᱩᱥᱟᱹᱨᱟ ᱵᱷᱮᱠᱥᱤᱱ ᱦᱟᱛᱟᱣ ᱫᱚ ᱟᱵᱚᱣᱟᱜ ᱩᱭᱦᱟᱹᱨ ᱦᱩᱭᱩᱜ ᱞᱟᱹᱠᱛᱤ ᱠᱟᱱᱟ ᱾","ᱟᱨ ᱡᱚᱛᱚ ᱠᱷᱚᱱ ᱢᱩᱲᱩᱫ ᱞᱮᱠᱟᱛᱮ, ᱴᱩᱭᱤᱠᱮᱱ ᱦᱟᱛᱟᱣ ᱦᱩᱭᱩᱜ ᱛᱟᱢᱟ ᱟᱢᱟᱜ ᱯᱳᱭᱞᱳ ᱪᱟᱹᱱᱛᱤ ᱾"
311,"ओह, क्या वैक्सीन लगवाना ज़रूरी है?","ᱳ, ᱴᱤᱠᱟᱹ ᱫᱚ ᱦᱟᱛᱟᱣᱜᱮ ᱦᱩᱭᱩᱜᱼᱟ ?","ᱳᱦ, ᱴᱩᱭᱤᱠᱮᱱ ᱦᱟᱛᱟᱣ ᱞᱟᱹᱠᱛᱤ ᱠᱟᱱᱟ ᱥᱮ ᱵᱟᱝ?"
312,एक बार कोविड हो जाने पर क्या लोग इम्यून नहीं हो जाते?,ᱢᱤᱫᱴᱟᱝ ᱦᱚᱲ ᱞᱟᱦᱟᱨᱮ ᱠᱳᱵᱷᱤᱰ ᱨᱮᱭ ᱯᱟᱲᱟᱣ ᱞᱮᱱᱠᱷᱟᱱ ᱩᱱᱤᱫᱚ ᱪᱮᱫ ᱟᱡᱟᱨ ᱵᱟᱭ ᱴᱮᱠᱟᱣ ᱫᱟᱨᱟᱢ ᱫᱟᱲᱮᱭᱟᱜᱼᱟ ?,ᱠᱳᱵᱤᱰ ᱦᱩᱭ ᱞᱮᱱ ᱠᱷᱟᱱ ᱦᱚᱲ ᱠᱚ ᱪᱮᱫ ᱱᱤᱭᱩᱢᱩᱱ ᱵᱟᱝ ᱦᱳᱭᱳᱜᱼᱟ?
313,हे भगवान! तुम कहाँ से ये सब गलत-सलत बातें सुन कर आ जाती हो?,"ᱳᱦ, ᱪᱟᱸᱫᱳ ! ᱚᱠᱟ ᱠᱷᱚᱱᱮᱢ ᱧᱟᱢᱟ ᱱᱚᱝᱠᱟᱱ ᱵᱟᱹᱲᱤᱡ ᱩᱭᱦᱟᱹᱨ ᱵᱷᱟᱵᱱᱟ ?","ᱟᱭᱢᱟᱜᱟᱱ, ᱟᱢ ᱪᱮᱫ ᱠᱷᱚᱱ ᱱᱚᱶᱟ ᱥᱟᱱᱟᱢ ᱵᱮᱼᱵᱩᱴᱟᱹ ᱠᱟᱛᱷᱟ ᱵᱟᱰᱟᱭ ᱧᱟᱢ ᱟᱠᱟᱫᱟ?"
314,"नहीं, एक बार कोविड हो जाने से कोई भी व्यक्ति उससे इम्यून नहीं हो जाता।",ᱢᱟᱲᱟᱝᱨᱮ ᱞᱚᱦᱚᱡᱩᱨᱤ ᱞᱮᱱᱠᱷᱟᱱ ᱚᱠᱚᱭᱦᱚᱸ ᱠᱳᱵᱷᱤᱰ ᱠᱷᱚᱱ ᱨᱤᱦᱟᱹᱭ ᱵᱟᱭ ᱧᱟᱢᱟ ᱾,"ᱵᱟᱝ, ᱢᱤᱫ ᱫᱷᱟᱣ ᱠᱳᱵᱤᱰ ᱦᱩᱭ ᱞᱮᱱ ᱠᱷᱟᱱ, ᱡᱟᱦᱟᱸᱭ ᱦᱚᱸ ᱚᱱᱟ ᱠᱷᱚᱱ ᱮᱢᱮᱧ ᱵᱟᱝᱚᱜᱼᱟ ᱾"
315,असल में दोनों के बीच कोई संबंध ही नहीं है।,ᱟᱥᱚᱞᱨᱮ ᱱᱚᱶᱟᱠᱤᱱ ᱢᱩᱫᱽᱨᱮ ᱚᱠᱟ ᱥᱟᱹᱜᱟᱹᱭᱜᱮ ᱵᱟᱹᱱᱩᱜᱼᱟ ᱿,"ᱥᱟᱫᱷᱟᱨᱚᱱ ᱞᱮᱠᱟᱛᱮ, ᱵᱟᱱᱟᱨ ᱢᱩᱫᱨᱮ ᱡᱟᱦᱟᱱ ᱡᱳᱜᱟᱡᱳᱜ ᱵᱟᱝ ᱢᱮᱱᱟᱜᱼᱟ ᱾"
316,और सबसे बड़ी बात यह है कि वैक्सिनेशन एकदम ज़रूरी है।,"ᱟᱨ ᱡᱚᱛᱚᱠᱷᱚᱱ ᱞᱟᱹᱠᱛᱤᱭᱟᱜ, ᱴᱤᱠᱟᱹ ᱦᱟᱛᱟᱣ ᱫᱚ ᱮᱠᱟᱞ ᱡᱟᱹᱨᱩᱲᱟ ᱾","ᱟᱨ ᱡᱚᱛᱚ ᱠᱷᱚᱱ ᱢᱟᱨᱟᱝ ᱠᱟᱛᱷᱟ ᱫᱚ ᱦᱩᱭᱩᱜ ᱠᱟᱱᱟ, ᱴᱩᱭᱤᱠᱮᱥᱚᱱ ᱫᱚ ᱟᱹᱰᱤ ᱞᱟᱹᱠᱛᱤ ᱠᱟᱱᱟ ᱾"
317,हर एक व्यक्ति को दो वैरिफ़ाइड वैक्सीन कोविशील्ड और कोवैक्सीन में से एक लगवानी होगी।,ᱥᱟᱱᱟᱢ ᱦᱚᱲᱜᱮ ᱠᱳᱵᱷᱤᱥᱤᱞᱰ ᱟᱨ ᱠᱳᱵᱦᱮᱠᱥᱤᱱ ᱵᱟᱨᱭᱟ ᱧᱩᱛᱩᱢᱟᱱ ᱵᱷᱮᱠᱥᱤᱱ ᱨᱮᱭᱟᱜ ᱡᱟᱦᱟᱸᱴᱟᱜ ᱜᱮ ᱦᱟᱛᱟᱣ ᱦᱩᱭᱩᱜ ᱛᱟᱢᱟ ᱾,ᱡᱚᱛᱚ ᱦᱚᱲ ᱜᱮ ᱠᱳᱵᱷᱤᱥᱤᱞᱰ ᱟᱨ ᱠᱳᱣᱟᱠᱤᱥᱤᱱ ᱨᱮᱭᱟᱜ ᱵᱟᱨᱭᱟ ᱥᱟᱨᱴᱤᱯᱷᱤᱠᱮᱴ ᱴᱮᱠᱤᱥᱮᱱ ᱢᱩᱫᱨᱮ ᱢᱤᱫᱴᱟᱝ ᱦᱟᱛᱟᱣ ᱦᱩᱭᱩᱜ ᱛᱟᱢᱟ ᱾
318,तो तुम कहना चाहती हो कि मुझे पहले जाकर वैक्सीन लगवाना होगी और तब जा कर मैं उन सभी चीज़ों के बारे में सोच सकती हूँ जो मैं अनलॉक में करना चाहती हूँ।,ᱚᱱᱟᱛᱮ ᱟᱢᱮᱢ ᱞᱟᱹᱭ ᱮᱫᱟ ᱡᱮ ᱤᱧ ᱯᱳᱭᱞᱳᱨᱮ ᱵᱷᱮᱠᱥᱤᱱ ᱦᱟᱛᱟᱣ ᱦᱩᱭᱩᱜ ᱛᱤᱧᱟᱹ ᱟᱨ ᱤᱱᱟᱹ ᱛᱟᱭᱚᱢ ᱞᱚᱠᱰᱟᱣᱩᱱ ᱠᱷᱩᱞᱟᱹᱣ ᱚᱠᱛᱚ ᱤᱧ ᱡᱟᱦᱟᱸᱠᱚ ᱡᱤᱱᱤᱥ ᱠᱚᱨᱟᱣ ᱤᱧ ᱠᱷᱚᱡ ᱠᱟᱱ ᱛᱟᱦᱮᱸ ᱚᱱᱟ ᱩᱭᱦᱟᱹᱨ ᱢᱮ ᱾,"ᱚᱱᱟᱛᱮ ᱟᱢ ᱞᱟᱹᱭ ᱠᱷᱚᱡᱟ ᱡᱮ, ᱤᱧ ᱯᱳᱭᱞᱳ ᱪᱟᱞᱟᱣ ᱠᱟᱛᱮ ᱴᱮᱠᱤᱥᱮᱱ ᱦᱟᱛᱟᱣ ᱦᱩᱭᱩᱜ ᱛᱟᱢᱟ ᱟᱨ ᱚᱱᱟ ᱛᱟᱭᱚᱢ ᱪᱟᱞᱟᱣ ᱠᱟᱛᱮ ᱤᱧ ᱚᱱᱞᱳᱠ ᱨᱮ ᱡᱟᱦᱟᱸ ᱥᱟᱱᱟᱢ ᱠᱟᱹᱢᱤ ᱠᱚᱨᱟᱣ ᱠᱷᱚᱡ ᱠᱟᱱᱟ ᱚᱱᱟ ᱤᱫᱤ ᱠᱟᱛᱮ ᱤᱧ ᱩᱭᱦᱟᱹᱨ ᱫᱟᱲᱮᱭᱟᱜᱼᱟ ᱾"
319,"एक नहीं, बल्कि एक ही वैक्सीन के दो डोज़।","ᱢᱤᱫᱴᱟᱝ ᱫᱚ ᱵᱟᱝ, ᱢᱤᱫᱴᱟᱝ ᱵᱷᱮᱠᱥᱤᱱ ᱨᱮᱭᱟᱜ ᱵᱟᱨᱭᱟ ᱰᱳᱡ ᱾","ᱢᱤᱫᱴᱟᱝ ᱫᱚ ᱵᱟᱝ, ᱢᱮᱱᱠᱷᱟᱱ ᱢᱤᱫ ᱴᱮᱠᱤᱥᱮᱱ ᱨᱮᱭᱟᱜ ᱵᱟᱨᱭᱟ ᱰᱳᱡᱽ ᱾"
320,तुम्हें मॉल में जाने या ट्रेन या फ़्लाइट में ट्रैवल करने के पहले अपना वैक्सीन सर्टिफ़िकेट दिखाने के लिए कहा जाएगा।,ᱢᱤᱫᱴᱟᱝ ᱢᱚᱞᱨᱮ ᱵᱚᱞᱚᱜ ᱞᱟᱦᱟᱨᱮ ᱥᱮ ᱨᱤᱞᱜᱟᱹᱰᱤ ᱥᱮ ᱩᱰᱟᱹᱱᱜᱟᱹᱰᱤᱨ ᱛᱮ ᱪᱟᱞᱟᱜ ᱞᱟᱦᱟᱨᱮ ᱟᱢ ᱟᱢᱟᱜ ᱵᱷᱮᱠᱥᱤᱱ ᱥᱤᱫᱥᱟᱠᱟᱢ ᱩᱫᱩᱜᱽ ᱠᱚ ᱢᱮᱛᱟᱢᱟ ᱾,ᱢᱚᱞ ᱨᱮ ᱪᱟᱞᱟᱣᱚᱜ ᱥᱮ ᱴᱨᱤᱱ ᱥᱮ ᱯᱷᱞᱟᱭᱤᱴ ᱨᱮ ᱪᱟᱞᱟᱣᱚᱜ ᱢᱟᱲᱟᱝ ᱟᱢ ᱟᱢᱟᱜ ᱴᱮᱠᱤᱥᱮᱱ ᱥᱟᱨᱴᱤᱯᱷᱤᱠᱮᱴ ᱩᱫᱩᱜ ᱞᱟᱹᱜᱤᱫ ᱢᱮᱱ ᱦᱩᱭᱩᱜᱼᱟ ᱾
321,सच में? वो देखते हैं? मुझे इस बारे में कैसे कुछ नहीं पता।,ᱥᱟᱹᱨᱤᱜᱮ ? ᱩᱱᱠᱩ ᱠᱚ ᱠᱚᱨᱟᱣᱼᱟ ? ᱤᱧᱫᱚ ᱪᱤᱠᱟᱹᱛᱮ ᱵᱟᱹᱧ ᱵᱟᱰᱟᱭᱟ ᱾,ᱜᱚᱴᱟ ᱜᱮ? ᱩᱱᱠᱩ ᱠᱚ ᱧᱮᱞᱚᱜᱼᱟ? ᱤᱧ ᱪᱮᱫ ᱞᱮᱠᱟᱛᱮ ᱱᱚᱶᱟ ᱵᱟᱨᱮᱛᱮ ᱪᱮᱫᱦᱚᱸ ᱵᱟᱝ ᱵᱟᱰᱟᱭ ᱟᱠᱟᱱᱟ ᱾
322,मैं तो इस गर्मी में अपने परिवार के साथ छुट्टियाँ मनाने की सोच रही थी।,ᱟᱥᱚᱞᱨᱮ ᱱᱤᱭᱟᱹ ᱥᱤᱛᱩᱝ ᱫᱤᱱᱨᱮ ᱤᱧᱨᱮᱱ ᱜᱷᱟᱸᱨᱚᱡᱤᱭᱟᱹ ᱠᱚ ᱥᱟᱶᱛᱮ ᱢᱤᱫᱴᱟᱝ ᱪᱷᱩᱴᱤ ᱨᱮᱭᱟᱜ ᱤᱧ ᱩᱭᱦᱟᱹᱨ ᱵᱷᱟᱵᱱᱟ ᱞᱮᱫᱟ ᱾,ᱤᱧ ᱱᱚᱶᱟ ᱠᱷᱮᱹᱞ ᱫᱤᱱ ᱨᱮ ᱤᱧᱟᱹᱜ ᱜᱷᱟᱨᱚᱸᱡᱽ ᱥᱟᱶ ᱪᱷᱟᱹᱲ ᱦᱟᱛᱟᱣ ᱨᱮᱭᱟᱜ ᱮ ᱩᱭᱦᱟᱹᱨ ᱞᱮᱫᱟ ᱾
323,"उसके लिए, तुम सभी को कोविड-19 वैक्सीन की कम से कम पहली डोज़ लगवाकर वैक्सिनेट होना होगा।","ᱚᱱᱟ ᱠᱷᱟᱹᱛᱤᱨ ᱛᱮ, ᱟᱯᱮ ᱥᱟᱱᱟᱢ ᱦᱚᱲᱜᱮ ᱠᱳᱵᱷᱤᱰᱼ᱑᱙ ᱴᱤᱠᱟᱹ ᱨᱮᱭᱟᱜ ᱯᱳᱭᱞᱳ ᱰᱳᱡ ᱫᱚ ᱦᱟᱛᱟᱣ ᱦᱩᱭᱩᱜ ᱛᱟᱯᱮᱭᱟ ᱾","ᱚᱱᱟ ᱞᱟᱹᱜᱤᱫ, ᱟᱢ ᱥᱟᱱᱟᱢᱟᱜ ᱠᱳᱵᱤᱰᱼ19 ᱴᱮᱠᱤᱥᱮᱱ ᱨᱮᱭᱟᱜ ᱠᱚᱢ ᱠᱷᱚᱱ ᱠᱚᱢ ᱯᱳᱭᱞᱳ ᱰᱳᱡᱽ ᱮᱢ ᱠᱟᱛᱮ ᱴᱮᱠᱤᱥᱤᱱ ᱠᱚᱨᱟᱣ ᱦᱩᱭᱩᱜ ᱛᱟᱢᱟ ᱾"
324,वो एंट्रेंस पर ही तुम्हारे वैक्सिनेशन सर्टिफ़िकेट के बारे में पूछेंगे।,ᱩᱱᱠᱩ ᱵᱚᱞᱚᱜ ᱫᱩᱣᱟᱹᱨ ᱨᱮ ᱟᱢᱟᱜ ᱴᱤᱠᱟᱹ ᱥᱤᱫ ᱥᱟᱠᱟᱱ ᱞᱟᱹᱜᱤᱫ ᱠᱚ ᱠᱩᱞᱤ ᱢᱮᱭᱟ ᱾,ᱩᱱᱠᱩ ᱫᱚ ᱮᱱᱴᱨᱮᱱᱥ ᱨᱮ ᱟᱢᱟᱜ ᱴᱮᱠᱤᱥᱮᱱᱮᱥᱚᱱ ᱥᱟᱨᱴᱤᱯᱷᱤᱠᱮᱴ ᱤᱫᱤ ᱠᱟᱛᱮ ᱠᱚ ᱵᱟᱰᱟᱭ ᱫᱟᱲᱮᱭᱟᱜᱼᱟ ᱾
325,प्लीज़ खबरों की अपडेट का ध्यान रखना।,ᱠᱷᱚᱵᱚᱨ ᱵᱟᱰᱟᱭ ᱤᱫᱤ ᱵᱟᱨᱮᱛᱮ ᱥᱚᱱᱛᱚᱨ ᱛᱟᱦᱮᱱ ᱢᱮ ᱾,ᱫᱟᱭᱟ ᱠᱟᱛᱮ ᱰᱚᱜᱚᱨ ᱨᱮᱭᱟᱜ ᱱᱟᱶᱟᱱ ᱠᱚ ᱧᱮᱞ ᱫᱚᱦᱚ ᱢᱮ ᱾
326,"हाँ, धन्यवाद, मैं इतने समय से कुछ और ही सोच रही थी।","ᱦᱮᱸ ᱥᱟᱨᱦᱟᱣ ᱜᱮ ᱟᱢᱫᱚ, ᱱᱚᱶᱟ ᱠᱚᱫᱚ ᱤᱧ ᱮᱴᱟᱜ ᱜᱮᱧ ᱩᱭᱦᱟᱹᱨ ᱞᱮᱫᱟ ᱾","ᱦᱩᱭᱩᱜ ᱠᱟᱱᱟ, ᱥᱟᱨᱦᱟᱰ, ᱤᱧ ᱟᱭᱢᱟ ᱫᱤᱱ ᱠᱷᱚᱱ ᱮᱴᱟᱜ ᱠᱤᱪᱷᱩ ᱩᱭᱦᱟᱹᱨ ᱞᱮᱫᱟᱠᱚ ᱾"
327,"जितना जल्द हो सकेगा, मैं अपना इंजेक्शन लगवा लूँगी।",ᱡᱟᱦᱟᱸ ᱛᱤᱱᱟᱹᱜ ᱞᱚᱜᱚᱱ ᱦᱩᱭ ᱫᱟᱲᱮᱭᱟᱜᱼᱟ ᱤᱧ ᱠᱟᱹᱢᱤ ᱧᱟᱢ ᱦᱩᱭᱩᱜ ᱛᱤᱧᱟᱹ ᱾,ᱟᱭᱢᱟᱜᱟᱱ ᱞᱚᱜᱚᱱ ᱤᱧ ᱤᱧᱟᱹᱜ ᱤᱱᱡᱮᱠᱥᱚᱱ ᱦᱟᱛᱟᱣ ᱤᱧᱢᱮ ᱾
328,"हाँ प्लीज़, हमें यह नहीं भूलना चाहिए कि महामारी अभी तक गई नहीं है।","ᱦᱮ ᱫᱟᱭᱟ ᱠᱟᱛᱮᱜ, ᱱᱚᱶᱟ ᱦᱤᱲᱤᱧ ᱞᱮᱠᱷᱟᱱ ᱵᱟᱝ ᱦᱩᱭᱩᱜᱼᱟ ᱡᱮ ᱢᱟᱦᱟᱢᱟᱹᱨᱤ ᱱᱤᱛᱦᱚᱸ ᱵᱟᱝ ᱪᱟᱵᱟ ᱟᱠᱟᱱᱟ ᱾","ᱦᱩᱭᱩᱜ ᱠᱟᱱᱟ, ᱤᱧᱟᱹᱜ ᱵᱟᱝ ᱩᱭᱦᱟᱹᱨ ᱦᱩᱭᱩᱜ ᱛᱟᱢᱟ ᱡᱮ, ᱱᱚᱶᱟ ᱜᱮᱢᱮᱧ ᱫᱚ ᱱᱤᱛᱦᱚᱸ ᱵᱟᱝ ᱪᱟᱞᱟᱣ ᱟᱠᱟᱱᱟ ᱾"
329,मुझे उम्मीद है कि तुमने कोविन वेबसाइट पर अपना रजिस्ट्रेशन करवा लिया है।,ᱤᱧ ᱟᱥᱚᱜ ᱠᱟᱹᱱᱟᱹᱧ ᱠᱳᱣᱤᱱ ᱳᱭᱮᱵᱥᱟᱭᱤᱴᱨᱮ ᱟᱢᱮᱢ ᱥᱮᱞᱮᱫ ᱟᱠᱟᱱᱟ ᱾,ᱤᱧ ᱟᱭᱩᱢᱟᱹᱱ ᱮᱫᱟ ᱡᱮ ᱟᱢ ᱠᱳᱵᱷᱤᱱ ᱳᱭᱮᱵᱽᱥᱟᱭᱤᱴ ᱨᱮ ᱨᱮᱡᱤᱥᱴᱟᱨ ᱠᱚᱨᱟᱣ ᱟᱠᱟᱫᱟ ᱾
330,हाँ मैंने रजिस्टर कर लिया है।,ᱦᱮᱸ ᱤᱧ ᱥᱮᱞᱮᱫ ᱟᱠᱟᱱᱟ ᱾,"ᱦᱩᱭᱩᱜ ᱠᱟᱱᱟ, ᱤᱧ ᱨᱮᱡᱤᱥᱴᱟᱨ ᱠᱚᱨᱟᱣ ᱟᱠᱟᱫᱟ ᱾"
331,फिर प्लीज़ वैक्सीन के लिए अपने हिसाब से अच्छी तारीख देख लो और उसे शेड्यूल कर लो।,ᱤᱱᱟᱹ ᱛᱟᱭᱚᱢ ᱫᱟᱭᱟ ᱠᱟᱛᱮᱜ ᱵᱷᱮᱠᱥᱤᱱ ᱞᱟᱹᱜᱤᱫ ᱢᱤᱫᱴᱟᱝ ᱴᱷᱟᱹᱣᱠᱟᱹ ᱢᱟᱹᱦᱤᱛ ᱧᱮᱞᱢᱮ ᱟᱨ ᱱᱚᱶᱟ ᱜᱚᱴᱟᱭ ᱢᱮ ᱾,ᱚᱱᱟ ᱛᱟᱭᱚᱢ ᱫᱟᱭᱟ ᱠᱟᱛᱮ ᱴᱮᱠᱤᱥᱮᱱ ᱞᱟᱹᱜᱤᱫ ᱟᱢᱟᱜ ᱩᱭᱦᱟᱹᱨ ᱞᱮᱠᱟᱛᱮ ᱱᱟᱯᱟᱭ ᱫᱤᱱ ᱧᱮᱞ ᱢᱮ ᱟᱨ ᱚᱱᱟ ᱨᱮᱭᱟᱜ ᱛᱟᱹᱞᱤᱠᱟ ᱵᱮᱱᱟᱣ ᱢᱮ ᱾
332,कम-से-कम अब तो तुम वैक्सीन लगवा लो।,ᱟᱢᱟᱜ ᱵᱦᱮᱠᱥᱤᱱ ᱦᱟᱛᱟᱣ ᱨᱮᱭᱟᱜ ᱚᱠᱛᱚ ᱥᱮᱴᱮᱨ ᱟᱠᱟᱱᱟ ᱾,ᱠᱚᱢ ᱠᱷᱚᱱ ᱠᱚᱢ ᱱᱤᱛ ᱟᱢ ᱴᱮᱠᱤᱥᱮᱱ ᱦᱟᱛᱟᱣ ᱢᱮ ᱾
333,मैं येआज ही कर लूँगी।,ᱛᱮᱦᱮᱧ ᱤᱧᱛᱮᱧ ᱠᱚᱨᱟᱣᱼᱟ ᱾,ᱤᱧ ᱛᱮᱦᱮᱧ ᱜᱮ ᱠᱚᱨᱟᱣ ᱦᱩᱭᱩᱜ ᱠᱟᱱᱟ ᱾
334,मेरी गलतफ़हमी को दूर करने के लिए धन्यवाद।,ᱤᱧᱟᱹᱜ ᱦᱤᱫᱤᱡ ᱪᱟᱵᱟᱭ ᱟᱞᱹᱜᱤᱫ ᱛᱮ ᱥᱟᱨᱦᱟᱣ ᱿,ᱤᱧᱟᱹᱜ ᱵᱟᱝ ᱵᱟᱰᱟᱭ ᱞᱟᱹᱜᱤᱫ ᱛᱮ ᱟᱢ ᱫᱚ ᱥᱟᱨᱦᱟᱰᱚᱜ ᱠᱟᱱᱟ ᱾
335,"नमस्ते सर, मैं अपनी शिकायत कहां दर्ज कर सकता हूँ?","ᱦᱮᱞᱳ, ᱥᱮᱨ, ᱤᱧ ᱛᱤᱱᱨᱮ ᱞᱟᱹᱞᱤᱥᱤᱧ ᱚᱞ ᱫᱟᱲᱮᱭᱟᱜᱼᱟ ?","ᱦᱚᱞᱮᱹᱥ ᱥᱟᱨ, ᱤᱧ ᱪᱮᱫ ᱴᱷᱟᱶ ᱨᱮ ᱤᱧᱟᱹᱜ ᱞᱟᱹᱞᱤᱥ ᱮᱢ ᱠᱚᱨᱟᱣ ᱫᱟᱲᱮᱭᱟᱜᱼᱟ?"
336,आपको किस प्रकार की शिकायत है?,ᱪᱮᱫ ᱞᱮᱠᱟᱱᱟᱜ ᱞᱟᱹᱞᱤᱥ ᱢᱮᱱᱟᱜ ᱛᱟᱢᱟ ?,ᱟᱢ ᱪᱮᱫ ᱞᱮᱠᱟᱱ ᱞᱟᱹᱞᱤᱥ ᱮᱢ ᱧᱟᱢ ᱟᱠᱟᱫᱟ?
337,"सर, हमारे गांव को साफ पीने का पानी नहीं मिल रहा है।","ᱥᱮᱨ, ᱟᱞᱮ ᱟᱛᱩᱨᱮ ᱧᱩᱭ ᱫᱟᱜ ᱢᱚᱡ ᱵᱟᱝ ᱧᱟᱢᱚᱜ ᱠᱟᱱᱟ ᱾","ᱥᱟᱨ, ᱤᱧᱟᱹᱜ ᱟᱛᱳ ᱫᱚ ᱥᱩᱛᱚ ᱫᱟᱜ ᱵᱟᱝ ᱧᱟᱢ ᱟᱠᱟᱫᱟ ᱾"
338,"सरकार ने हमें साफ पानी दिलाने का वादा किया था, लेकिन हमारे गांव को नहीं मिल रहा है।","ᱥᱚᱨᱠᱟᱨ ᱟᱞᱮ ᱠᱟᱛᱷᱟᱭ ᱮᱢ ᱟᱠᱟᱫ ᱞᱮᱭᱟ ᱯᱷᱟᱨᱪᱟ ᱫᱟᱜ ᱞᱟᱹᱜᱤᱫ, ᱢᱮᱱᱠᱷᱟᱱ ᱟᱞᱮ ᱟᱛᱩᱨᱮ ᱚᱱᱟ ᱵᱟᱞᱮ ᱧᱟᱢ ᱮᱫᱟ ᱾","ᱥᱚᱨᱠᱟᱨ ᱤᱧᱟᱹᱜ ᱥᱩᱛᱚ ᱫᱟᱜ ᱮᱢᱚᱜ ᱨᱮᱭᱟᱜ ᱠᱟᱛᱷᱟ ᱠᱚ ᱮᱢ ᱞᱮᱫᱟ, ᱢᱮᱱᱠᱷᱟᱱ ᱤᱧᱟᱹᱜ ᱟᱛᱳ ᱫᱚ ᱵᱟᱝ ᱠᱚ ᱧᱟᱢ ᱟᱠᱟᱫᱟ ᱾"
339,क्या आपके गांव में कोई अभी तक जाँच करने नहीं आया?,ᱟᱯᱮ ᱟᱛᱩᱨᱮ ᱱᱤᱛ ᱦᱟᱹᱵᱤᱡ ᱡᱟᱦᱟᱱ ᱧᱮᱞ ᱟᱹᱨᱩ ᱵᱟᱝ ᱦᱩᱭ ᱟᱠᱟᱱᱟ ?,ᱟᱢᱟᱜ ᱟᱛᱳ ᱨᱮ ᱱᱤᱛᱦᱚᱸ ᱡᱟᱦᱟᱸᱭ ᱫᱚ ᱵᱤᱰᱟᱹᱣ ᱞᱟᱹᱜᱤᱫ ᱵᱟᱝ ᱦᱮᱡ ᱟᱠᱟᱱᱟ?
340,"नहीं सर, वह तो हमारे गांव में महीनों से नहीं आया।","ᱵᱟᱝ, ᱥᱮᱨ, ᱠᱤᱪᱷᱤ ᱪᱟᱸᱫᱳ ᱫᱷᱩᱨᱭᱟᱹ ᱩᱱᱤ ᱟᱞᱮ ᱟᱛᱚ ᱵᱟᱭ ᱦᱮᱡ ᱟᱠᱟᱱᱟ ᱾","ᱵᱟᱝ, ᱩᱱᱤ ᱫᱚ ᱪᱟᱸᱫᱳ ᱠᱷᱚᱱ ᱤᱧᱟᱹᱜ ᱟᱛᱳ ᱨᱮ ᱵᱟᱝ ᱦᱮᱡ ᱟᱠᱟᱱᱟ ᱾"
341,आप किस गांव से हैं?,ᱚᱠᱟ ᱟᱛᱩᱨᱮᱱ ᱠᱟᱱᱟᱢ,ᱟᱢ ᱪᱮᱫ ᱟᱛᱳ ᱠᱷᱚᱱ ᱦᱮᱡ ᱟᱠᱟᱱᱟ?
342,"सर, मैं महुवरिया गांव से हूँ।","ᱥᱮᱨ, ᱤᱧᱫᱚ ᱢᱟᱦᱩᱵᱷᱟᱨᱤᱭᱟ ᱟᱛᱩᱨᱮᱱ ᱠᱟᱹᱱᱟᱹᱧ ᱾","ᱤᱧ, ᱤᱧ, ᱤᱧ, ᱤᱧ, ᱤᱧ, ᱤᱧ, ᱤᱧ, ᱤᱧ, ᱤᱧ, ᱤᱧ, ᱤᱧ, ᱤᱧ, ᱤᱧ, ᱤᱧ, ᱤᱧ, ᱤᱧ, ᱤᱧ, ᱤᱧ, ᱤᱧ, ᱤᱧ, ᱤᱧ, ᱤᱧ, ᱤᱧ, ᱤᱧ, ᱤᱧ, ᱤᱧ, ᱤᱧ, ᱤᱧ, ᱤᱧ, ᱤᱧ, ᱤᱧ, ᱤᱧ, ᱤᱧ, ᱤᱧ, ᱤᱧ, ᱤᱧ, ᱤᱧ, ᱤᱧ, ᱤᱧ, ᱤᱧ, ᱤᱧ, ᱤᱧ, ᱤᱧ, ᱤᱧ, ᱤᱧ, ᱤᱧ, ᱤᱧ, ᱤᱧ, ᱤᱧ, ᱤᱧ, ᱤᱧ, ᱤᱧ, ᱤᱧ, ᱤᱧ, ᱤᱧ, ᱤᱧ, ᱤᱧ, ᱤᱧ, ᱤᱧ, ᱤᱧ, ᱤᱧ, ᱤᱧ, ᱤᱧ, ᱤᱧ,"
343,और आपके गांव के प्रधान कौन हैं?,ᱟᱨ ᱚᱸᱰᱮ ᱟᱯᱮ ᱟᱛᱩ ᱨᱮᱱ ᱢᱟᱸᱹᱡᱷᱤ ᱚᱠᱚᱭ ᱠᱟᱱᱟᱭ ?,ᱟᱨ ᱟᱢᱟᱜ ᱟᱛᱳ ᱨᱮᱱ ᱢᱩᱲᱩᱫ ᱠᱚ ᱪᱮᱫ?
344,"सर, मैं ही गांव का प्रधान हूँ।","ᱥᱮᱨ, ᱤᱧ ᱠᱟᱹᱱᱟᱹᱧ ᱟᱛᱩᱨᱮᱱ ᱢᱟᱹᱸᱡᱷᱤ ᱾","ᱤᱧ, ᱤᱧ, ᱤᱧ, ᱤᱧ, ᱤᱧ, ᱤᱧ, ᱤᱧ, ᱤᱧ, ᱤᱧ, ᱤᱧ, ᱤᱧ, ᱤᱧ, ᱤᱧ, ᱤᱧ, ᱤᱧ, ᱤᱧ, ᱤᱧ, ᱤᱧ, ᱤᱧ, ᱤᱧ, ᱤᱧ, ᱤᱧ, ᱤᱧ, ᱤᱧ, ᱤᱧ, ᱤᱧ, ᱤᱧ, ᱤᱧ, ᱤᱧ, ᱤᱧ, ᱤᱧ, ᱤᱧ, ᱤᱧ, ᱤᱧ, ᱤᱧ, ᱤᱧ, ᱤᱧ, ᱤᱧ, ᱤᱧ, ᱤᱧ, ᱤᱧ, ᱤᱧ, ᱤᱧ, ᱤᱧ, ᱤᱧ, ᱤᱧ, ᱤᱧ, ᱤᱧ, ᱤᱧ, ᱤᱧ, ᱤᱧ, ᱤᱧ, ᱤᱧ, ᱤᱧ, ᱤᱧ, ᱤᱧ, ᱤᱧ, ᱤᱧ, ᱤᱧ, ᱤᱧ, ᱤᱧ, ᱤᱧ, ᱤᱧ, ᱤᱧ,"
345,"ठीक है, सर, आप अपनी शिकायत के बारे में मुझे खुल कर बताएं।","ᱴᱷᱤᱠ ᱜᱮᱭᱟ, ᱥᱮᱨ, ᱟᱢᱟᱜ ᱞᱟᱹᱞᱤᱥ ᱯᱟᱥᱱᱟᱣᱛᱮ ᱞᱟᱹᱭᱟᱹᱧ ᱢᱮ ᱾","ᱟᱢ, ᱟᱢ, ᱟᱢᱨᱮᱱ ᱞᱟᱹᱞᱤᱥ ᱵᱟᱨᱮᱛᱮ ᱤᱧ ᱞᱟᱹᱭ ᱥᱚᱫᱚᱨ ᱢᱮ ᱾"
346,मैं उसे जल आपूर्ति विभाग के सुपरवाइज़र को भेज दूंगा।,ᱤᱧᱫᱚ ᱱᱚᱶᱟ ᱫᱟᱜ ᱥᱟᱨᱵᱷᱟᱨ ᱛᱷᱚᱱᱚᱛ ᱨᱮᱱ ᱥᱩᱯᱟᱨᱵᱷᱟᱭᱡᱟᱨ ᱴᱷᱮᱱᱤᱧ ᱠᱳᱞᱼᱟ ᱾,ᱤᱧ ᱩᱱᱤ ᱫᱟᱜ ᱥᱟᱨᱵᱷᱟᱨ ᱛᱷᱚᱱᱚᱛ ᱨᱮᱱ ᱧᱮᱞᱟᱱ ᱴᱷᱮᱱ ᱮ ᱵᱷᱮᱡᱟ ᱞᱮᱫᱮᱭᱟᱭ ᱾
347,"सर, सबसे पहले तो हमें पानी काफी जद्दो-जहद के बाद मिला।","ᱥᱮᱨ, ᱯᱳᱭᱞᱳ ᱨᱮ ᱟᱞᱮ ᱟᱭᱢᱟ ᱡᱷᱟᱢᱮᱞᱟ ᱛᱟᱭᱚᱢ ᱫᱟᱜ ᱞᱮ ᱧᱟᱢ ᱟᱠᱟᱫᱟ ᱾","ᱥᱟᱨ, ᱯᱳᱭᱞᱳ ᱨᱮ, ᱟᱭᱢᱟ ᱞᱟᱹᱲᱦᱟᱹᱭ ᱛᱟᱭᱚᱢ ᱤᱧᱟᱹᱜ ᱫᱟᱜ ᱧᱟᱢ ᱟᱠᱟᱱᱟ ᱾"
348,उसके लिए हमें इस ऑफिस में हर दूसरे दिन आना पड़ता था।,ᱱᱚᱶᱟ ᱞᱟᱹᱜᱤᱫ ᱟᱞᱮ ᱫᱤᱱᱟᱹᱢᱜᱮ ᱚᱯᱷᱤᱥ ᱦᱤᱡᱩᱜ ᱦᱩᱭᱩᱜ ᱠᱟᱱ ᱛᱟᱞᱮ ᱛᱟᱦᱮᱸᱜ ᱾,ᱩᱱᱤ ᱞᱟᱹᱜᱤᱫ ᱤᱧᱟᱹᱜ ᱱᱚᱶᱟ ᱚᱯᱷᱤᱥ ᱨᱮ ᱡᱚᱛᱚ ᱫᱚᱥᱟᱨ ᱫᱤᱱ ᱜᱮ ᱦᱮᱡ ᱦᱩᱭᱩᱜ ᱛᱟᱦᱮᱸᱫ ᱾
349,हमें अपने नेटवर्क में पानी की सही तरीके से आपूर्ति के लिए इस ऑफिस के सामने धरना भी देना पड़ा था।,ᱮᱢᱚᱱ ᱪᱮᱫ ᱟᱞᱮ ᱱᱮᱴᱳᱣᱟᱨᱠ ᱨᱮ ᱵᱷᱟᱜᱮ ᱫᱟᱜ ᱥᱟᱨᱵᱦᱟᱨ ᱨᱮᱭᱟᱜ ᱫᱟᱹᱵᱤᱛᱮ ᱱᱤᱭᱟᱹ ᱚᱯᱷᱤᱥ ᱥᱟᱢᱟᱝᱨᱮ ᱟᱸᱫᱳᱲ ᱦᱩᱭᱞᱮᱱ ᱛᱟᱞᱮᱭᱟ ᱾,ᱤᱧᱟᱹᱜ ᱱᱮᱴᱳᱣᱟᱨᱠ ᱨᱮ ᱫᱟᱜ ᱥᱟᱨᱵᱷᱟᱨ ᱞᱟᱹᱜᱤᱫ ᱤᱧᱟᱹᱜ ᱱᱚᱶᱟ ᱚᱯᱷᱤᱥ ᱢᱟᱲᱟᱝ ᱨᱮ ᱫᱟᱹᱨᱰᱩ ᱠᱚᱨᱟᱣ ᱦᱩᱭᱩᱜ ᱛᱟᱦᱮᱸᱫ ᱾
350,"काफी परेशानी के बाद हमें पानी तो मिला, लेकिन पाइपों से आने वाला पानी बहुत गंदा है।","ᱟᱭᱢᱟ ᱡᱷᱟᱢᱮᱞᱟ ᱛᱟᱭᱚᱢ, ᱟᱞᱮᱞᱮ ᱧᱟᱢ ᱟᱠᱟᱫᱟ, ᱢᱮᱱᱠᱷᱟᱱ ᱯᱟᱭᱤᱯ ᱛᱮ ᱡᱟᱦᱟᱸ ᱫᱟᱜ ᱦᱤᱡᱩᱜ ᱠᱟᱱᱟ ᱚᱱᱟ ᱟᱹᱰᱤ ᱚᱡᱨᱟ ᱜᱮᱭᱟ ᱾","ᱟᱹᱰᱤ ᱟᱱᱟᱴ ᱛᱟᱭᱚᱢ ᱤᱧᱟᱹᱜ ᱫᱟᱜ ᱧᱟᱢ ᱟᱠᱟᱱᱟ, ᱢᱮᱱᱠᱷᱟᱱ ᱯᱮᱭᱤᱯ ᱠᱷᱚᱱ ᱦᱮᱡ ᱫᱟᱜ ᱟᱹᱰᱤ ᱜᱟᱹᱨᱰᱩ ᱠᱟᱱᱟ ᱾"
351,"कितना गंदा है, क्या आप समझा सकते हैं?","ᱛᱤᱱᱟᱹᱜ ᱚᱡᱨᱟᱼᱟ, ᱟᱢᱮᱢ ᱞᱟᱹᱭ ᱫᱟᱲᱮᱭᱟᱜᱼᱟ ?","ᱛᱤᱱᱟᱹᱜ ᱠᱟᱹᱪ ᱠᱟᱱᱟ, ᱟᱢ ᱪᱮᱫ ᱵᱚᱨᱱᱚᱱ ᱫᱟᱲᱮᱭᱟᱜᱼᱟᱢ?"
352,"क्या ये मटमैला है, या उसमें किसी तरह की अशुद्धताएं हैं?","ᱵᱚᱰᱮ ᱜᱮᱭᱟ, ᱥᱮ ᱱᱚᱶᱟᱨᱮ ᱡᱟᱦᱟᱸ ᱞᱮᱠᱟᱱᱟᱜ ᱵᱟᱹᱲᱤᱡᱟᱜ ᱠᱚ ᱢᱮᱱᱟᱜᱼᱟ ?","ᱱᱚᱶᱟ ᱫᱚ ᱪᱮᱫ ᱢᱮᱲᱤ, ᱥᱮ ᱱᱚᱶᱟ ᱨᱮ ᱡᱟᱦᱟᱱ ᱞᱮᱠᱟᱱ ᱚᱵᱷᱟᱵᱽ ᱢᱮᱱᱟᱜᱼᱟ?"
353,"सर, पानी मटमैला है।","ᱱᱚᱶᱟᱫᱚ ᱵᱚᱰᱮ ᱫᱟᱜ ᱠᱟᱱᱟ, ᱥᱮᱨ ᱾","ᱥᱟᱨ, ᱫᱟᱜ ᱫᱚ ᱢᱮᱞᱟᱱ ᱾"
354,उसमें अशुद्धताएं भी हैं।,ᱱᱚᱶᱟᱨᱮ ᱵᱟᱹᱲᱤᱡᱟᱜ ᱠᱚᱦᱚᱸ ᱦᱤᱡᱩᱜ ᱠᱟᱱᱟ ᱾,ᱱᱚᱶᱟ ᱨᱮᱭᱟᱜ ᱵᱮᱼᱵᱩᱴᱟᱹ ᱦᱚᱸ ᱢᱮᱱᱟᱜᱼᱟ ᱾
355,उसका इस्तेमाल करने के बाद कई गांव वालों को चमड़ी की अलर्जी भी हो गई थी।,ᱟᱛᱩᱨᱮᱱ ᱟᱭᱢᱟ ᱦᱚᱲᱜᱮ ᱱᱤᱭᱟᱹ ᱵᱮᱣᱦᱟᱨ ᱛᱟᱭᱚᱢ ᱦᱟᱨᱛᱟ ᱨᱮ ᱮᱞᱟᱨᱡᱤ ᱦᱩᱭ ᱟᱠᱟᱱ ᱛᱟᱠᱚᱣᱟ ᱿,ᱱᱚᱶᱟ ᱵᱮᱣᱦᱟᱨ ᱛᱟᱭᱚᱢ ᱟᱭᱢᱟ ᱟᱛᱳ ᱨᱮᱱ ᱦᱚᱲᱠᱚ ᱪᱚᱞᱟᱹ ᱨᱮᱭᱟᱜ ᱮᱞᱟᱨᱡᱤ ᱨᱮᱭ ᱜᱷᱟᱹᱞ ᱞᱮᱱᱟ ᱾
356,"ओह, यह तो काफी सीरियस है।","ᱳ, ᱱᱤᱭᱟᱹ ᱫᱚ ᱟᱹᱰᱤ ᱵᱚᱛᱚᱨᱟᱱ ᱿","ᱳᱦ, ᱱᱚᱶᱟ ᱫᱚ ᱟᱹᱰᱤ ᱜᱚᱭᱟᱨᱚᱱ ᱠᱟᱱᱟ ᱾"
357,"हाँ, सर, काफी सीरियस है।","ᱦᱮᱸ, ᱥᱮᱨ, ᱱᱤᱭᱟᱹᱫᱚ ᱟᱹᱰᱤ ᱵᱚᱛᱚᱨᱟᱱ ᱾","ᱦᱩᱭᱩᱜ ᱠᱟᱱᱟ, ᱥᱟᱨ, ᱟᱹᱰᱤ ᱥᱤᱨᱤᱭᱟᱥ ᱾"
358,हमारे तालाबों और ट्यूब वेलों में साफ पानी नहीं है।,ᱟᱞᱮᱭᱟᱜ ᱯᱩᱠᱷᱨᱤ ᱟᱨ ᱴᱤᱯᱠᱚᱞᱨᱮ ᱵᱷᱟᱜᱮ ᱧᱩᱭ ᱫᱟᱜ ᱵᱟᱹᱱᱩᱜᱼᱟ ᱿,ᱤᱧᱟᱹᱜ ᱫᱟᱜᱫᱩᱱᱩᱞ ᱟᱨ ᱴᱩᱭᱵ ᱵᱷᱚᱞᱮ ᱨᱮ ᱥᱩᱛᱚ ᱫᱟᱜ ᱵᱟᱝ ᱢᱮᱱᱟᱜᱼᱟ ᱾
359,"उनमें जो पानी है, उसमें बहुत ज्यादा आयरन है।",ᱚᱸᱰᱮᱱᱟᱜ ᱫᱟᱜ ᱨᱮ ᱟᱭᱢᱟ ᱟᱭᱨᱚᱱ ᱢᱮᱱᱟᱜᱼᱟ ᱾,"ᱩᱱᱠᱩ ᱴᱷᱮᱱ ᱡᱟᱦᱟᱸ ᱫᱟᱜ ᱢᱮᱱᱟᱜᱼᱟ, ᱚᱱᱟ ᱨᱮ ᱟᱭᱨᱚᱱ ᱟᱹᱰᱤ ᱰᱷᱮᱨ ᱢᱮᱱᱟᱜᱼᱟ ᱾"
360,लेकिन हमारे पास तालाब और ट्यूब वेल का पानी इस्तेमाल करने के अलावा और कोई चारा भी नहीं है।,ᱢᱮᱱᱠᱷᱟᱱ ᱱᱤᱛ ᱯᱩᱠᱷᱨᱤ ᱟᱨ ᱴᱤᱯᱠᱚᱞ ᱵᱮᱣᱦᱟᱨ ᱪᱷᱟᱰᱟ ᱟᱞᱮᱭᱟᱜ ᱟᱨ ᱡᱟᱦᱟᱱ ᱩᱯᱟᱹᱭ ᱵᱟᱹᱱᱩᱜᱼᱟ ᱾,ᱢᱮᱱᱠᱷᱟᱱ ᱤᱧᱟᱹᱜ ᱴᱷᱮᱱ ᱯᱩᱞ ᱟᱨ ᱴᱩᱭᱵ ᱳᱭᱮᱞ ᱨᱮᱭᱟᱜ ᱫᱟᱜ ᱵᱮᱣᱦᱟᱨ ᱵᱮᱜᱚᱨ ᱮᱴᱟᱜ ᱮᱴᱟᱜ ᱩᱯᱟᱹᱭ ᱵᱟᱝ ᱢᱮᱱᱟᱜᱼᱟ ᱾
361,इसके कारण काफी गंभीर स्वास्थ्य समस्याएं हो सकती हैं।,ᱱᱚᱶᱟᱫᱚ ᱟᱹᱰᱤ ᱵᱚᱛᱚᱨᱟᱱ ᱥᱟᱶᱟᱨ ᱥᱮᱱ ᱪᱟᱞᱟᱜ ᱠᱟᱱᱟ ᱾,ᱱᱚᱶᱟ ᱚᱡᱮᱛᱮ ᱟᱹᱰᱤ ᱜᱟᱹᱨᱫᱷᱟᱹᱱᱟᱜ ᱥᱟᱣᱟᱨ ᱨᱮᱭᱟᱜ ᱟᱱᱟᱴ ᱦᱩᱭ ᱫᱟᱲᱮᱭᱟᱜᱼᱟ ᱾
362,क्या सप्लाई वाला पानी को पीकर कोई बीमार पड़ा है?,ᱚᱱᱟ ᱫᱟᱜ ᱧᱩ ᱛᱮ ᱪᱮᱫ ᱡᱟᱦᱟᱸᱭ ᱠᱚ ᱨᱩᱣᱟᱹ ᱟᱠᱱᱟ ?,ᱥᱟᱨᱵᱷᱟᱨ ᱫᱟᱜ ᱯᱮᱥᱤ ᱠᱟᱛᱮ ᱡᱟᱦᱟᱸᱭ ᱫᱚ ᱜᱷᱟᱹᱞ ᱟᱠᱟᱱᱟ ᱥᱮ ᱵᱟᱝ?
363,"नहीं सर, अभी तक तो नहीं, क्योंकि हम ने उसे तुरंत इस्तेमाल करना बंद कर दिया था।","ᱵᱟᱝ, ᱥᱮᱨ, ᱱᱤᱛ ᱦᱟᱹᱵᱤᱡ ᱛᱮᱫᱚ ᱵᱟᱝᱜᱮ ; ᱪᱮᱫᱟᱜ ᱥᱮ ᱟᱞᱮ ᱩᱥᱟᱹᱨᱟ ᱜᱮ ᱚᱱᱟ ᱵᱮᱣᱦᱟᱨ ᱞᱮ ᱵᱚᱱᱫᱚ ᱠᱮᱫᱟ ᱾","ᱵᱟᱝ, ᱤᱧᱟᱹᱜ ᱟᱠᱷᱟᱲᱟ, ᱱᱤᱛᱦᱚᱸ ᱵᱟᱝ, ᱪᱮᱫᱟᱜ ᱥᱮ ᱤᱧᱟᱹᱜ ᱩᱱᱚᱠᱛᱮ ᱩᱱᱤ ᱵᱮᱶᱦᱟᱨ ᱵᱚᱱᱚᱫᱚᱞ ᱦᱩᱭ ᱞᱮᱱᱟ ᱾"
364,"जब हमने गांव के कई लोगों में चमड़ी की अलर्जी देखी, तो हम लोगों ने उसे इस्तेमाल करना बंद कर दिया।","ᱟᱞᱮ ᱟᱭᱢᱟ ᱟᱛᱩ ᱦᱚᱲ ᱠᱚᱣᱟᱜ ᱦᱟᱨᱛᱟ ᱮᱞᱟᱨᱡᱤ ᱧᱮᱞ ᱛᱟᱭᱚᱢ, ᱟᱞᱮᱫᱚ ᱱᱚᱶᱟ ᱵᱮᱣᱦᱟᱨ ᱞᱮ ᱦᱟᱹᱯᱤᱛ ᱟᱠᱟᱫᱟ ᱾","ᱟᱛᱳ ᱨᱮᱱ ᱟᱭᱢᱟ ᱦᱚᱲ ᱠᱚ ᱪᱚᱞᱟᱹ ᱨᱮᱭᱟᱜ ᱮᱞᱟᱨᱡᱤ ᱧᱮᱞ ᱧᱟᱢ ᱛᱟᱭᱚᱢ, ᱟᱢ ᱦᱚᱲ ᱠᱚ ᱱᱚᱶᱟ ᱵᱮᱣᱦᱟᱨ ᱵᱚᱱᱚᱫᱚᱞ ᱠᱮᱫᱟ ᱾"
365,"नहीं तो, उससे आसानी से पेट में दर्द और दस्त जैसी बीमारियों हो सकती थीं।","ᱟᱨ ᱵᱟᱝᱠᱷᱟᱱ, ᱱᱚᱶᱟᱫᱚ ᱟᱞᱜᱟ ᱛᱮᱜᱮ ᱟᱞᱮᱭᱟᱜ ᱞᱟᱡ ᱦᱟᱥᱳ ᱟᱨ ᱰᱟᱭᱨᱤᱭᱟ ᱞᱮᱠᱟᱱ ᱨᱩᱣᱟᱹ ᱨᱮᱭᱟᱜ ᱚᱡᱮ ᱦᱩᱭ ᱠᱚᱜᱼᱟ ᱾","ᱮᱴᱟᱜ ᱞᱮᱠᱟᱛᱮ, ᱱᱚᱶᱟ ᱫᱚ ᱟᱹᱰᱤ ᱟᱞᱜᱟᱛᱮ ᱯᱮᱥᱤ ᱨᱮᱭᱟᱜ ᱜᱷᱟᱹᱞ ᱟᱨ ᱰᱚᱭᱟᱨ ᱞᱮᱠᱟᱱ ᱨᱳᱜᱽ ᱨᱮᱭᱟᱜ ᱚᱡᱮ ᱦᱩᱭ ᱫᱟᱲᱮᱭᱟᱜᱼᱟ ᱾"
366,मैं आपकी शिकायत तुरंत ही सुपरवाइज़र को भेज देता हूँ।,ᱤᱧ ᱟᱹᱰᱤ ᱩᱥᱟᱹᱨᱟ ᱟᱢᱟᱜ ᱞᱟᱹᱞᱤᱥ ᱥᱩᱯᱟᱨᱵᱷᱟᱭᱡᱟᱨ ᱴᱷᱮᱱᱤᱧ ᱠᱩᱞᱼᱟ ᱾,ᱤᱧ ᱩᱱᱚᱠᱛᱮ ᱟᱢᱟᱜ ᱞᱟᱹᱞᱤᱥ ᱫᱚ ᱧᱮᱞᱟᱱ ᱴᱷᱮᱱ ᱮᱢᱢᱮ ᱾
367,इसके बाद वे स्थिति का निरीक्षण करने के लिए किसी को भेज देंगे।,ᱱᱤᱭᱟᱹ ᱛᱟᱭᱚᱢ ᱩᱱᱤ ᱦᱟᱞᱚᱛ ᱧᱮᱞ ᱞᱟᱹᱜᱤᱫ ᱡᱟᱦᱟᱸᱭᱮ ᱠᱩᱞ ᱠᱚᱣᱟ ᱾,ᱚᱱᱟ ᱛᱟᱭᱚᱢ ᱩᱱᱠᱩ ᱫᱚ ᱦᱚᱭᱦᱩᱫᱤᱥ ᱧᱮᱞ ᱞᱟᱹᱜᱤᱫ ᱡᱟᱦᱟᱸᱭ ᱠᱚ ᱵᱷᱮᱡᱟᱼᱟ ᱾
368,अब आप घर जा सकते हैं।,ᱟᱢᱫᱚ ᱱᱤᱛ ᱚᱲᱟᱜ ᱪᱟᱞᱟᱜ ᱢᱮ ᱾,ᱱᱤᱛ ᱟᱢ ᱚᱲᱟᱜ ᱪᱟᱞᱟᱣ ᱫᱟᱲᱮᱭᱟᱜᱼᱟᱢ ᱾
369,बाकी मैं कर लूंगा।,ᱵᱟᱹᱠᱤᱭᱟᱜ ᱫᱚ ᱤᱧ ᱠᱚᱨᱟᱣᱼᱟ,ᱮᱴᱟᱜ ᱠᱚ ᱤᱧ ᱠᱚᱨᱟᱣᱼᱟ ᱾
370,"हे, तुम अपनी हमेशा की जगह पर दिखाई नहीं दिए","ᱮᱭ, ᱤᱧ ᱚᱸᱰᱮ ᱵᱟᱹᱧ ᱧᱮᱞ ᱧᱟᱢ ᱟᱠᱟᱫ ᱢᱮᱭᱟ ᱾","ᱮᱦ, ᱟᱢ ᱟᱢᱟᱜ ᱥᱟᱱᱟᱢ ᱚᱠᱛᱚ ᱨᱮᱭᱟᱜ ᱴᱷᱟᱶ ᱨᱮ ᱵᱟᱝ ᱧᱮᱞ ᱟᱠᱟᱱᱟ ᱾"
371,तुम आज कहाँ थे?,ᱚᱠᱟᱨᱮ ᱢᱤᱱᱟᱢᱟ ᱛᱮᱦᱮᱧ ?,ᱛᱮᱦᱮᱧ ᱟᱢ ᱪᱮᱫ ᱴᱷᱟᱶ ᱨᱮ ᱛᱟᱦᱮᱸ ᱠᱟᱱᱟ?
372,ऐसा लगता है कि तुम कहीं से वापस आ रहे हो,ᱢᱚᱱᱮ ᱦᱩᱭᱩᱜ ᱠᱟᱱᱟ ᱟᱢ ᱡᱟᱦᱟᱸ ᱠᱷᱚᱱᱮᱢ ᱨᱩᱣᱟᱹᱲ ᱦᱤᱡᱩᱜ ᱠᱟᱱᱟ ᱾,ᱢᱚᱱᱮ ᱦᱩᱭᱩᱜ ᱠᱟᱱᱟ ᱟᱢ ᱡᱟᱦᱟᱸ ᱠᱷᱚᱱ ᱦᱮᱡ ᱟᱠᱟᱱᱟ ᱾
373,कहाँ गए थे?,ᱚᱠᱟᱛᱮᱢ ᱥᱮᱱ ᱞᱮᱱᱟ ?,ᱟᱢ ᱪᱮᱫ ᱥᱮᱫ ᱮ ᱥᱮᱱ ᱟᱠᱟᱱᱟ?
374,"लंबी कहानी है, थोड़ा समय दो मुझे","ᱟᱹᱰᱤ ᱢᱟᱨᱟᱝ ᱠᱟᱹᱦᱤᱱᱤ ᱠᱟᱱᱟ, ᱱᱟᱥᱮ ᱱᱟᱜ ᱚᱠᱛᱚ ᱤᱢᱟᱹᱧ ᱢᱮ ᱾","ᱱᱚᱶᱟ ᱫᱚ ᱢᱤᱫᱴᱟᱝ ᱡᱮᱞᱮᱧ ᱠᱟᱹᱦᱱᱤ, ᱤᱧ ᱠᱤᱪᱷᱩ ᱚᱠᱛᱚ ᱮᱢ ᱢᱮ ᱾"
375,मुझे बस ये कपड़े बदल लेने दो,ᱤᱧᱫᱚ ᱱᱚᱶᱟᱨᱮ ᱵᱚᱫᱚᱞ ᱤᱧ ᱠᱷᱚᱡᱚᱜ ᱠᱟᱱᱟ ᱾,ᱤᱧ ᱱᱚᱶᱟ ᱥᱟᱸᱫᱮᱥ ᱠᱚ ᱵᱚᱱᱚᱫᱚᱞ ᱢᱮ ᱾
376,कपड़ों की बात करें तो तुम्हारे तो फटे-पुराने और गंदे दिख रहे हैं,"ᱞᱩᱜᱽᱲᱤᱜ ᱨᱮᱭᱟᱜ ᱠᱟᱛᱷᱟ ᱞᱟᱹᱭ ᱞᱮᱠᱷᱟᱱ ᱜᱮ, ᱟᱢᱟᱜ ᱪᱮᱦᱮᱨᱟ ᱨᱟᱹᱜᱤ ᱟᱨ ᱵᱟᱹᱲᱤᱡᱚᱜᱼᱟ ᱾","ᱦᱚᱨᱚᱜᱼᱵᱩᱴᱟᱹ ᱨᱮᱭᱟᱜ ᱠᱟᱛᱷᱟ ᱞᱟᱹᱭ ᱠᱟᱛᱮ, ᱟᱢᱚᱨ ᱫᱚ ᱢᱟᱨᱮᱱ ᱟᱨ ᱵᱮᱼᱲᱤᱪᱟᱹᱲ ᱞᱮᱠᱟ ᱧᱮᱞᱚᱜᱼᱟ ᱾"
377,और ठीक इसीलिए मैं इन्हें गाँव में आने से पहले बदल रहा हूँ,ᱱᱚᱶᱟ ᱠᱷᱟᱹᱛᱤᱨ ᱛᱮᱜᱮ ᱟᱛᱩ ᱦᱤᱡᱩᱜ ᱞᱟᱦᱟᱨᱮ ᱱᱚᱶᱟᱧ ᱵᱚᱫᱚᱞ ᱟᱠᱟᱫᱟ ᱾,ᱟᱨ ᱱᱚᱶᱟ ᱚᱡᱮᱛᱮ ᱤᱧ ᱟᱛᱳ ᱨᱮ ᱦᱮᱡ ᱢᱟᱲᱟᱝ ᱱᱚᱶᱟ ᱠᱚ ᱵᱚᱱᱚᱫᱚᱞ ᱮᱫᱟ ᱾
378,और मैं अब अपनी हमेशा की जगह पर नहीं आ सकता,ᱟᱨ ᱤᱧᱫᱚ ᱟᱵᱚᱣᱟᱜ ᱥᱟᱹᱵᱤᱠ ᱴᱷᱟᱶᱨᱮ ᱵᱟᱹᱧ ᱦᱮᱡ ᱫᱟᱲᱮᱭᱟᱜᱼᱟ ᱾,ᱟᱨ ᱤᱧ ᱱᱤᱛ ᱤᱧᱟᱹᱜ ᱥᱟᱱᱟᱢ ᱚᱠᱛᱚ ᱨᱮᱭᱟᱜ ᱴᱷᱟᱶ ᱨᱮ ᱵᱟᱝ ᱦᱮᱡ ᱫᱟᱲᱮᱭᱟᱜᱼᱟ ᱾
379,हर हफ़्ते सिगरेट नहीं ख़रीद सकता,ᱦᱟᱯᱛᱟ ᱯᱤᱪᱷᱤ ᱥᱤᱜᱟᱨᱮᱴ ᱦᱟᱛᱟᱣ ᱨᱮᱭᱟᱜ ᱫᱟᱲᱮ ᱵᱟᱹᱱᱩᱜ ᱛᱤᱧᱟᱹ ᱾,ᱡᱚᱛᱚ ᱦᱟᱯᱛᱟ ᱜᱮ ᱥᱤᱜᱟᱨᱮᱴ ᱠᱤᱨᱤᱧ ᱵᱟᱝ ᱫᱟᱲᱮᱭᱟᱜᱼᱟ ᱾
380,मैं सिगरेट पीना छोड़ने की कोशिश कर रहा हूँ,ᱤᱧ ᱯᱩᱸᱜᱤ ᱧᱩ ᱵᱟᱹᱜᱤᱭ ᱨᱮᱭᱟᱜ ᱤᱧ ᱨᱤᱠᱟᱹᱭᱮᱫᱟ ᱾,ᱤᱧ ᱥᱤᱜᱟᱨᱮᱴ ᱦᱟᱛᱟᱣ ᱵᱚᱱᱚᱫᱚᱞ ᱨᱮᱭᱟᱜ ᱮ ᱨᱤᱠᱟᱹ ᱟᱠᱟᱫᱟ ᱾
381,"वाह, इसकी तो उम्मीद नहीं थी","ᱳᱳ, ᱱᱤᱭᱟᱹᱫᱚ ᱟᱸᱥ ᱵᱟᱨᱦᱮ ᱛᱟᱦᱮᱸᱠᱟᱱᱟ ᱿","ᱳᱣᱟ, ᱱᱚᱶᱟ ᱫᱚ ᱵᱟᱝ ᱠᱚ ᱩᱭᱦᱟᱹᱨ ᱞᱮᱫᱟ ᱾"
382,और तुम्हारे पहले के सवाल का जवाब,ᱟᱨ ᱟᱢᱟᱜ ᱢᱟᱲᱟᱝ ᱨᱮᱭᱟᱜ ᱠᱩᱠᱞᱤ ᱛᱮᱞᱟ ᱮᱢ,ᱟᱨ ᱟᱢᱟᱜ ᱢᱟᱲᱟᱝ ᱨᱮᱭᱟᱜ ᱯᱚᱨᱤᱢᱟᱱ ᱨᱮᱭᱟᱜ ᱩᱛᱛᱚᱨ ᱾
383,मैं बस पास के गाँव से आ रहा हूँ,ᱥᱩᱨ ᱟᱛᱩ ᱠᱷᱚᱱ ᱱᱮᱜᱼᱮ ᱜᱮᱧ ᱨᱩᱣᱟᱹᱲ ᱦᱮᱡ ᱟᱠᱟᱱᱟ ᱾,ᱤᱧ ᱥᱳᱨᱥᱳᱯᱳᱨ ᱟᱛᱳ ᱠᱷᱚᱱ ᱦᱮᱡ ᱟᱠᱟᱱᱟ ᱾
384,"हाल ही में हुई बारिश ने चलती सड़क को बहा दिया, इसलिए मुझे लिफ़्ट ले लेकर आना पड़ा",ᱦᱟᱹᱞᱤᱜᱮ ᱫᱟᱜ ᱡᱟᱹᱯᱩᱫᱨᱮ ᱵᱮᱣᱦᱟᱨ ᱜᱟᱱᱚᱜ ᱞᱮᱠᱟᱱ ᱦᱚᱨ ᱟᱹᱛᱩ ᱵᱟᱱ ᱟᱠᱟᱱᱟ ᱚᱱᱟᱛᱮ ᱤᱧ ᱦᱟᱭᱠᱤᱝ ᱠᱚᱨᱟᱣ ᱦᱩᱭ ᱟᱠᱟᱱ ᱛᱤᱧᱟᱹ ᱾,"ᱱᱟᱦᱟᱜ ᱫᱟᱜᱡᱩᱠᱤ ᱪᱟᱞᱟᱣᱟᱱ ᱰᱟᱦᱟᱨ ᱫᱚ ᱰᱩᱵᱟᱹᱣ ᱞᱮᱫ ᱠᱚᱣᱟ, ᱚᱱᱟᱛᱮ ᱤᱧ ᱢᱤᱫᱴᱟᱝ ᱞᱤᱯᱷᱴ ᱤᱫᱤ ᱦᱩᱭᱩᱜ ᱛᱟᱦᱮᱸᱫ ᱾"
385,वैसे तुम वहाँ जा क्यों रहे हो?,ᱮᱱᱦᱚᱸ ᱪᱮᱫᱟᱜ ᱚᱸᱰᱮᱱ ᱥᱮᱱᱚᱜ ᱠᱟᱱᱟ ?,ᱟᱢ ᱪᱮᱫ ᱞᱟᱹᱜᱤᱫ ᱚᱱᱟ ᱴᱷᱟᱶ ᱨᱮ ᱪᱟᱞᱟᱣᱚᱜ ᱠᱟᱱᱟ?
386,"अगर तुम्हें किसी चीज़ में मदद चाहिए थी, तो तुम मुझसे पूछ सकते थे",ᱟᱢ ᱥᱟᱱᱟᱢ ᱚᱠᱛᱚᱜᱮ ᱤᱧᱮᱢ ᱠᱩᱞᱤ ᱫᱟᱲᱮᱭᱟᱹᱧᱟᱹ ᱡᱩᱫᱤ ᱟᱢ ᱡᱟᱦᱟᱱᱟᱜ ᱜᱚᱲᱚᱢ ᱠᱷᱚᱡ ᱠᱷᱟᱱ ᱾,"ᱟᱢ ᱡᱩᱫᱤ ᱡᱟᱦᱟᱱ ᱠᱟᱹᱢᱤ ᱨᱮ ᱜᱚᱲᱚ ᱠᱷᱚᱡᱟ, ᱮᱱᱠᱷᱟᱱ ᱟᱢ ᱤᱧ ᱵᱟᱰᱟᱭ ᱫᱟᱲᱮᱭᱟᱜᱼᱟ ᱾"
387,मुझे नहीं लगता कि तुम मेरी वहाँ मदद कर पाते,ᱤᱧ ᱜᱚᱲᱚ ᱨᱮᱭᱟᱜ ᱫᱚ ᱱᱚᱸᱰᱮ ᱟᱞᱚᱢ ᱟᱸᱥ ᱵᱟᱲᱟᱜᱼᱟ ᱾,ᱤᱧ ᱵᱟᱝ ᱢᱚᱱᱮ ᱦᱩᱭᱩᱜ ᱠᱟᱱᱟ ᱟᱢ ᱤᱧ ᱜᱚᱲᱚ ᱮᱢ ᱫᱟᱲᱮᱹᱭᱟᱜᱼᱟ ᱾
388,मैं वहाँ हर दूसरी सुबह फ़ुटबॉल खेलने जाता हूँ,ᱤᱧ ᱫᱤᱱᱟᱹᱢᱜᱮ ᱥᱮᱛᱟᱜᱨᱮ ᱚᱸᱰᱮ ᱯᱷᱩᱴᱵᱚᱞ ᱠᱷᱮᱞᱚᱜ ᱤᱧ ᱪᱟᱞᱟᱜᱼᱟ ᱾,ᱤᱧ ᱡᱚᱛᱚ ᱫᱚᱥᱟᱨ صبح ᱜᱮ ᱯᱷᱩᱴᱵᱚᱞ ᱠᱷᱮᱞ ᱞᱟᱹᱜᱤᱫ ᱮ ᱥᱮᱱᱚᱜᱼᱟ ᱾
389,गाँव के दूसरे छोर पर गोल पोस्ट और नेट वाला एक मैदान है,ᱚᱱᱟ ᱟᱛᱩ ᱦᱟᱱᱟᱥᱟᱨᱮ ᱜᱳᱞ ᱯᱳᱥᱴ ᱟᱨ ᱡᱟᱞ ᱥᱟᱶᱛᱮ ᱢᱤᱫᱴᱟᱝ ᱢᱟᱴ ᱢᱮᱱᱟᱜᱼᱟ ᱾,ᱟᱛᱳ ᱨᱮᱭᱟᱜ ᱮᱴᱟᱜ ᱥᱮᱫ ᱜᱳᱞ ᱯᱮᱥᱴ ᱟᱨ ᱱᱮᱴ ᱥᱟᱶᱛᱮ ᱢᱤᱫᱴᱟᱝ ᱚᱛ ᱢᱮᱱᱟᱜᱼᱟ ᱾
390,"चूँकि यह सार्वजनिक संपत्ति है, इसलिए कोई भी आकर खेल सकता है",ᱡᱟᱭᱜᱟ ᱫᱚ ᱥᱚᱨᱠᱟᱨᱟᱜ ᱠᱟᱱᱛᱮ ᱡᱟᱦᱟᱸᱭᱜᱮ ᱦᱮᱡ ᱠᱟᱛᱮᱜᱼᱮ ᱠᱷᱮᱞ ᱫᱟᱲᱮᱭᱟᱜᱼᱟ ᱾,"ᱪᱮᱫᱟᱜ ᱥᱮ ᱱᱚᱶᱟ ᱫᱚ ᱢᱤᱫᱴᱟᱝ ᱦᱚᱲ ᱠᱚᱣᱟᱜ ᱥᱟᱧᱪᱟᱣ, ᱚᱱᱟᱛᱮ ᱡᱟᱦᱟᱸᱭ ᱜᱮ ᱦᱮᱡ ᱫᱟᱲᱮᱭᱟᱜᱼᱟ ᱟᱨ ᱠᱷᱮᱞ ᱫᱟᱲᱮᱭᱟᱜᱼᱟ ᱾"
391,"तो तुम खेलने के लिए जगह और समय पाने के लिए जल्दी जाते हो, है ना?","ᱚᱱᱟᱛᱮ ᱟᱢᱫᱚ ᱠᱷᱮᱞ ᱞᱟᱹᱜᱤᱫ ᱡᱟᱭᱜᱟ ᱟᱨ ᱚᱠᱛᱚ ᱧᱟᱢ ᱞᱟᱹᱜᱤᱫ ᱞᱚᱜᱚᱱᱮᱢ ᱪᱟᱞᱟᱜᱼᱟ, ᱥᱮ ᱵᱟᱝ ?","ᱚᱱᱟᱛᱮ ᱟᱢ ᱠᱷᱮᱞᱳᱰ ᱞᱟᱹᱜᱤᱫ ᱴᱷᱟᱶ ᱟᱨ ᱚᱠᱛᱚ ᱧᱟᱢ ᱞᱟᱹᱜᱤᱫ ᱞᱚᱜᱚᱱ ᱪᱟᱞᱟᱣ ᱢᱮ, ᱵᱟᱝ?"
392,"बिल्कुल, मुझे वहाँ कम से कम 7:30 तक पहुँच जाना होता है","ᱴᱷᱤᱠ, ᱤᱧ ᱗ᱺ᱓᱐ ᱴᱟᱲᱟᱝ ᱢᱩᱫᱽᱨᱮ ᱚᱸᱰᱮ ᱥᱮᱴᱮᱨᱚᱜ ᱦᱩᱭᱩᱜ ᱛᱤᱧᱟᱹ ᱾","ᱜᱚᱴᱟ ᱜᱮ, ᱤᱧ ᱠᱚᱢ ᱠᱷᱚᱱ ᱠᱚᱢ ±1:30 ᱴᱟᱲᱟᱝ ᱦᱟᱹᱵᱤᱡ ᱥᱮᱴᱮᱨ ᱦᱩᱭᱩᱜ ᱛᱟᱢᱟ ᱾"
393,इसका मतलब है कि मुझे 5 बजे घर से निकलना पड़ता है,ᱚᱱᱟᱛᱮ ᱤᱧ ᱕ ᱴᱟᱲᱟᱝ ᱢᱩᱫᱽᱨᱮᱜᱮ ᱤᱧ ᱚᱲᱟᱜ ᱠᱷᱚᱱ ᱳᱰᱳᱠ ᱦᱩᱭᱩᱜ ᱛᱤᱧᱟᱹ ᱾,ᱱᱚᱶᱟ ᱨᱮᱭᱟᱜ ᱢᱮᱱᱮᱫ ᱫᱚ ᱦᱩᱭᱩᱜ ᱠᱟᱱᱟ ᱤᱧ 5 ᱴᱟᱲᱟᱝ ᱚᱲᱟᱜ ᱠᱷᱚᱱ ᱪᱟᱞᱟᱣ ᱦᱩᱭᱩᱜ ᱛᱟᱢᱟ ᱾
394,"इस सब में बहुत भागा-दौड़ी हो जाती है, पर क्या किया जा सकता है, हाँ?","ᱟᱹᱰᱤ ᱡᱚᱦᱚᱲ ᱜᱮᱭᱟ ᱱᱚᱶᱟᱫᱚ ᱢᱮᱱᱠᱷᱟᱱ ᱟᱞᱮ ᱪᱮᱫᱞᱮ ᱪᱤᱠᱟᱹᱫᱟᱲᱮᱭᱟᱜᱼᱟ, ᱥᱮ ᱵᱟᱝ ?","ᱱᱚᱶᱟ ᱥᱟᱱᱟᱢᱟᱜ ᱟᱹᱰᱤ ᱜᱟᱱ ᱞᱟᱹᱞᱤᱥ ᱢᱮᱱᱟᱜᱼᱟ, ᱢᱮᱱᱠᱷᱟᱱ ᱪᱮᱫ ᱠᱚᱨᱟᱣ ᱦᱳᱭᱳᱜᱼᱟ, ᱦᱩᱭᱩᱜ ᱠᱟᱱᱟ?"
395,इस गाँव में एक भी ऐसी खुली जगह नहीं है जिसका इस्तेमाल न किया गया हो,ᱱᱤᱭᱟᱹ ᱟᱛᱩᱨᱮ ᱞᱟᱹᱭ ᱛᱮᱱᱟᱜ ᱞᱮᱠᱟᱜ ᱢᱤᱫᱴᱟᱝ ᱦᱚᱸ ᱵᱟᱝ ᱵᱮᱣᱦᱟᱨ ᱟᱠᱟᱱ ᱠᱷᱟᱹᱞᱤ ᱡᱟᱭᱜᱟ ᱵᱟᱹᱱᱩᱜᱼᱟ ᱾,ᱱᱚᱶᱟ ᱟᱛᱳ ᱨᱮ ᱢᱤᱫᱴᱟᱝ ᱦᱚᱸ ᱵᱮᱶᱦᱟᱨ ᱵᱟᱝ ᱦᱩᱭ ᱟᱠᱟᱱᱟ ᱾
396,"हाँ, मैं मानता हूँ इस बात को",ᱟᱪᱷᱟ ᱤᱧ ᱢᱚᱱᱮ ᱠᱮᱫᱟ ᱱᱤᱭᱟᱹᱫᱚ ᱥᱟᱹᱨᱤ ᱜᱮᱭᱟ ᱾,"ᱦᱩᱭᱩᱜ ᱠᱟᱱᱟ, ᱤᱧ ᱢᱚᱱᱮ ᱦᱩᱭᱩᱜ ᱠᱟᱱᱟ ᱡᱮ ᱱᱚᱶᱟ ᱫᱚ ᱦᱩᱭᱩᱜ ᱠᱟᱱᱟ ᱾"
397,क्या तुमने बड़े-बुजुर्गों से पूछा कि क्या वे कोई जगह खाली करा सकते हैं?,ᱟᱢ ᱪᱮᱫ ᱥᱮᱱᱲᱟ ᱦᱚᱲᱠᱚ ᱠᱩᱞᱤ ᱨᱮᱭᱟᱜ ᱮᱢ ᱨᱤᱠᱟᱹ ᱟᱠᱟᱫᱟ ᱡᱮ ᱩᱱᱠᱩ ᱡᱟᱭᱜᱟ ᱠᱚ ᱥᱟᱯᱷᱟ ᱫᱟᱲᱮᱭᱟᱜᱼᱟ ᱥᱮ ᱵᱟᱝ ?,"ᱟᱢ ᱠᱤ ᱢᱟᱨᱟᱝ ᱦᱚᱲ ᱠᱚ ᱵᱟᱰᱟᱭ ᱮᱢ ᱟᱠᱟᱫᱟ ᱡᱮ, ᱩᱱᱠᱩ ᱡᱟᱦᱟᱱ ᱴᱷᱟᱶ ᱠᱚ ᱪᱷᱟᱹᱲ ᱮᱢ ᱫᱟᱲᱮᱭᱟᱜᱼᱟ ᱥᱮ ᱵᱟᱝ?"
398,"नहीं, उन्हें क्या मतलब है?","ᱵᱟᱝ, ᱪᱮᱰᱟᱜ ᱠᱚ ᱟᱹᱲᱤᱥᱚᱜᱼᱟ ?","ᱵᱟᱝ, ᱩᱱᱠᱩᱭᱟᱜ ᱪᱮᱫ ᱠᱟᱛᱷᱟ ᱢᱮᱱᱟᱜᱼᱟ?"
399,वो तो अपनी राजनीतिक और धार्मिक विचारधाराओं में ही उलझे रहते हैं,ᱩᱱᱠᱩᱫᱚ ᱟᱠᱚᱣᱟᱜ ᱨᱟᱡᱟᱹᱨᱤ ᱟᱨ ᱫᱷᱚᱨᱚᱢᱟᱱ ᱫᱤᱥᱦᱩᱫᱤᱥᱨᱮ ᱠᱚ ᱛᱚᱞ ᱜᱮᱭᱟ ᱾,ᱩᱱᱠᱩ ᱫᱚ ᱩᱱᱠᱩᱭᱟᱜ ᱨᱟᱡᱟᱹᱨᱤ ᱟᱨ ᱫᱷᱚᱨᱚᱢᱟᱱ ᱩᱭᱦᱟᱹᱨᱼᱵᱩᱫᱤᱥ ᱥᱟᱞᱟᱜ ᱜᱮ ᱥᱮᱞᱮᱫ ᱟᱠᱟᱱᱟ ᱾
400,यहाँ तक कि मेरा परिवार भी चाहता है कि मैं स्कूल जाना छोड़कर पैसे कमाने के लिए काम करने लगूँ,ᱮᱢᱚᱱ ᱪᱮᱫ ᱤᱧᱨᱮᱱ ᱚᱲᱟᱜ ᱦᱚᱲ ᱦᱚᱸᱠᱚ ᱠᱷᱚᱡᱚᱜ ᱠᱟᱱᱟ ᱤᱧ ᱤᱛᱩᱱ ᱟᱥᱲᱟ ᱪᱟᱞᱟᱜ ᱵᱟᱹᱜᱤ ᱠᱟᱛᱮᱜ ᱯᱩᱭᱥᱟᱹ ᱨᱳᱡᱜᱟᱨ ᱞᱟᱹᱜᱤᱫ ᱠᱟᱹᱢᱤᱧ ᱮᱦᱚᱵ ᱢᱟ ᱾,ᱮᱢᱚᱱ ᱪᱮᱫ ᱤᱧᱨᱮᱱ ᱜᱷᱟᱨᱚᱸᱡᱽ ᱨᱮᱱ ᱦᱚᱲᱠᱚ ᱦᱚᱸ ᱤᱧ ᱵᱤᱨᱫᱟᱹᱜᱟᱲ ᱪᱟᱞᱟᱣ ᱠᱟᱛᱮ ᱠᱟᱹᱣᱰᱤ ᱧᱟᱢ ᱞᱟᱹᱜᱤᱫ ᱠᱟᱹᱢᱤ ᱮᱦᱚᱵ ᱞᱟᱹᱜᱤᱫ ᱠᱚ ᱠᱷᱚᱡᱟ ᱾
401,तुम्हें लगता है कि वे मुझे फ़ुटबॉल में आगे बढ़ने के लिए प्रोत्साहित करेंगे?,ᱟᱢ ᱪᱮᱫ ᱮᱢ ᱢᱚᱱᱮᱭᱟ ᱩᱱᱠᱩ ᱯᱷᱩᱴᱵᱚᱞ ᱠᱦᱮᱞ ᱞᱟᱹᱜᱤᱫ ᱤᱧ ᱠᱚ ᱩᱫᱜᱟᱹᱣ ᱤᱧᱟᱹ ?,ᱟᱢ ᱢᱚᱱᱮ ᱦᱩᱭᱩᱜ ᱠᱟᱱᱟ ᱩᱱᱠᱩ ᱤᱧ ᱯᱷᱩᱴᱵᱚᱞ ᱨᱮ ᱪᱟᱞᱟᱣ ᱞᱟᱹᱜᱤᱫ ᱮ ᱮᱥᱮᱨᱼᱟ?
402,"मैं समझता हूँ, यह बहुत दुख की बात है","ᱤᱧ ᱵᱩᱡᱷᱟᱹᱣ ᱮᱫᱟ, ᱱᱚᱶᱟᱫᱚ ᱟᱹᱰᱤ ᱫᱩᱠᱷ ᱨᱮᱭᱟᱜ ᱠᱟᱱᱟ ᱾","ᱤᱧ ᱵᱟᱰᱟᱭ ᱟᱠᱟᱱᱟ, ᱱᱚᱶᱟ ᱫᱚ ᱟᱹᱰᱤ ᱫᱚᱠᱟᱹᱨᱤᱱᱟᱜ ᱠᱟᱱᱟ ᱾"
403,सच कहो तो हमारे पास तो यहाँ कुछ भी ठीक से खेलने के लिए साधन तक नहीं हैं,ᱟᱥᱚᱞᱨᱮ ᱱᱚᱸᱰᱮ ᱴᱷᱤᱠ ᱥᱟᱹᱸᱦᱤᱡ ᱡᱟᱦᱟᱱᱟᱜ ᱠᱷᱮᱞ ᱞᱟᱹᱜᱤᱫ ᱟᱞᱮᱴᱷᱮᱱ ᱚᱱᱠᱟᱱ ᱫᱩᱨᱤᱵ ᱵᱟᱹᱱᱩᱜᱼᱟ ᱾,"ᱥᱟᱡᱚᱥ ᱞᱮᱠᱟᱛᱮ ᱞᱟᱹᱭ ᱢᱮ, ᱱᱚᱶᱟ ᱨᱮ ᱪᱮᱫᱦᱚᱸ ᱱᱟᱯᱟᱭ ᱠᱷᱮᱞᱳᱰ ᱨᱮᱭᱟᱜ ᱩᱯᱟᱹᱭ ᱦᱚᱸ ᱵᱟᱝ ᱢᱮᱱᱟᱜᱼᱟ ᱾"
404,मैं कुछ जूते ख़रीदने के लिए अपना जेब खर्च बचा रहा हूँ,ᱵᱩᱴ ᱠᱤᱨᱤᱧ ᱞᱟᱹᱜᱤᱫ ᱤᱧ ᱤᱧᱟᱹᱜ ᱯᱩᱭᱥᱟᱧ ᱥᱟᱧᱪᱟᱣ ᱮᱫᱟ ᱾,ᱤᱧ ᱠᱤᱪᱷᱩᱜᱟᱱ ᱡᱩᱴᱤ ᱠᱤᱨᱤᱧ ᱞᱟᱹᱜᱤᱫ ᱤᱧᱟᱹᱜ ᱡᱮᱹᱵᱩᱴ ᱠᱷᱚᱨᱪᱟ ᱥᱟᱧᱪᱟᱣ ᱮᱫᱟ ᱾
405,फिर मैं योग्यता की परीक्षा में जाने की तैयारी करूँगा,ᱛᱟᱦᱚᱞᱮ ᱤᱧᱦᱚᱸ ᱱᱚᱜᱟ ᱞᱟᱹᱜᱤᱫ ᱤᱧ ᱨᱤᱠᱟᱭᱟ ᱾,ᱚᱱᱟ ᱛᱟᱭᱚᱢ ᱤᱧ ᱯᱚᱨᱤᱢᱟᱱ ᱵᱤᱰᱟᱹᱣ ᱨᱮ ᱥᱮᱞᱮᱫᱚᱜ ᱞᱟᱹᱜᱤᱫ ᱮ ᱥᱟᱯᱲᱟᱣᱚᱜᱼᱟ ᱾
406,देखते हैं क्या होता है,ᱧᱮᱞ ᱞᱮᱱᱜᱮ ᱪᱮᱫ ᱦᱩᱭᱩᱜᱼᱟ ᱾,ᱧᱮᱞ ᱢᱮ ᱪᱮᱫ ᱦᱩᱭᱩᱜ ᱠᱟᱱᱟ ᱾
407,क्या तुमने इस साल का रेसलमेनिया देखा?,ᱱᱤᱭᱟᱹ ᱥᱮᱨᱢᱟ ᱨᱮᱭᱟᱜ ᱨᱮᱥᱚᱞᱢᱮᱱᱤᱭᱟ ᱟᱢᱮᱢ ᱧᱮᱞ ᱟᱠᱟᱫᱟ ?,ᱟᱢ ᱠᱤ ᱱᱚᱶᱟ ᱥᱮᱨᱢᱟ ᱨᱮᱥᱮᱞᱢᱮᱱᱤᱭᱟ ᱧᱮᱞ ᱟᱠᱟᱫᱟ?
408,यह थोड़ा अलग लगा लेकिन रोड्स की वापसी से यह वाकई मज़ेदार था।,"ᱱᱚᱶᱟᱫᱚ ᱚᱠᱟ ᱞᱮᱠᱟ ᱪᱚ ᱟᱹᱭᱠᱟᱹᱣ ᱞᱮᱱᱟ, ᱢᱮᱱᱠᱷᱟᱱ ᱨᱳᱰᱥᱼᱟᱜ ᱨᱩᱣᱟᱹᱲ ᱦᱤᱡᱩᱜ ᱥᱟᱶᱛᱮ ᱱᱚᱶᱟᱫᱚ ᱮᱠᱟᱞᱜᱮ ᱨᱚᱢᱚᱡᱟᱱ ᱛᱟᱦᱮᱸᱠᱟᱱᱟ ᱾","ᱱᱚᱶᱟ ᱫᱚ ᱠᱤᱪᱷᱩᱠ ᱵᱷᱮᱜᱟᱨ ᱢᱮᱱᱛᱮ ᱢᱚᱱᱮ ᱦᱩᱭᱩᱜ ᱠᱟᱱ ᱛᱟᱸᱦᱮ, ᱢᱮᱱᱠᱷᱟᱱ ᱨᱳᱨᱰᱥ ᱟᱜ ᱨᱩᱣᱟᱹᱲ ᱠᱷᱟᱹᱛᱤᱨ ᱛᱮ ᱱᱚᱶᱟ ᱫᱚ ᱟᱹᱰᱤ ᱱᱟᱯᱟᱭ ᱛᱟᱦᱮᱸ ᱠᱟᱱᱟ ᱾"
409,मैं वैसे ज़्यादा कुश्ती नहीं देखती हूँ लेकिन मैं इस साल रेसलमेनिया का इंतज़ार कर रही थी।,ᱤᱧᱫᱚ ᱥᱟᱫᱷᱟᱨᱚᱱᱚᱛᱚ ᱟᱹᱰᱤ ᱵᱟᱹᱲᱛᱤ ᱨᱮᱥᱞᱤᱝ ᱵᱟᱹᱧ ᱧᱮᱞᱟ ᱢᱮᱱᱠᱷᱟᱱ ᱱᱤᱭᱟᱹ ᱟᱮᱨᱢᱟ ᱨᱮᱥᱚᱞᱢᱮᱱᱤᱭᱟ ᱞᱟᱹᱜᱤᱫ ᱛᱟ>ᱜᱤᱧ ᱛᱟᱦᱮᱸᱠᱟᱱᱟ ᱾,"ᱤᱧ ᱚᱱᱟ ᱞᱮᱠᱟᱛᱮ ᱟᱹᱰᱤ ᱜᱟᱱ ᱠᱩᱥᱛᱤ ᱵᱟᱝ ᱧᱮᱞᱚᱜᱼᱟ, ᱢᱮᱱᱠᱷᱟᱱ ᱤᱧ ᱱᱚᱶᱟ ᱥᱮᱨᱢᱟ ᱨᱮᱥᱮᱞᱢᱮᱱᱤᱭᱟ ᱞᱟᱹᱜᱤᱫ ᱮ ᱵᱤᱰᱟᱹᱣ ᱞᱮᱫᱟ ᱾"
410,हालाँकि मैं उसे नहीं देख पाई और बाद में बस हाइलाइट्स देखी।,ᱮᱱᱠᱷᱟᱱ ᱤᱧᱫᱚ ᱚᱱᱟ ᱵᱟᱹᱧ ᱧᱮᱞ ᱫᱟᱲᱮ ᱟᱠᱟᱫᱟ ᱟᱨ ᱦᱟᱭᱞᱟᱭᱤᱴᱠᱚ ᱛᱟᱭᱚᱢᱛᱮᱧ ᱧᱮᱞ ᱟᱠᱟᱫᱟ ᱾,ᱮᱱᱦᱚᱸ ᱤᱧ ᱩᱱᱤ ᱫᱚ ᱵᱟᱝ ᱧᱮᱞᱧᱟᱢ ᱞᱮᱱᱟ ᱟᱨ ᱛᱟᱭᱚᱢᱛᱮ ᱥᱩᱢᱩᱝ ᱥᱚᱨᱮᱥᱟᱱ ᱠᱚ ᱧᱮᱞ ᱞᱮᱫᱟᱠᱚ ᱾
411,मुझे पता नहीं था कि वह कहाँ आने वाला था।,ᱚᱠᱟᱨᱮ ᱧᱟᱢᱚᱜᱼᱟ ᱚᱱᱟ ᱵᱟᱹᱧ ᱵᱟᱰᱟᱭ ᱠᱟᱱ ᱛᱟᱦᱮᱸ ᱾,ᱤᱧ ᱵᱟᱝ ᱵᱟᱰᱟᱭ ᱛᱟᱸᱦᱮ ᱠᱟᱱᱟ ᱩᱱᱤ ᱫᱚ ᱪᱮᱫ ᱴᱷᱟᱶ ᱨᱮᱭ ᱦᱮᱡ ᱞᱮᱱᱟ ᱾
412,मुझे लगा कि यूट्यूब पर सीधा प्रसारण है।,ᱤᱧ ᱢᱚᱱᱮᱞᱮᱫᱟ ᱤᱭᱩᱴᱤᱭᱩᱵᱨᱮ ᱢᱤᱫ ᱞᱟᱭᱤᱵᱷ ᱥᱴᱨᱤᱢ ᱢᱮᱱᱟᱜᱼᱟ ᱾,ᱤᱧ ᱢᱚᱱᱮ ᱦᱩᱭᱩᱜ ᱠᱟᱱᱟ ᱤᱭᱩᱴᱤᱭᱩᱵ ᱨᱮ ᱢᱤᱫᱴᱟᱝ ᱥᱤᱜᱤᱞ ᱯᱟᱥᱱᱟᱣ ᱢᱮᱱᱟᱜᱼᱟ ᱾
413,लेकिन मैंने सोनी टेन 1 पर उसे देखा।,ᱢᱮᱱᱠᱷᱟᱱ ᱤᱧᱫᱚ ᱥᱳᱱᱤ ᱴᱨᱱ ᱨᱮᱧ ᱧᱮᱞ ᱟᱠᱟᱫᱟ ᱾,ᱢᱮᱱᱠᱷᱟᱱ ᱤᱧ ᱩᱱᱤ ᱥᱳᱱᱤ ᱴᱮᱱ 1 ᱨᱮ ᱧᱮᱞ ᱟᱠᱟᱫᱟ ᱾
414,उसका डब्ल्यू.डब्ल्यू.ई. नेटवर्क पर भी सीधा प्रसारण किया गया था।,ᱱᱚᱶᱟᱫᱚ ᱰᱚᱵᱞᱩ ᱰᱚᱵᱞᱩ ᱤ ᱱᱮᱴᱳᱣᱨᱟᱠ ᱨᱮ ᱞᱟᱭᱤᱵᱷ ᱥᱴᱨᱤᱢ ᱠᱚᱨᱟᱣ ᱦᱩᱭ ᱞᱮᱱᱟ ᱾,ᱱᱚᱶᱟ ᱫᱚ <ᱟᱭ ᱰᱤ 1>. ᱱᱮᱴᱳᱣᱟᱨᱠ ᱨᱮᱦᱚᱸ ᱥᱤᱜᱤᱞ ᱞᱮᱠᱟᱛᱮ ᱩᱫᱩᱜ ᱥᱚᱫᱚᱨ ᱞᱮᱱᱟ ᱾
415,"ओह, मुझे पता नहीं था कि वह सोनी चैनल पर भी आ रहा था।","ᱳᱦ, ᱤᱧ ᱵᱟᱹᱧ ᱵᱟᱲᱟᱭ ᱠᱟᱱ ᱛᱟᱦᱮᱸ ᱡᱮ ᱱᱚᱶᱟᱫᱚ ᱥᱳᱱᱤ ᱪᱮᱱᱮᱞᱨᱮ ᱧᱟᱢᱚᱜᱼᱟ ᱾","ᱳᱦ, ᱤᱧ ᱵᱟᱝ ᱵᱟᱰᱟᱭ ᱛᱟᱸᱦᱮ ᱠᱟᱱᱟ ᱡᱮ ᱩᱱᱤ ᱫᱚ ᱥᱳᱱᱤ ᱪᱮᱱᱮᱞ ᱨᱮᱦᱚᱸ ᱦᱮᱡ ᱟᱠᱟᱱᱟ ᱾"
416,दर असल वह 2 दिन की हाइलाइट थीं और उसे ही पूरे दिन चलाया गया।,ᱱᱚᱶᱟᱫᱚ ᱟᱥᱚᱞᱨᱮ ᱒ ᱫᱤᱱ ᱞᱟᱹᱜᱤᱫ ᱦᱟᱭᱞᱟᱭᱤᱴ ᱛᱟᱦᱮᱸᱠᱟᱱᱟ ᱟᱨ ᱜᱚᱴᱟ ᱫᱤᱱ ᱠᱦᱮᱞ ᱦᱩᱭᱞᱮᱱᱟ ᱾,ᱦᱟᱨ ᱫᱚ ᱛᱟᱦᱮᱸ ᱠᱟᱱᱟ 2 ᱢᱟᱦᱟ ᱨᱮᱭᱟᱜ ᱥᱚᱨᱮᱥᱟᱱ ᱟᱨ ᱚᱱᱟ ᱜᱮ ᱥᱟᱱᱟᱢ ᱫᱤᱱ ᱪᱟᱞᱟᱣ ᱞᱮᱱᱟ ᱾
417,तुम सोनी टेन 3 पर उसे हिंदी में भी देख सकती हो।,ᱥᱳᱱᱤ ᱴᱮᱱ ᱓ ᱨᱮ ᱟᱢ ᱦᱤᱱᱫᱤᱛᱮᱢ ᱧᱮᱞ ᱫᱟᱲᱮᱭᱟᱜᱼᱟ ᱾,ᱟᱢ ᱱᱚᱶᱟ ᱫᱚ ᱥᱳᱱᱤ ᱴᱮᱱ 3 ᱨᱮ ᱦᱤᱱᱫᱤ ᱨᱮᱦᱚᱸ ᱧᱮᱞ ᱫᱟᱲᱮᱭᱟᱜᱼᱟᱢ ᱾
418,तब तो मैंने मिस कर दिया।,ᱩᱱᱡᱚᱠᱷᱮᱱ ᱤᱧᱫᱚᱧ ᱯᱟᱹᱥᱩᱲ ᱟᱠᱟᱫᱟ ᱾,ᱚᱱᱟ ᱛᱟᱭᱚᱢ ᱤᱧ ᱚᱱᱟ ᱫᱚ ᱵᱟᱝ ᱮᱢ ᱠᱮᱫᱟ ᱾
419,"अगली बार जब आएगा, तब मैं देखने की कोशिश करूँगी।",ᱛᱟᱭᱚᱢ ᱛᱮᱱᱟᱜ ᱦᱮᱡᱽ ᱞᱮᱱᱠᱷᱟᱱ ᱥᱟᱵᱽ ᱨᱮᱭᱟᱜ ᱤᱧ ᱨᱤᱠᱟᱹᱭᱟ ᱾,ᱛᱟᱭᱚᱢ ᱫᱟᱨᱟᱢ ᱚᱠᱛᱮ ᱤᱧ ᱧᱮᱞ ᱨᱮᱭᱟᱜ ᱮ ᱨᱤᱠᱟᱹ ᱞᱮᱫᱟᱠᱚ ᱾
420,मैंने हमेशा चाहती थी कि पूरे इवेंट को सीधे प्रसारण में देख सकूँ लेकिन यहाँ के अधिकतर चैनल उसे कवर नहीं करते हैं।,ᱤᱧᱫᱚ ᱡᱟᱣᱜᱮ ᱨᱤᱠᱟᱹᱧ ᱠᱷᱚᱡᱽ ᱞᱮᱫᱟ ᱟᱨ ᱯᱩᱨᱟᱹ ᱞᱟᱭᱤᱵᱷ ᱤᱵᱷᱮᱱᱴ ᱧᱮᱞᱤᱧ ᱠᱷᱚᱡᱽᱞᱮᱱᱟ ᱢᱮᱱᱠᱷᱟᱱ ᱱᱚᱸᱰᱮ ᱟᱭᱢᱟ ᱪᱮᱱᱮᱞ ᱱᱚᱶᱟ ᱵᱟᱭ ᱠᱚᱵᱷᱟᱨᱟ ᱾,"ᱤᱧ ᱥᱟᱱᱟᱢ ᱚᱠᱛᱚ ᱜᱮ ᱥᱟᱱᱟᱢ ᱟᱠᱷᱲᱟ ᱫᱚ ᱥᱤᱜᱤᱞ ᱞᱮᱠᱟᱛᱮ ᱧᱮᱞ ᱞᱟᱹᱜᱤᱫ ᱮ ᱠᱷᱚᱡ ᱞᱮᱫᱟ, ᱢᱮᱱᱠᱷᱟᱱ ᱱᱚᱶᱟ ᱨᱮᱭᱟᱜ ᱡᱟᱹᱥᱛᱤ ᱪᱮᱱᱮᱞ ᱜᱮ ᱱᱚᱶᱟ ᱫᱚ ᱵᱟᱝ ᱠᱚᱵᱷᱟᱨᱼᱟ ᱾"
421,"हाँ, लेकिन तुम्हें दूसरे इवेंट को सीधे प्रसारण में देखने के लिए अगले रेसलमेनिया का इंतज़ार करने की ज़रूरत नहीं है।","ᱦᱮᱸ, ᱢᱮᱱᱠᱷᱟᱱ ᱮᱴᱟᱜ ᱞᱟᱭᱤᱵᱷ ᱤᱵᱷᱮᱱᱴ ᱧᱮᱞ ᱞᱟᱹᱜᱤᱫ ᱟᱢᱫᱚ ᱫᱚᱥᱟᱨ ᱨᱮᱥᱚᱞᱢᱮᱱᱤᱭᱟ ᱞᱟᱹᱜᱤᱫ ᱛᱟᱸᱜᱤ ᱵᱟᱝ ᱦᱩᱭᱩᱜ ᱛᱟᱢᱟ ᱾","ᱦᱩᱭᱩᱜ ᱠᱟᱱᱟ, ᱢᱮᱱᱠᱷᱟᱱ ᱫᱚᱥᱟᱨ ᱟᱠᱷᱲᱟ ᱫᱚ ᱥᱤᱜᱤᱞ ᱞᱮᱠᱟᱛᱮ ᱧᱮᱞ ᱞᱟᱹᱜᱤᱫ ᱟᱢ ᱛᱟᱭᱚᱢ ᱫᱟᱨᱟᱢ ᱨᱮᱥᱮᱞᱢᱮᱱᱤᱭᱟ ᱞᱟᱹᱜᱤᱫ ᱚᱱᱩᱢᱟᱹᱱ ᱵᱟᱝ ᱦᱩᱭᱩᱜ ᱛᱟᱢᱟ ᱾"
422,रेसलमेनिया बैकलैश 2022 अमेरिका में 8 मई को शाम 8 बजे होगा।,ᱨᱮᱥᱚᱞᱢᱮᱱᱤᱭᱟ ᱵᱞᱮᱞᱠᱞᱟᱥ ᱒᱐᱒᱒ ᱢᱟᱨᱠᱤᱱ ᱡᱩᱠᱛᱚᱨᱟᱥᱴᱨᱚ ᱨᱮ ᱘ ᱢᱮ ᱘ ᱯᱤ ᱮᱢ ᱨᱮ ᱦᱩᱭᱩᱜᱼᱟ ᱾,ᱨᱮᱥᱞᱟᱢᱮᱞᱱᱤᱭᱟ ᱵᱮᱠᱞᱮᱥ 2022 ᱫᱚ 8 ᱢᱮ ᱪᱟᱸᱫᱳ ᱨᱮ 8 ᱴᱟᱲᱟᱝ ᱨᱮ ᱢᱟᱨᱠᱤᱱ ᱡᱩᱠᱛᱚᱨᱟᱥᱴᱚ ᱨᱮ ᱦᱳᱭᱳᱜᱼᱟ ᱾
423,तो इंडिया में 9 मई को होगा और इवेंट सुबह साढ़े पाँच बजे शुरू होगा।,ᱚᱱᱟᱛᱮ ᱵᱷᱟᱨᱚᱛ ᱨᱮᱫᱚ ᱙ ᱢᱮ ᱦᱩᱭᱩᱜᱼᱟ ᱟᱨ ᱟᱠᱷᱲᱟ ᱫᱚ ᱮᱦᱚᱵᱚᱜᱼᱟ ᱥᱮᱛᱟᱜ ᱕ᱺ᱓᱐ ᱴᱟᱲᱟᱝ ᱨᱮ ᱾,ᱚᱱᱟᱛᱮ ᱵᱷᱟᱨᱚᱛ ᱨᱮ 9 ᱢᱮ ᱦᱳᱭᱳᱜᱼᱟ ᱟᱨ ᱟᱠᱷᱲᱟ ᱫᱚ صبح 5 ᱴᱟᱲᱟᱝ ᱠᱷᱚᱱ ᱮᱦᱚᱵᱚᱜᱼᱟ ᱾
424,मुझे उम्मीद है कि मैं उसे देख सकूँगी।,ᱤᱧ ᱟᱥᱚᱜ ᱠᱟᱹᱱᱟᱹᱧ ᱱᱚᱶᱟᱧ ᱧᱮᱞ ᱫᱟᱲᱮᱭᱟᱜᱼᱟ ᱾,"ᱤᱧ ᱟᱭᱩᱢᱟᱹᱱ ᱮᱫᱟ ᱡᱮ, ᱤᱧ ᱩᱱᱤ ᱧᱮᱞᱧᱟᱢᱚᱜᱼᱟ ᱾"
425,वैसे थोड़ा मुश्किल होगा क्योंकि 9 मई को सोमवार है।,"᱙ ᱢᱮ ᱚᱛᱮ ᱢᱟᱦᱟ ,ᱱᱚᱶᱟ ᱟᱡᱷᱟᱴ ᱦᱩᱭ ᱰᱟᱲᱮᱭᱟᱜᱼᱟ ᱾","ᱡᱟᱦᱟᱸ ᱞᱮᱠᱟ, ᱱᱚᱶᱟ ᱫᱚ ᱠᱤᱪᱷᱩᱠ ᱟᱱᱟᱴ ᱟᱱᱟᱜ ᱦᱳᱭᱳᱜᱼᱟ ᱪᱮᱫᱟᱜ ᱥᱮ 9 ᱢᱮ ᱪᱟᱸᱫᱳ ᱦᱩᱭᱩᱜ ᱠᱟᱱᱟ ᱾"
426,लेकिन वह बहुत लंबा चलेगा तो तुम तब भी कुछ घंटे का शो देख सकती हो।,ᱢᱮᱱᱠᱷᱟᱱ ᱱᱚᱶᱟ ᱫᱚ ᱵᱮᱥ ᱡᱮᱞᱮᱧ ᱚᱠᱛᱚᱭ ᱦᱟᱛᱟᱣᱼᱟ ᱚᱱᱟᱛᱮ ᱟᱢ ᱱᱤᱛᱦᱚᱸᱥᱳ ᱨᱮᱭᱟᱜ ᱠᱤᱪᱷᱤ ᱴᱟᱲᱟᱝᱼᱮᱢ ᱧᱮᱞ ᱫᱟᱲᱮᱭᱟᱜᱼᱟ ᱾,"ᱢᱮᱱᱠᱷᱟᱱ ᱱᱚᱶᱟ ᱫᱚ ᱟᱹᱰᱤ ᱫᱤᱱ ᱪᱟᱞᱟᱣᱚᱜᱼᱟ, ᱮᱱᱠᱷᱟᱱ ᱟᱢ ᱱᱤᱛᱦᱚᱸ ᱠᱤᱪᱷᱩᱜᱟᱱ ᱴᱟᱲᱟᱝ ᱨᱮᱭᱟᱜ ᱥᱳ ᱧᱮᱞ ᱫᱟᱲᱮᱭᱟᱜᱼᱟ ᱾"
427,बैकलैश के मुख्य इवेंट क्या हैं?,ᱵᱞᱟᱠᱞᱟᱥ ᱨᱮᱭᱟᱜ ᱢᱩᱲᱩᱫ ᱤᱵᱷᱮᱱᱴ ᱪᱮᱫ ᱠᱟᱱᱟ ?,ᱵᱮᱠᱞᱟᱪ ᱨᱮᱭᱟᱜ ᱢᱩᱲᱩᱫ ᱟᱠᱷᱲᱟ ᱠᱚ ᱪᱮᱫ?
428,इस इवेंट में ए.जे. स्टाइल्स का एज से और सेठ रोलिंग का कोडी रोड्स से मुकाबला होगा।,ᱟᱠᱷᱲᱟᱨᱮ ᱮ ᱡᱮ ᱥᱴᱟᱭᱤᱞᱥ ᱮᱡᱽ ᱟᱨ ᱥᱮᱛᱷ ᱨᱚᱞᱤᱱᱥ ᱠᱳᱰᱤ ᱨᱳᱰᱥ ᱵᱤᱨᱩᱫᱷᱨᱮᱭ ᱞᱟᱹᱲᱦᱟᱹᱭᱟ ᱾,ᱱᱚᱶᱟ ᱟᱠᱷᱲᱟ ᱨᱮ ᱮᱡ ᱥᱴᱟᱭᱮᱞᱥ ᱟᱜ ᱵᱤᱨᱩᱫᱷ ᱨᱮ ᱟᱨ ᱥᱮᱛᱷ ᱨᱳᱞᱝ ᱠᱳᱰᱤ ᱨᱳᱨᱰᱥ ᱟᱜ ᱵᱤᱨᱩᱫ ᱨᱮ ᱠᱷᱮᱞᱳᱰ ᱦᱩᱭᱩᱜᱼᱟ ᱾
429,"इस साल रोड्स की वापसी के बाद यह एक बड़ी बात होने जा रही है, जिससे प्रशंसक उत्साहित हैं।","ᱱᱤᱭᱟᱹ ᱥᱮᱨᱢᱟ ᱨᱳᱰᱥ ᱨᱮᱭᱟᱜ ᱟᱹᱨᱩᱝᱮᱨᱟᱣ ᱛᱟᱭᱚᱢ ᱱᱚᱶᱟᱫᱚ ᱢᱤᱫ ᱢᱟᱨᱟᱝ ᱵᱮᱯᱟᱨ ᱦᱩᱭᱩᱜ ᱛᱮ ᱪᱟᱞᱟᱜ ᱠᱟᱱᱟ, ᱵᱷᱚᱠᱛ ᱠᱚ ᱨᱟᱹᱥᱠᱟᱹ ᱜᱮᱭᱟ ᱾","ᱱᱚᱶᱟ ᱥᱮᱨᱢᱟ ᱨᱳᱨᱰᱥ ᱨᱩᱣᱟᱹᱲ ᱦᱮᱡ ᱛᱟᱭᱚᱢ ᱱᱚᱶᱟ ᱫᱚ ᱢᱤᱫᱴᱟᱝ ᱢᱟᱨᱟᱝ ᱠᱟᱹᱢᱤ ᱦᱳᱭᱳᱜᱼᱟ, ᱡᱟᱦᱟᱸ ᱫᱚ ᱯᱷᱮᱱᱥ ᱠᱚ ᱟᱹᱰᱤ ᱱᱟᱯᱟᱭ ᱠᱚ ᱮᱢ ᱟᱠᱟᱫᱟ ᱾"
430,क्या कोई रोमांचक टैग मैच हैं?,ᱡᱟᱦᱟᱱ ᱪᱤᱨᱜᱟᱹᱞᱟᱱᱟᱜ ᱴᱮᱜ ᱢᱮᱪ ᱢᱮᱱᱟᱜᱼᱟ ?,ᱡᱟᱦᱟᱱ ᱠᱷᱮᱹᱞᱳᱰ ᱟᱱᱟᱜ ᱴᱮᱜᱽ ᱢᱮᱪ ᱢᱮᱱᱟᱜᱼᱟ ᱥᱮ ᱵᱟᱝ?
431,"हाँ, इवेंट में सिक्स-मैन टैग टीम मैच होने वाला है।","ᱟᱥᱚᱞ ᱨᱮ ᱦᱮᱸ, ᱤᱵᱷᱮᱱᱴ ᱫᱚ ᱢᱤᱫ ᱛᱩᱨᱩᱭ ᱨᱟᱹᱥᱭᱟᱹᱼᱟᱱ ᱴᱮᱜ ᱴᱤᱢ ᱢᱮᱪ ᱦᱩᱭᱩᱜᱼᱟ ᱾","ᱦᱩᱭᱩᱜ ᱠᱟᱱᱟ, ᱱᱚᱶᱟ ᱟᱠᱷᱲᱟ ᱨᱮ ᱛᱩᱨᱩᱭ ᱦᱚᱲ ᱠᱚᱣᱟᱜ ᱴᱮᱜᱽ ᱜᱟᱫᱮᱞ ᱢᱮᱪ ᱦᱳᱭᱳᱜᱼᱟ ᱾"
432,रोमन रेन्स और उसोज़ का ड्रू मैकिनटायर और आर.के-ब्रो से मुकाबला होने वाला है।,ᱨᱳᱢᱟᱱ ᱨᱮᱭᱤᱱᱥ ᱟᱨ ᱤᱭᱩᱥᱳᱥ ᱰᱨᱩ ᱢᱮᱠᱤᱱᱴᱟᱭᱟᱨ ᱟᱨ ᱟᱨᱠᱮᱼᱵᱨᱳ ᱵᱤᱨᱩᱫᱷ ᱨᱮᱭ ᱠᱷᱮᱞᱟ ᱾,ᱨᱩᱢᱮᱱ ᱨᱮᱱᱥ ᱟᱨ ᱳᱥᱳᱥ ᱰᱨᱤᱣ ᱢᱮᱠᱤᱱᱴᱤᱭᱟᱨ ᱟᱨ ଆର.କେ-ବ୍ରୋ ᱥᱟᱶ ᱠᱚ ᱞᱟᱹᱲᱦᱟᱹᱭᱼᱟ ᱾
433,उन लोगों के पास बहुत सारे टाइटल हैं।,ᱩᱱᱠᱩ ᱦᱚᱲᱦᱚᱸ ᱟᱭᱢᱟ ᱩᱯᱨᱩᱢ ᱠᱚ ᱧᱟᱢ ᱟᱠᱟᱫᱟ ᱾,ᱩᱱᱠᱩ ᱴᱷᱮᱱ ᱟᱹᱰᱤ ᱜᱟᱱ ᱧᱩᱛᱩᱢ ᱢᱮᱱᱟᱜᱼᱟ ᱾
434,रोमन रेन्स तो डब्ल्यू.डब्ल्यू.ई. का यूनिवर्सल चैंपियन है न?,ᱨᱳᱢᱟᱱ ᱨᱮᱭᱤᱱᱥ ᱪᱮᱫ ᱣᱚᱵᱞᱩ ᱣᱚᱵᱞᱩ ᱤ ᱤᱭᱩᱱᱤᱵᱷᱟᱨᱥᱟᱞ ᱪᱮᱢᱯᱤᱚᱭᱚᱱ ᱵᱟᱝ ᱠᱟᱱᱟᱭ ᱾,"ᱚᱱᱟᱛᱮ ᱨᱩᱢᱮᱱ ᱨᱮᱱᱥ ᱫᱚ ᱦᱩᱭᱩᱜ ᱠᱟᱱᱟ <ᱟᱭ ᱰᱤ 1> ᱼ ᱨᱮᱭᱟᱜ ᱡᱮᱜᱮᱫ ᱪᱟᱢᱯᱤᱭᱚᱱ, ᱵᱟᱝ?"
435,हाँ और उसोज़ स्मैकडाउन टैग-टीम चैंपियंस हैं और आर.के-ब्रो रॉ टैग टीम चैंपियंस हैं।,"ᱦᱮᱸ, ᱟᱨ ᱤᱭᱩᱥᱳᱥ ᱫᱚ ᱦᱩᱭᱩᱜ ᱠᱟᱱᱟ ᱥᱢᱮᱠᱰᱟᱣᱩᱱ ᱴᱮᱜᱼᱴᱤᱢ ᱪᱮᱢᱯᱤᱭᱚᱱ ᱟᱨ ᱟᱨᱠᱮᱼᱵᱨᱚ ᱫᱚ ᱦᱩᱭᱩᱜ ᱠᱟᱱᱟ ᱨᱚ ᱴᱮᱼᱴᱤᱢ ᱪᱮᱢᱯᱤᱭᱚᱱ ᱾",ᱤᱭᱟᱭ ᱟᱨ ᱳᱥᱳᱥ ᱦᱩᱭᱩᱜ ᱠᱟᱱᱟ ᱥᱢᱚᱠᱰᱟᱣᱮᱱ ᱴᱮᱜᱼᱴᱤᱢ ᱪᱟᱢᱯᱤᱭᱚᱱ ᱟᱨ <ᱟᱭ ᱰᱤ 1> ᱨᱳ ᱴᱮᱜ ᱴᱤᱢ ᱪᱟᱢᱯᱤᱭᱚᱱ ᱾
436,हालाँकि यह टाइटल मैच नहीं है लेकिन प्रशंसक उत्साहित हैं।,"ᱮᱱᱠᱷᱟᱱ ᱱᱤᱭᱟᱹ ᱵᱟᱨ ᱨᱮᱭᱟᱜ ᱫᱚ ᱥᱤᱨᱯᱟᱹ ᱢᱮᱪᱵᱟᱝ ᱠᱟᱱᱟ, ᱢᱮᱱᱠᱷᱟᱱ ᱵᱷᱚᱠᱛᱚ ᱠᱚᱫᱚ ᱠᱚ ᱠᱩᱥᱤ ᱜᱮᱭᱟ ᱾","ᱮᱱᱦᱚᱸ ᱱᱚᱶᱟ ᱫᱚ ᱢᱤᱫᱴᱟᱝ ᱴᱟᱭᱴᱮᱞ ᱢᱮᱪ ᱫᱚ ᱵᱟᱝ ᱠᱟᱱᱟ, ᱢᱮᱱᱠᱷᱟᱱ ᱯᱷᱮᱱᱥ ᱠᱚ ᱠᱷᱮᱹᱞᱳᱰᱚᱜ ᱠᱟᱱᱟ ᱾"
437,दोनों पक्ष प्रशंसकों के मनचाहे हैं और रैंडी ऑर्टन्स बनाम रेन्स एक ऐसा मुकाबला है जिसका प्रशंसक इंतज़ार कर रहे हैं।,ᱵᱟᱱᱟᱨ ᱯᱟᱦᱟᱴᱟ ᱜᱮ ᱵᱷᱚᱠᱛᱚ ᱠᱩᱥᱤᱭᱟᱱ ᱠᱟᱱᱟ ᱠᱤᱱ ᱟᱨ ᱨᱟᱱᱰᱤ ᱚᱨᱴᱚᱱ ᱥᱟᱶ ᱨᱮᱭᱤᱱᱥ ᱮᱢᱚᱱ ᱠᱤᱪᱷᱤ ᱠᱚᱨᱟᱣ ᱦᱩᱭᱩᱜ ᱛᱟᱠᱤᱱᱟ ᱡᱟᱦᱟᱸ ᱞᱟᱹᱜᱤᱫ ᱵᱷᱚᱠᱛᱚ ᱠᱚ ᱛᱟᱸᱜᱤ ᱟᱠᱟᱫᱟ ᱾,ᱵᱟᱱᱟᱨ ᱜᱟᱫᱮᱞ ᱜᱮ ᱯᱷᱮᱱᱥ ᱠᱚ ᱫᱟᱨᱟᱭ ᱛᱮ ᱩᱭᱦᱟᱹᱨ ᱟᱱ ᱟᱨ ᱨᱮᱱᱰᱤ ᱟᱨᱴᱚᱱᱥ ᱵᱤᱨᱩᱫᱷ ᱨᱮ ᱨᱮᱱᱥ ᱦᱩᱭᱩᱜ ᱠᱟᱱᱟ ᱢᱤᱫᱴᱟᱝ ᱢᱮᱪ ᱡᱟᱦᱟᱸ ᱞᱟᱹᱜᱤᱫ ᱯᱷᱮᱱᱥ ᱠᱚ ᱵᱤᱰᱟᱹᱣ ᱞᱮᱫᱟ ᱾
438,"हाँ, तो कोशिश करो और अगर हो सके तो देख लो, लेकिन समय की वजह से यह थोड़ा मुश्किल है।","ᱦᱮᱸ, ᱚᱱᱟᱛᱮ ᱱᱚᱶᱟᱫᱚ ᱨᱤᱠᱟᱹᱭ ᱢᱮ ᱟᱨ ᱦᱩᱭ ᱫᱟᱲᱮᱭᱟᱜ ᱠᱷᱟᱱ ᱱᱚᱶᱟ ᱧᱮᱞᱢᱮ, ᱮᱱᱠᱷᱟᱱ ᱚᱠᱛᱚ ᱠᱷᱟᱹᱛᱤᱨᱟᱜ ᱛᱮ ᱱᱚᱶᱟᱫᱚ ᱱᱟᱥᱮ ᱟᱡᱷᱟᱴᱼᱟ ᱾","ᱦᱩᱭᱩᱜ ᱠᱟᱱᱟ, ᱚᱱᱟᱛᱮ ᱵᱤᱰᱟᱹᱣ ᱢᱮ ᱟᱨ ᱧᱮᱞ ᱢᱮ, ᱡᱩᱫᱤ ᱦᱩᱭᱫᱟᱲᱮᱭᱟᱜᱼᱟ, ᱢᱮᱱᱠᱷᱟᱱ ᱚᱠᱛᱚ ᱚᱡᱮᱛᱮ ᱱᱚᱶᱟ ᱫᱚ ᱠᱤᱪᱷᱩᱠ ᱟᱱᱟᱴ ᱠᱟᱱᱟ ᱾"
439,हाय डिम्पी! कैसी हो?,"ᱮᱭ ᱰᱤᱢᱯᱤ, ! ᱪᱮᱫ ᱞᱮᱠᱟ ᱢᱤᱱᱟᱢᱟ ?",ᱦᱟᱭ ᱰᱤᱢᱯᱤ! ᱠᱮᱥᱤ ᱦᱳ?
440,कितने दिनों से तुमसे बात नहीं हुई।,ᱟᱞᱟᱝ ᱢᱩᱪᱟᱹᱫ ᱠᱟᱛᱷᱟ ᱨᱚᱯᱚᱲ ᱛᱟᱭᱚᱢ ᱠᱤᱪᱷᱤ ᱚᱠᱛᱚᱜᱮ ᱦᱩᱭᱟᱠᱟᱱᱟ ᱾,ᱟᱢ ᱥᱟᱶ ᱛᱤᱱᱟᱹᱜ ᱫᱤᱱ ᱠᱷᱚᱱ ᱠᱟᱛᱷᱟ ᱵᱟᱝ ᱞᱟᱹᱭ ᱟᱠᱟᱱᱟ ᱾
441,सब कुछ ठीक है न?,ᱢᱩᱪᱦᱟᱹᱫ ᱟᱢᱟᱜ ᱥᱟᱱᱟᱢᱟᱜ ᱴᱷᱤᱠ ᱜᱮᱭᱟ ?,"ᱥᱟᱱᱟᱢᱟᱜ ᱠᱟᱹᱢᱤ ᱜᱮ ᱱᱟᱯᱟᱭ ᱠᱟᱱᱟ, ᱵᱟᱝ?"
442,हाय देवांग! मैं ठीक हूँ।,"ᱮᱭ, ᱫᱮᱵᱟᱝᱜᱚ ! ᱤᱧᱫᱚ ᱱᱟᱯᱟᱭ ᱜᱮᱭᱟᱹᱧ ᱾",ᱦᱟᱭ ᱫᱮᱵᱟᱝ! ᱤᱧ ᱱᱟᱯᱟᱭ ᱠᱟᱱᱟ ᱾
443,"हाँ, बहुत दिन हो गए।","ᱦᱮᱸ, ᱟᱹᱰᱤ ᱫᱤᱱ ᱦᱩᱭ ᱟᱠᱟᱱᱟ ᱾","ᱦᱩᱭᱩᱜ ᱠᱟᱱᱟ, ᱟᱭᱢᱟ ᱫᱤᱱ ᱦᱩᱭ ᱟᱠᱟᱱᱟ ᱾"
444,यहाँ सब कुछ ठीक है बस मेरे कज़िन भाई को छोड़कर।,ᱥᱟᱱᱟᱢᱟᱜ ᱜᱮ ᱵᱮᱥ ᱜᱮᱭᱟ ᱤᱧᱨᱮᱱ ᱠᱟᱠᱟᱼᱠᱷᱩᱲᱟᱹ ᱵᱚᱭᱦᱟ ᱵᱟᱫ ᱠᱟᱛᱮᱜ ᱾,ᱤᱧᱟᱹᱜ ᱠᱟᱡᱤᱱ ᱵᱚᱭᱦᱟ ᱵᱮᱜᱚᱨ ᱱᱚᱶᱟ ᱨᱮ ᱥᱟᱱᱟᱢᱟᱜ ᱜᱮ ᱱᱟᱯᱟᱭ ᱠᱟᱱᱟ ᱾
445,ओह! क्या हो गया उसे?,"ᱳᱦ, ᱪᱮᱫ ᱮ ᱪᱤᱠᱟᱹ ᱟᱠᱟᱱᱟ ?",ᱳᱦ! ᱩᱱᱤ ᱪᱮᱫ ᱦᱩᱭ ᱟᱠᱟᱱᱟ?
446,मैंने तो किसी से कुछ नहीं सुना।,ᱤᱧᱫᱚ ᱡᱟᱦᱟᱸᱭ ᱴᱷᱮᱱ ᱠᱷᱚᱱ ᱪᱮᱫᱦᱚᱸ ᱵᱟᱹᱧ ᱟᱸᱡᱚᱢ ᱟᱠᱟᱫᱟ ᱾,ᱤᱧ ᱪᱮᱫᱦᱚᱸ ᱵᱟᱝ ᱵᱟᱰᱟᱭ ᱧᱟᱢ ᱟᱠᱟᱫᱟ ᱾
447,अब वो ठीक है न?,ᱱᱤᱛᱚᱜ ᱩᱱᱤ ᱢᱚᱡᱽᱜᱮ ᱢᱮᱱᱟᱭᱟ ?,"ᱱᱤᱛ ᱩᱱᱤ ᱫᱚ ᱱᱟᱯᱟᱭ ᱠᱟᱱᱟ, ᱵᱟᱝ?"
448,दो हफ़्ते पहले उसका एक्सीडेंट हो गया था।,ᱪᱟᱞᱟᱣᱮᱱ ᱦᱟᱯᱛᱟᱨᱮ ᱩᱱᱤᱭᱟᱜ ᱮᱠᱥᱤᱰᱮᱱᱴ ᱦᱩᱭ ᱟᱠᱟᱱᱟ ᱾,ᱵᱟᱨ ᱦᱟᱯᱛᱟ ᱞᱟᱦᱟ ᱩᱱᱤ ᱫᱚ ᱜᱷᱟᱹᱞ ᱨᱮᱭ ᱜᱷᱟᱹᱞ ᱞᱮᱱᱟ ᱾
449,भगवान की दया से अब वो ठीक हो रहा है।,ᱱᱤᱛ ᱫᱚ ᱪᱟᱸᱫᱳᱼᱟᱜ ᱫᱟᱭᱟᱛᱮᱭ ᱵᱮᱥᱚᱜ ᱠᱟᱱᱟ ᱾,ᱩᱱᱤ ᱫᱚ ᱱᱤᱛ ᱵᱚᱸᱜᱟ ᱟᱜ ᱫᱟᱭᱟ ᱛᱮ ᱱᱟᱯᱟᱭᱚᱜ ᱠᱟᱱᱟ ᱾
450,भगवान का शुक्र है कि हेल्थ इंश्योरेंस से खर्च निकल गए।,ᱪᱟᱸᱫᱳ ᱵᱚᱸᱜᱟ ᱥᱟᱨᱦᱟᱣ ᱜᱮ ᱥᱟᱶᱟᱨ ᱵᱤᱢᱟᱹ ᱨᱮᱭᱟᱜ ᱠᱷᱚᱨᱚᱪᱮ ᱯᱩᱨᱩᱱ ᱟᱠᱟᱫᱟ ᱾,"ᱥᱟᱨᱦᱟᱰᱚᱜ ᱠᱟᱱᱟ ᱡᱮ, ᱥᱟᱣᱟᱨ ᱵᱤᱢᱟᱹ ᱠᱷᱚᱱ ᱠᱷᱚᱨᱪᱟ ᱠᱚ ᱪᱷᱟᱹᱲ ᱮᱢ ᱦᱩᱭ ᱟᱠᱟᱱᱟ ᱾"
451,सुनकर अच्छा लगा कि वह ठीक हो रहा है।,ᱟᱸᱡᱚᱢ ᱠᱟᱛᱮᱜ ᱤᱧ ᱨᱟᱹᱥᱠᱟᱹᱭᱮᱱᱟ ᱡᱮ ᱩᱱᱤᱭ ᱪᱮᱴᱷᱟᱜ ᱠᱟᱱᱟ ᱾,ᱩᱱᱤ ᱫᱚ ᱱᱟᱯᱟᱭᱚᱜ ᱠᱟᱱᱟ ᱢᱮᱱᱛᱮ ᱵᱟᱰᱟᱭ ᱧᱟᱢ ᱫᱚ ᱱᱟᱯᱟᱭ ᱠᱟᱱᱟ ᱾
452,कौन-सी हेल्थ इंश्योरेंस थी?,ᱥᱟᱶᱟᱨ ᱵᱤᱢᱟᱹ ᱫᱚ ᱪᱮᱫ ᱛᱟᱦᱮᱸᱠᱟᱱᱟ ?,ᱪᱮᱫ ᱞᱮᱠᱟᱱ ᱥᱟᱣᱟᱨ ᱵᱤᱢᱟᱹ ᱛᱟᱦᱮᱸ ᱠᱟᱱᱟ?
453,मैं भी एक हेल्थ इंश्योरेंस लेने की सोच रहा हूँ।,ᱤᱧ ᱢᱤᱫᱴᱟᱝ ᱥᱟᱶᱟᱨ ᱵᱤᱢᱟᱹ ᱠᱤᱨᱤᱧ ᱨᱮᱭᱟᱜ ᱠᱟᱛᱷᱟᱧ ᱩᱭᱦᱟᱹᱨᱮᱫᱟ ᱾,ᱤᱧ ᱦᱚᱸ ᱢᱤᱫᱴᱟᱝ ᱥᱟᱣᱟᱨ ᱵᱤᱢᱟᱹ ᱦᱟᱛᱟᱣ ᱨᱮᱭᱟᱜ ᱠᱟᱛᱷᱟ ᱩᱭᱦᱟᱹᱨ ᱮᱫᱟ ᱾
454,"उसकी हेल्थ इंश्योरेंस, स्टार हेल्थ इंश्योरेंस थी।",ᱩᱱᱤᱭᱟᱜ ᱥᱟᱶᱟᱨ ᱵᱤᱢᱟᱹᱫᱚ ᱥᱴᱟᱨ ᱥᱟᱶᱟᱨ ᱵᱤᱢᱟᱹ ᱛᱟᱦᱮᱸᱠᱟᱱᱟ ᱾,"ᱩᱱᱤᱭᱟᱜ ᱢᱤᱫᱴᱟᱝ ᱥᱟᱣᱟᱨ ᱵᱤᱢᱟᱹ ᱛᱟᱦᱮᱸ ᱠᱟᱱᱟ, ᱥᱴᱟᱨ ᱥᱟᱣᱟᱨ ᱵᱤᱢᱟᱹ ᱾"
455,उसने फ़ैमिली फ़्लोटर इंश्योरेंस ली थी।,ᱩᱱᱤᱫᱚ ᱢᱤᱫ ᱜᱷᱟᱸᱨᱚᱡᱤᱭᱟᱹ ᱯᱷᱞᱳᱴᱟᱨ ᱵᱤᱢᱟᱹᱭ ᱠᱤᱨᱤᱧ ᱟᱠᱟᱫ ᱛᱟᱦᱮᱸ ᱾,ᱩᱱᱤ ᱫᱚ فیملی ᱯᱷᱞᱳᱴᱟᱨ ᱵᱤᱢᱟᱹ ᱮ ᱦᱟᱛᱟᱣ ᱞᱮᱫᱟ ᱾
456,यह परिवार के 5 सदस्यों को कवर करती है।,ᱱᱚᱶᱟᱫᱚ ᱜᱷᱟᱸᱨᱚᱡᱽᱨᱮᱱ ᱕ ᱡᱚᱱᱟ ᱦᱚᱲᱟᱜ ᱮ ᱯᱩᱨᱩᱱᱟ ᱾,ᱱᱚᱶᱟ ᱫᱚ ᱜᱷᱟᱨᱚᱸᱡᱽ ᱨᱮᱱ 5 ᱦᱚᱲ ᱨᱟᱹᱥᱤᱭᱟᱹ ᱠᱚ ᱥᱮᱞᱮᱫ ᱟᱠᱟᱫᱟ ᱾
457,प्रीमियम कितना है?,ᱜᱚᱱᱚᱝ ᱞᱮᱠᱷᱟ ᱫᱚ ᱛᱤᱱᱟᱹᱜ ᱠᱟᱱᱟ ?,ᱯᱚᱨᱤᱢᱟᱱ ᱛᱤᱱᱟᱹᱜ?
458,इसे क्या हर महीने रिन्यू करना पड़ता है?,ᱱᱚᱶᱟᱫᱚ ᱟᱞᱮ ᱪᱟᱸᱫᱳᱨᱮ ᱟᱨᱦᱚᱸᱞᱮ ᱱᱟᱶᱟ ᱨᱩᱣᱟᱹᱲ ᱫᱟᱲᱮᱭᱟᱜᱼᱟ ?,ᱱᱚᱶᱟ ᱫᱚ ᱡᱚᱛᱚ ᱪᱟᱸᱫᱚ ᱨᱮ ᱱᱟᱶᱟᱱ ᱦᱩᱭᱩᱜ ᱛᱟᱢᱟ?
459,इसको कैसे ख़रीद सकते हैं?,ᱟᱞᱮ ᱪᱮᱠᱟᱛᱮᱞᱮ ᱠᱤᱨᱤᱧ ᱫᱟᱲᱮᱭᱟᱜᱼᱟ ?,ᱱᱚᱶᱟ ᱫᱚ ᱪᱮᱫ ᱞᱮᱠᱟᱛᱮ ᱠᱤᱨᱤᱧ ᱫᱟᱲᱮᱭᱟᱜᱼᱟ?
460,क्या उससे बिना नकद पैसे दिए अस्पताल में भर्ती होने की सुविधा मिलती है?,ᱱᱚᱶᱟᱫᱚ ᱪᱮᱫ ᱵᱮᱜᱚᱨ ᱯᱩᱭᱥᱟᱹᱛᱮ ᱦᱟᱥᱯᱟᱛᱟᱞᱨᱮ ᱥᱩᱵᱤᱰᱟᱭ ᱮᱢᱚᱜᱼᱟ ?,ᱩᱱᱤ ᱫᱚ ᱪᱮᱫ ᱠᱟᱹᱣᱰᱤ ᱵᱟᱝ ᱮᱢ ᱠᱟᱛᱮ ᱜᱮᱹᱥᱯᱮᱞ ᱨᱮ ᱥᱮᱞᱮᱫᱚᱜ ᱨᱮᱭᱟᱜ ᱪᱷᱟᱹᱲ ᱮ ᱧᱟᱢ ᱟᱠᱟᱫᱟ?
461,"जो भी प्लान लिया जाता है, प्रीमियम उसके मुताबिक अलग-अलग होता है।",ᱟᱢ ᱡᱟᱦᱟᱸ ᱯᱟᱱᱛᱷᱟᱢ ᱵᱟᱪᱷᱟᱣᱼᱟ ᱚᱱᱟᱨᱮ ᱴᱮᱸᱦᱟᱰ ᱠᱟᱛᱮᱜ ᱜᱚᱱᱚᱝ ᱵᱚᱫᱚᱞᱚᱜᱼᱟ ᱾,"ᱡᱟᱦᱟᱸ ᱯᱚᱨᱤᱠᱚᱞ ᱜᱮ ᱦᱟᱛᱟᱣ ᱦᱳᱭᱳᱜᱼᱟ, ᱚᱱᱟ ᱞᱮᱠᱟᱛᱮ ᱯᱚᱨᱤᱢᱟᱱ ᱵᱷᱮᱜᱟᱨᱚᱜᱼᱟ ᱾"
462,बहुत सारे प्लानों में से तुम कोई भी चुन सकते हो।,ᱟᱢ ᱟᱭᱢᱟ ᱯᱟᱱᱛᱷᱟ ᱠᱷᱚᱱᱮᱢ ᱵᱟᱪᱷᱟᱣ ᱫᱲᱟᱮᱭᱟᱜᱼᱟ ᱾,ᱟᱭᱢᱟ ᱯᱚᱨᱤᱠᱚᱞ ᱢᱩᱫᱽᱨᱮ ᱟᱢ ᱡᱟᱦᱟᱸ ᱞᱮᱠᱟᱱ ᱯᱚᱨᱤᱠᱚᱞ ᱜᱮ ᱵᱟᱪᱷᱱᱟᱣ ᱫᱟᱲᱮᱭᱟᱜᱼᱟ ᱾
463,डीटेल ऑनलाइन मिल सकते हैं।,ᱚᱱᱟᱫᱚ ᱵᱤᱪᱷᱱᱟᱹᱣᱛᱮ ᱚᱱᱞᱟᱭᱤᱱᱨᱮᱢ ᱧᱟᱢᱟ ᱾,ᱵᱚᱨᱱᱚᱱ ᱠᱚᱫᱚ ᱚᱱᱞᱟᱭᱤᱱ ᱨᱮ ᱧᱟᱢᱚᱜᱼᱟ ᱾
464,"प्रीमियम तुम हर महीने, तीन माह पर, छः महीनों में या सालाना भर सकते हो।","ᱟᱢᱫᱚ ᱪᱟᱸᱫᱚᱨᱮ,ᱯᱮ ᱪᱟᱸᱫᱳᱨᱮ,ᱛᱩᱨᱩᱭ ᱪᱟᱸᱫᱳᱨᱮ ᱥᱮ ᱥᱮᱨᱢᱟᱨᱮ ᱯᱨᱤᱢᱤᱭᱟᱢᱮᱢ ᱮᱢ ᱫᱟᱲᱮᱭᱟᱜᱼᱟ ᱾","ᱟᱢ ᱡᱚᱛᱚ ᱪᱟᱸᱫᱚ, ᱯᱮ ᱪᱟᱸᱫᱚ, ᱛᱩᱨᱩᱭ ᱪᱟᱸᱫᱚ ᱵᱟᱝᱠᱷᱟᱱ ᱥᱮᱨᱢᱟ ᱨᱮ ᱯᱚᱨᱤᱢᱟᱱ ᱮᱢ ᱫᱟᱲᱮᱭᱟᱜᱼᱟ ᱾"
465,"हाँ, ये इंश्योरेंस से अपने नेटवर्क वाले अस्पतालों में बिना नकद पैसे दिए अस्पताल में भर्ती होने की सुविधा देती है।","ᱦᱮᱸ, ᱱᱚᱶᱟᱫᱚ ᱵᱤᱢᱟᱹᱫᱚ ᱩᱱᱠᱩ ᱱᱮᱴᱳᱣᱟᱨᱠ ᱦᱟᱥᱯᱟᱛᱟᱞ ᱦᱚᱛᱮᱛᱮ ᱯᱩᱭᱥᱟᱹ ᱵᱮᱜᱚᱨᱛᱮ ᱦᱟᱥᱯᱟᱛᱟᱞᱨᱮ ᱵᱷᱩᱨᱛᱤᱭ ᱨᱮᱭᱟᱜ ᱫᱟᱣᱼᱮ ᱮᱢᱚᱜᱼᱟ ᱾","ᱦᱩᱭᱩᱜ ᱠᱟᱱᱟ, ᱱᱚᱶᱟ ᱵᱤᱢᱟᱹ ᱫᱚ ᱩᱱᱠᱩᱭᱟᱜ ᱱᱮᱴᱳᱣᱟᱨᱠ ᱛᱟᱞᱢᱟ ᱠᱚ ᱴᱷᱮᱱ ᱠᱷᱚᱱ ᱠᱟᱹᱣᱰᱤ ᱵᱟᱝ ᱮᱢ ᱠᱟᱛᱮ ᱜᱮᱢᱮᱧ ᱨᱮ ᱥᱮᱞᱮᱫ ᱨᱮᱭᱟᱜ ᱪᱷᱟᱹᱲ ᱮ ᱮᱢ ᱟᱠᱟᱫᱟ ᱾"
466,उनके नेटवर्क के तहत पूरे भारत के 500 से ज़्यादा अस्पताल हैं।,ᱜᱚᱴᱟ ᱵᱷᱟᱨᱚᱛ ᱨᱮ ᱕᱐᱐ ᱜᱚᱴᱟᱝ ᱠᱷᱚᱱ ᱦᱚᱸ ᱵᱟᱹᱲᱛᱤ ᱦᱟᱥᱯᱟᱛᱟᱞ ᱩᱱᱠᱩᱣᱟᱜ ᱱᱮᱴᱳᱣᱟᱨᱠ ᱟᱶᱛᱟᱨᱮ ᱢᱮᱱᱟᱜᱼᱟ,ᱩᱱᱤᱭᱟᱜ ᱱᱮᱴᱳᱣᱟᱨᱠ ᱨᱮᱭᱟᱜ ᱟᱶᱛᱟ ᱨᱮ ᱵᱷᱟᱨᱚᱛ ᱨᱮᱭᱟᱜ 500 ᱜᱚᱴᱟᱝ ᱠᱷᱚᱱ ᱦᱚᱸ ᱡᱟᱹᱥᱛᱤ ᱦᱟᱥᱯᱟᱛᱟᱞ ᱢᱮᱱᱟᱜᱼᱟ ᱾
467,यह तो बहुत अच्छा है!,ᱥᱟᱹᱨᱤᱜᱮ ᱵᱷᱟᱜᱮ ᱵᱩᱡᱷᱟᱹᱜ ᱠᱟᱱᱟ !,ᱱᱚᱶᱟ ᱫᱚ ᱟᱹᱰᱤ ᱱᱟᱯᱟᱭ ᱠᱟᱱᱟ ᱾
468,बिना नकद पैसे के अस्पताल में भर्ती होने की सुविधा से अस्पताल में उस समय का टेंशन कम हो जाता है।,ᱯᱩᱭᱥᱟ ᱵᱮᱜᱚᱨᱛᱮ ᱦᱟᱥᱯᱟᱛᱟᱞᱨᱮ ᱵᱷᱩᱨᱛᱤ ᱨᱮᱭᱟᱜ ᱥᱩᱵᱤᱫᱟ ᱦᱟᱥᱯᱟᱛᱟᱞᱨᱮ ᱵᱷᱩᱨᱛᱤᱜ ᱨᱮᱭᱟᱜ ᱟᱡᱦᱟᱴᱮ ᱠᱚᱢᱟᱼᱟ ᱾,ᱠᱟᱹᱣᱰᱤ ᱵᱟᱝ ᱮᱢ ᱠᱟᱛᱮ ᱦᱟᱥᱯᱟᱛᱟᱞ ᱨᱮ ᱥᱮᱞᱮᱫᱚᱜ ᱨᱮᱭᱟᱜ ᱪᱷᱟᱹᱲ ᱫᱚ ᱦᱟᱥᱯᱟᱛᱟᱞ ᱨᱮ ᱚᱱᱟ ᱚᱠᱛᱚ ᱨᱮᱭᱟᱜ ᱴᱮᱨᱟᱱ ᱠᱚᱢᱼᱟ ᱾
469,हम हमेशा तो कैश ले कर चलते नहीं हैं।,ᱥᱟᱨᱟ ᱜᱷᱟᱹᱲᱤ ᱫᱚ ᱟᱵᱳᱴᱷᱮᱱ ᱯᱩᱭᱥᱟᱹ ᱵᱟᱝ ᱛᱟᱦᱮᱱᱟ ᱾,ᱟᱢ ᱥᱟᱱᱟᱢ ᱚᱠᱛᱚ ᱜᱮ ᱠᱮᱹᱥ ᱥᱟᱞᱟᱜ ᱵᱟᱝ ᱪᱟᱞᱟᱣᱚᱜᱼᱟ ᱾
470,सबसे बड़ी बात ये है कि हमें नहीं पता होता है कि मुसीबत कब और कैसे आ जाए।,"ᱡᱚᱛᱚᱠᱷᱚᱱ ᱞᱟᱹᱠᱛᱤᱚᱭᱟᱱ, ᱟᱵᱳ ᱵᱟᱝ ᱵᱚ ᱵᱟᱰᱟᱭᱟ ᱛᱤᱱᱨᱮ ᱟᱨ ᱪᱮᱫ ᱞᱮᱠᱟᱨᱮ ᱵᱟᱹᱲᱤᱡᱽ ᱜᱷᱚᱴᱚᱱ ᱟᱵᱚ ᱥᱟᱢᱟᱝᱨᱮ ᱥᱮᱴᱮᱨᱚᱜᱼᱟ ?","ᱢᱟᱨᱟᱝ ᱠᱟᱛᱷᱟ ᱫᱚ ᱦᱩᱭᱩᱜ ᱠᱟᱱᱟ, ᱤᱧᱟᱹᱜ ᱪᱮᱫ ᱚᱠᱛᱚ ᱟᱨ ᱪᱮᱫ ᱞᱮᱠᱟᱛᱮ ᱟᱱᱟᱴ ᱦᱮᱡᱚᱜᱼᱟ ᱚᱱᱟ ᱵᱟᱝ ᱵᱟᱰᱟᱭ ᱟᱠᱟᱱᱟ ᱾"
471,हमें नामांकन करते समय कोई मेडिकल सर्टिफ़िकेट देने की ज़रूरत पड़ती है क्या?,ᱚᱞ ᱥᱮᱞᱮᱫ ᱚᱠᱛᱚ ᱟᱞᱮ ᱡᱟᱦᱟᱱ ᱢᱮᱰᱤᱠᱮᱞ ᱥᱟᱨᱴᱤᱯᱷᱤᱠᱮᱴ ᱮᱢᱚᱜ ᱦᱩᱭᱩᱜ ᱛᱟᱞᱮᱭᱟ ?,ᱟᱢ ᱠᱤ ᱥᱮᱞᱮᱫ ᱚᱠᱛᱚ ᱡᱟᱦᱟᱱ ᱢᱮᱰᱤᱠᱮᱞ ᱥᱟᱨᱴᱤᱯᱷᱤᱠᱮᱴ ᱮᱢ ᱦᱩᱭᱩᱜ ᱛᱟᱢᱟ?
472,40 से कम उमर वाले आवेदकों को कोई मेडिकल सर्टिफ़िकेट नहीं लगता है।,ᱟᱨᱫᱟᱥᱤᱭᱟᱹ ᱠᱚᱣᱟᱜ ᱩᱢᱮᱨ ᱔᱐ ᱥᱮᱨᱢᱟ ᱠᱷᱚᱱ ᱰᱷᱮᱨ ᱵᱟᱝ ᱠᱟᱱᱟ ᱩᱱᱠᱩ ᱞᱟᱹᱜᱤᱫ ᱫᱚ ᱡᱟᱦᱟᱱ ᱢᱮᱰᱤᱠᱮᱞ ᱥᱟᱨᱴᱤᱯᱷᱤᱠᱮᱴ ᱵᱟᱝ ᱞᱟᱹᱠᱛᱤᱼᱟ ᱾,40 ᱥᱮᱨᱢᱟ ᱠᱷᱚᱱ ᱠᱚᱢ ᱩᱢᱮᱨᱟᱱ ᱟᱨᱡᱤᱤᱭᱟᱹ ᱠᱚ ᱞᱟᱹᱜᱤᱫ ᱡᱟᱦᱟᱱ ᱢᱮᱰᱤᱠᱮᱞ ᱥᱟᱨᱴᱤᱯᱷᱤᱠᱮᱴ ᱵᱟᱝ ᱢᱮᱱᱟᱜᱼᱟ ᱾
473,अगर तुम्हें पहले से कोई बीमारी है तो फॉर्म में उसके बारे में बताना होगा।,ᱟᱢ ᱟᱢᱟᱜ ᱞᱟᱦᱟᱛᱮᱱᱟᱜ ᱨᱩᱣᱟᱹᱠᱚ ᱵᱟᱨᱮᱛᱮ ᱞᱟᱹᱭ ᱦᱩᱭᱩᱜ ᱛᱟᱢᱟ ᱡᱩᱫᱤ ᱚᱱᱟ ᱢᱮᱱᱟᱜᱼᱟ ᱾,"ᱟᱢ ᱡᱩᱫᱤ ᱢᱟᱲᱟᱝ ᱠᱷᱚᱱ ᱜᱮ ᱡᱟᱦᱟᱱ ᱨᱳᱜᱽ ᱨᱮ ᱛᱟᱦᱮᱸᱱᱟ, ᱮᱱᱠᱷᱟᱱ ᱯᱷᱚᱨᱢ ᱨᱮ ᱚᱱᱟ ᱵᱟᱨᱮᱛᱮ ᱞᱟᱹᱭ ᱦᱩᱭᱩᱜ ᱛᱟᱢᱟ ᱾"
474,नामांकन की प्रॉसेस सरल है।,ᱛᱟᱹᱞᱤᱠᱟ ᱨᱮ ᱥᱮᱞᱮᱫ ᱦᱚᱨᱟ ᱫᱚ ᱟᱞᱜᱟ ᱜᱮᱭᱟ ᱾,ᱱᱤᱱᱤᱢᱮᱱᱮᱥᱚᱱ ᱨᱮᱭᱟᱜ ᱦᱚᱨᱟ ᱫᱚ ᱥᱟᱫᱷᱟᱨᱚᱱ ᱾
475,इस इंश्योरेंस को ऑनलाइन ख़रीद सकता हूँ क्या?,ᱱᱚᱶᱟ ᱵᱤᱢᱟᱹ ᱤᱧ ᱚᱱᱞᱟᱭᱤᱱ ᱛᱮᱧ ᱠᱤᱨᱤᱧ ᱫᱟᱲᱮᱭᱟᱜᱼᱟ ?,ᱤᱧ ᱪᱮᱫ ᱱᱚᱶᱟ ᱵᱤᱢᱟᱹ ᱫᱚ ᱚᱱᱞᱟᱭᱤᱱ ᱨᱮ ᱠᱤᱨᱤᱧ ᱫᱟᱲᱮᱭᱟᱜᱼᱟ?
476,पॉलिसी हाथ में कब तक आएगी?,ᱯᱚᱞᱤᱥᱤ ᱛᱤᱥ ᱠᱚᱛᱮ ᱧᱟᱢᱚᱜ ᱨᱮᱭᱟᱜ ᱟᱱᱥ ᱤᱧ ᱫᱚᱦᱚ ᱫᱟᱲᱮᱭᱟᱜᱼᱟ ?,ᱟᱹᱨᱤ ᱫᱚ ᱛᱤᱱᱟᱹᱜ ᱫᱤᱱ ᱫᱷᱟᱹᱵᱤᱡ ᱦᱟᱹᱱ ᱨᱮ ᱦᱮᱡᱚᱜᱼᱟ?
477,क्या वे इसे पोस्ट से भेजते हैं?,ᱩᱱᱠᱩ ᱫᱚ ᱪᱮᱫ ᱯᱳᱥᱴ ᱛᱮᱠᱚ ᱵᱷᱮᱡᱟᱭᱟ ?,ᱩᱱᱠᱩ ᱠᱤ ᱱᱚᱶᱟ ᱫᱚ ᱯᱮᱥᱴ ᱠᱷᱚᱱ ᱠᱚ ᱵᱷᱮᱡᱟᱼᱟ?
478,"हाँ, इसे ऑनलाइन ख़रीद सकते हो।","ᱦᱮᱸ, ᱟᱢ ᱚᱱᱞᱟᱭᱤᱱ ᱛᱮᱢ ᱠᱤᱨᱤᱧ ᱰᱟᱲᱮᱭᱟᱜᱼᱟ ᱾","ᱦᱩᱭᱩᱜ ᱠᱟᱱᱟ, ᱟᱢ ᱱᱚᱶᱟ ᱫᱚ ᱚᱱᱞᱟᱭᱤᱱ ᱨᱮ ᱠᱤᱨᱤᱧ ᱫᱟᱲᱮᱭᱟᱜᱼᱟᱢ ᱾"
479,"ऑनलाइन भुगतान करने के बाद, वे आपको आपके मेल पर पॉलिसी की सॉफ़्ट कॉपी भेज देंगे।","ᱚᱱᱞᱟᱭᱤᱱ ᱛᱮ ᱯᱮᱢᱮᱱᱴ ᱛᱟᱭᱚᱢ, ᱟᱢᱟᱜ ᱢᱮᱞ ᱨᱮ ᱯᱚᱞᱤᱥᱤ ᱨᱮᱭᱟᱜ ᱥᱚᱯᱷᱴ ᱠᱚᱯᱤ ᱠᱚ ᱵᱷᱮᱡᱟ ᱟᱢᱟ ᱾","ᱚᱱᱞᱟᱭᱤᱱ ᱨᱮ ᱠᱟᱹᱣᱰᱤ ᱮᱢᱚᱜ ᱛᱟᱭᱚᱢ, ᱩᱱᱠᱩ ᱟᱢ ᱟᱢᱟᱜ ᱢᱮᱞ ᱨᱮ ᱟᱹᱨᱤ ᱨᱮᱭᱟᱜ ᱢᱤᱫᱴᱟᱝ ᱥᱟᱯᱷᱴ ᱠᱚᱯᱤ ᱠᱚ ᱵᱷᱮᱡᱟᱼᱟ ᱾"
480,इसी की हार्ड कॉपी आपको पोस्ट से मिल जाएगी।,ᱦᱟᱰ ᱠᱚᱯᱤ ᱫᱚ ᱚᱱᱠᱟᱜᱮ ᱯᱳᱥᱴ ᱛᱮᱠᱚ ᱵᱷᱮᱡᱟ ᱟᱢᱟ ᱾,ᱱᱚᱶᱟ ᱨᱮᱭᱟᱜ ᱦᱚᱨᱰ ᱠᱚᱯᱤ ᱟᱢ ᱯᱮᱥᱴ ᱠᱷᱚᱱ ᱧᱟᱢ ᱫᱟᱲᱮᱭᱟᱜᱼᱟ ᱾
481,अधिक जानकारी के लिए उनकी वेबसाइट देख लेना प्लीज़।,ᱵᱤᱪᱷᱱᱟᱹᱣᱛᱮ ᱵᱟᱰᱟᱭ ᱞᱟᱹᱜᱤᱫ ᱩᱱᱠᱩᱣᱟᱜ ᱳᱭᱮᱵᱥᱟᱭᱤᱴ ᱧᱮᱞᱢᱮ ᱾,"ᱟᱨᱦᱚᱸ ᱵᱟᱰᱟᱭ ᱞᱟᱹᱜᱤᱫ, ᱫᱟᱭᱟ ᱠᱟᱛᱮ ᱩᱱᱠᱩᱭᱟᱜ ᱳᱭᱮᱵᱽᱥᱟᱭᱤᱴ ᱧᱮᱞ ᱢᱮ ᱾"
482,मैं तुम्हें लिंक भेज रही हूँ।,ᱤᱧ ᱞᱤᱝᱠ ᱤᱧ ᱵᱷᱮᱡᱟ ᱟᱢ ᱠᱟᱱᱟ ᱾,ᱤᱧ ᱟᱢ ᱢᱤᱫᱴᱟᱝ ᱞᱤᱝᱠ ᱮᱢ ᱮᱢᱚᱜ ᱠᱟᱱᱟ ᱾
483,"यह गोवा है, बेबी!!!","ᱱᱚᱶᱟᱫᱚ ᱜᱳᱣᱟ ᱠᱟᱱᱟ, ᱜᱳ !!!","ᱱᱚᱶᱟ ᱫᱚ ᱜᱳᱣᱟ, ᱜᱤᱫᱽᱨᱟᱹ!!!"
484,मुझे विश्वास नहीं हो रहा कि हम आख़िरकार जा रहे हैं।,ᱤᱧ ᱵᱟᱹᱧ ᱯᱟᱹᱛᱭᱟᱹᱣ ᱫᱟᱲᱮᱭᱟᱜ ᱠᱟᱱᱟ ᱢᱩᱪᱟᱹᱫ ᱦᱟᱹᱵᱤᱡ ᱛᱮᱞᱟᱝ ᱥᱮᱱᱚᱜ ᱠᱟᱱᱟ ᱾,"ᱤᱧ ᱵᱟᱝ ᱢᱚᱱᱮ ᱦᱩᱭᱩᱜ ᱠᱟᱱᱟ ᱡᱮ, ᱢᱩᱪᱟᱹᱫ ᱫᱷᱟᱹᱵᱤᱡ ᱟᱢ ᱠᱚ ᱪᱟᱞᱟᱣᱚᱜ ᱠᱟᱱᱟ ᱾"
485,यह हमने शायद सातवीं बार प्लान बनाया था।,ᱱᱚᱶᱟᱫᱚ ᱟᱞᱟᱝ ᱮᱭᱟᱭ ᱫᱷᱟᱣ ᱞᱮᱠᱟᱞᱟᱝ ᱩᱭᱦᱟᱹᱨ ᱟᱠᱟᱫᱟ ᱾,ᱱᱚᱶᱟ ᱫᱚ ᱦᱩᱭᱫᱟᱲᱮᱭᱟᱜᱼᱟ ᱮᱭᱟᱭ ᱟᱱᱟᱜ ᱚᱠᱛᱮ ᱞᱟᱹᱜᱤᱫ ᱤᱧᱟᱹᱜ ᱩᱭᱦᱟᱹᱨ ᱛᱟᱦᱮᱸ ᱠᱟᱱᱟ ᱾
486,एकदम दिल चाहता है वाली फीलिंग्स आ रही हैं।,ᱱᱚᱶᱟᱫᱚ ᱮᱠᱟᱞ ᱫᱤᱞ ᱪᱟᱦᱟᱛᱟ ᱦᱮ ᱵᱷᱟᱭᱤᱵᱥ ᱾,ᱟᱹᱰᱤ ᱱᱟᱯᱟᱭ ᱢᱚᱱᱮ ᱦᱩᱭᱩᱜ ᱠᱟᱱᱟ ᱾
487,और यह आख़िरकार हो रहा है।,ᱟᱨ ᱢᱩᱪᱟᱹᱫ ᱦᱟᱹᱵᱤᱡᱛᱮ ᱱᱚᱶᱟᱫᱚ ᱦᱩᱭᱮᱱ ᱜᱮᱭᱟ ᱾,ᱟᱨ ᱢᱩᱪᱟᱹᱫ ᱫᱷᱟᱹᱵᱤᱡ ᱱᱚᱶᱟ ᱫᱚ ᱦᱩᱭᱩᱜ ᱠᱟᱱᱟ ᱾
488,काश यह कन्वर्टिबल होती और लाल भी!,ᱡᱩᱫᱤ ᱱᱚᱶᱟ ᱵᱚᱫᱚᱞᱚᱜ ᱞᱮᱠᱟᱱᱟᱜ ᱦᱩᱭ ᱠᱚᱜ ᱟᱨ ᱟᱨᱟᱜ ᱦᱚᱸ ᱦᱩᱭ ᱠᱚᱜᱼᱟ !,ᱟᱭᱢᱟᱜᱟᱱ ᱱᱚᱶᱟ ᱫᱚ ᱵᱚᱱᱚᱫᱚᱞ ᱦᱳᱭᱳᱜᱼᱟ ᱟᱨ ᱨᱮᱞᱰ ᱦᱚᱸ ᱦᱳᱭᱳᱜᱼᱟ ᱾
489,"हाँ, मुझे पता है, है ना?",ᱤᱧ ᱴᱷᱤᱠᱟᱹᱱᱤᱧ ᱵᱟᱰᱟᱭᱟ ?,"ᱦᱩᱭᱩᱜ ᱠᱟᱱᱟ, ᱤᱧ ᱵᱟᱰᱟᱭ ᱟᱠᱟᱱᱟ, ᱵᱟᱝ?"
490,कितना शानदार लग रहा है।,ᱟᱹᱰᱤ ᱦᱟᱦᱟᱲᱟ ᱵᱩᱡᱷᱟᱹᱜ ᱠᱟᱱᱟ ᱱᱚᱶᱟᱫᱚ ᱾,ᱱᱚᱶᱟ ᱫᱚ ᱪᱮᱫ ᱞᱮᱠᱟ ᱟᱹᱰᱤ ᱱᱟᱯᱟᱭ ᱢᱚᱱᱮ ᱦᱩᱭᱩᱜ ᱠᱟᱱᱟ ᱾
491,"तो, क्या इस जर्नी के लिए हमारे पास कोई प्लान है?","ᱮᱱᱠᱷᱟᱱ, ᱟᱞᱟᱝᱼᱟᱜ ᱪᱮᱫ ᱥᱟᱸᱜᱷᱟᱨ ᱨᱮᱭᱟᱜ ᱯᱞᱮᱱ ᱢᱮᱱᱟᱜᱼᱟ ?","ᱚᱱᱟᱛᱮ, ᱱᱚᱶᱟ ᱥᱟᱸᱜᱷᱟᱨ ᱞᱟᱹᱜᱤᱫ ᱤᱧᱟᱹᱜ ᱪᱮᱫ ᱡᱟᱦᱟᱱ ᱩᱭᱦᱟᱹᱨ ᱢᱮᱱᱟᱜᱼᱟ?"
492,"मुझे जज मत करने लगना, लेकिन यह मेरी पहली रोड ट्रिप है।","ᱟᱞᱚᱢ ᱵᱤᱪᱟᱹᱨᱤᱧᱟᱹ, ᱮᱱᱠᱷᱟᱱ ᱱᱚᱶᱟᱫᱚ ᱤᱧᱟᱹᱜ ᱯᱳᱭᱞᱳ ᱨᱳᱰ ᱴᱨᱤᱯ ᱠᱟᱱᱟ ᱾","ᱤᱧ ᱩᱭᱦᱟᱹᱨᱤᱭᱟᱹ ᱵᱟᱝ ᱦᱩᱭᱩᱜ ᱠᱟᱱᱟ, ᱢᱮᱱᱠᱷᱟᱱ ᱱᱚᱶᱟ ᱫᱚ ᱤᱧᱟᱹᱜ ᱯᱳᱭᱞᱳ ᱰᱟᱦᱟᱨ ᱥᱟᱸᱜᱷᱟᱨ ᱠᱟᱱᱟ ᱾"
493,हम सबसे अच्छी प्लेलिस्ट सुनेंगे जो मैंने कल रात को बनाई थी।,ᱦᱚᱞᱟ ᱧᱤᱫᱟᱹ ᱤᱧᱤᱧ ᱥᱮᱴ ᱟᱠᱟᱫ ᱥᱮᱨᱮᱧ ᱞᱟᱝ ᱟᱸᱡᱚᱢᱟ ᱾,ᱤᱧ ᱪᱟᱞᱟᱣᱮᱱ ᱧᱤᱫᱟᱹ ᱵᱮᱱᱟᱣ ᱟᱠᱟᱱ ᱥᱚᱨᱮᱥ ᱯᱮᱞᱮᱹᱞᱤᱥᱴ ᱫᱚ ᱤᱧ ᱵᱟᱰᱟᱭᱧᱟᱢᱚᱜᱼᱟ ᱾
494,बारी-बारी से ड्राइव करेंगे।,ᱰᱨᱟᱭᱵᱷᱤᱝ ᱨᱮ ᱟᱹᱜᱩᱭ ᱢᱮ ᱾,ᱰᱨᱟᱭᱤᱵᱷ ᱫᱚ ᱢᱤᱫ ᱛᱟᱭᱚᱢ ᱢᱤᱫ ᱪᱟᱞᱟᱣᱚᱜᱼᱟ ᱾
495,और सबसे अच्छी तस्वीरों के लिए रुकते हुए चलेंगे।,ᱟᱨ ᱡᱚᱛᱚᱠᱷᱚᱱ ᱦᱟᱦᱟᱲᱟ ᱟᱱᱟᱜ ᱪᱤᱛᱟᱹᱨ ᱞᱟᱹᱜᱤᱫ ᱛᱤᱸᱜᱩᱭ ᱢᱮ ᱾,ᱟᱨ ᱥᱚᱨᱮᱥ ᱪᱤᱛᱟᱹᱨ ᱞᱟᱹᱜᱤᱫ ᱛᱮ ᱵᱚᱱᱚᱫᱚᱞ ᱠᱟᱛᱮ ᱪᱟᱞᱟᱣ ᱢᱮ ᱾
496,क्योंकि रास्ते में बेहतरीन नज़ारे हैं।,ᱪᱮᱫᱟᱜ ᱥᱮ ᱦᱚᱨ ᱨᱮᱱᱟᱜ ᱵᱷᱤᱣᱩ ᱟᱹᱰᱤ ᱦᱟᱦᱟᱲᱟ ᱜᱮᱭᱟ ᱾,ᱪᱮᱫᱟᱜ ᱥᱮ ᱰᱟᱦᱟᱨ ᱨᱮ ᱟᱹᱰᱤ ᱱᱟᱯᱟᱭ ᱧᱮᱞ ᱧᱟᱢᱚᱜᱼᱟ ᱾
497,मुझे उम्मीद है कि तुम्हारे पास सारे बॉलीवुड रोड ट्रिप के गाने होंगे।,ᱤᱧ ᱟᱥᱚᱜ ᱠᱟᱱᱟ ᱟᱢᱴᱷᱮᱱ ᱥᱟᱱᱟᱢ ᱵᱚᱞᱤᱣᱩᱰ ᱨᱳᱰ ᱴᱨᱤᱯ ᱥᱮᱨᱮᱧ ᱠᱚ ᱢᱮᱱᱟᱜᱼᱟ ᱾,ᱤᱧ ᱟᱭᱩᱢᱟᱹᱱ ᱮᱫᱟ ᱡᱮ ᱟᱢᱢᱟᱨᱮ ᱵᱚᱞᱤᱭᱩᱰ ᱨᱮᱭᱟᱜ ᱥᱟᱱᱟᱢ ᱨᱳᱨᱰ ᱴᱨᱤᱯ ᱨᱮᱭᱟᱜ ᱥᱮᱨᱮᱧ ᱢᱮᱱᱟᱜᱼᱟ ᱾
498,और ज़ेड.एन.एम.डी. और दिल चाहता है के गानों के बिना कोई रोड ट्रिप हो ही नहीं सकती।,ᱡᱮᱰᱮᱱᱮᱢᱰᱤ ᱟᱨ ᱫᱤᱞ ᱪᱟᱦᱟᱛᱟ ᱦᱮ ᱥᱮᱨᱮᱧ ᱪᱷᱟᱰᱟ ᱚᱠᱟ ᱨᱳᱰ ᱴᱨᱤᱯ ᱜᱮ ᱵᱟᱝ ᱠᱟᱱᱟ ᱾,ᱟᱨ <ᱟᱭ ᱰᱤ 1>. ᱟᱨ 'ᱫᱟᱞ ᱪᱚᱭᱮ' ᱥᱮᱨᱮᱧ ᱵᱟᱝ ᱛᱟᱦᱮᱸ ᱠᱟᱛᱮ ᱡᱟᱦᱟᱱ ᱰᱟᱦᱟᱨ ᱥᱟᱸᱜᱷᱟᱨ ᱵᱟᱝ ᱦᱩᱭ ᱫᱟᱲᱮᱭᱟᱜᱼᱟ ᱾
499,बिल्कुल!,ᱮᱠᱟᱞ ᱛᱮᱜᱮ !,ᱜᱚᱴᱟ ᱜᱮ ᱾
500,मुझे लगता है कि बॉलीवुड ने हमें बिगाड़कर रख दिया है।,ᱤᱧᱟᱹᱜ ᱢᱚᱱᱮ ᱦᱩᱭᱩᱜ ᱠᱟᱱᱟ ᱵᱚᱞᱤᱣᱩᱰ ᱟᱵᱚᱭ ᱵᱟᱹᱲᱤᱡ ᱮᱫ ᱵᱚᱱᱟ ᱾,ᱤᱧ ᱢᱚᱱᱮ ᱦᱩᱭᱩᱜ ᱠᱟᱱᱟ ᱵᱚᱞᱤᱭᱩᱰ ᱫᱚ ᱤᱧᱟᱹᱜ ᱪᱮᱛᱟᱱ ᱨᱮ ᱜᱷᱟᱹᱞ ᱮ ᱫᱚᱦᱚ ᱟᱠᱟᱫᱟ ᱾
501,हम अपना हर अनुभव उससे कम्पेयर करने की कोशिश करते हैं।,ᱟᱞᱮ ᱱᱚᱶᱟ ᱥᱟᱶᱛᱮ ᱥᱟᱱᱟᱢ ᱵᱩᱡᱩᱱ ᱛᱩᱞᱟᱹᱡᱚᱠᱷᱟᱭ ᱨᱮᱭᱟᱜ ᱞᱮ ᱨᱤᱠᱟᱹᱭᱟ ᱾,ᱤᱧᱟᱹᱜ ᱥᱟᱱᱟᱢ ᱩᱯᱟᱹᱭ ᱚᱱᱟ ᱥᱟᱞᱟᱜ ᱠᱚ ᱥᱮᱞᱮᱫ ᱞᱟᱹᱜᱤᱫ ᱤᱧᱟᱹᱜ ᱨᱤᱠᱟᱹᱭ ᱠᱟᱱᱟ ᱾
502,लेकिन उसने कुछ स्टैंडर्ड भी बनाए हैं जो अच्छी बात है।,ᱢᱮᱱᱠᱷᱟᱱ ᱱᱚᱶᱟ ᱠᱤᱪᱷᱤ ᱢᱟᱹᱱᱮ ᱵᱟᱪᱷᱟᱣ ᱮᱫᱟ ᱡᱟᱦᱟᱸᱫᱚ ᱵᱷᱟᱜᱮ ᱜᱮᱭᱟ ᱾,ᱢᱮᱱᱠᱷᱟᱱ ᱩᱱᱤ ᱫᱚ ᱠᱤᱪᱷᱩᱜᱟᱱ ᱥᱟᱰᱟᱨᱰ ᱮ ᱵᱮᱱᱟᱣ ᱟᱠᱟᱫᱟ ᱡᱟᱦᱟᱸ ᱫᱚ ᱢᱤᱫᱴᱟᱝ ᱱᱟᱯᱟᱭ ᱠᱟᱹᱢᱤ ᱠᱟᱱᱟ ᱾
503,"ये लो, चलो इसे कनेक्ट करते हैं।","ᱱᱚᱸᱰᱮ, ᱱᱚᱶᱟ ᱞᱟᱜᱟᱣ ᱢᱮ ᱾","ᱱᱚᱶᱟ ᱦᱟᱛᱟᱣ ᱢᱮ, ᱟᱭᱢᱟᱜᱟᱱ ᱱᱚᱶᱟ ᱥᱟᱞᱟᱜ ᱡᱳᱜᱟᱡᱳᱜ ᱢᱮ ᱾"
504,मैं मानती हूँ! मेरी पूरी लाइफ़ बॉलीवुड के आस-पास घूमती है।,ᱤᱧ ᱨᱮᱵᱮᱱ ᱜᱮᱭᱟ ! ᱤᱧᱟᱹᱜ ᱜᱚᱴᱟ ᱡᱤᱭᱚᱱ ᱜᱮ ᱵᱚᱞᱤᱣᱩᱰ ᱨᱮ ᱾,ᱤᱧ ᱢᱚᱱᱮ ᱦᱩᱭᱩᱜ ᱠᱟᱱᱟ! ᱤᱧᱟᱹᱜ ᱥᱟᱱᱟᱢ ᱡᱤᱭᱚᱱ ᱵᱚᱞᱤᱭᱩᱰ ᱨᱮᱭᱟᱜ ᱥᱩᱨ ᱨᱮ ᱪᱟᱞᱟᱣ ᱟᱠᱟᱱᱟ ᱾
505,"तो, ड्राइव कितनी लंबी है?","ᱟᱫᱚ, ᱰᱨᱟᱭᱤᱵᱷ ᱛᱤᱱ ᱜᱷᱟᱹᱲᱤᱡ ?","ᱚᱱᱟᱛᱮ, ᱰᱨᱟᱭᱤᱵᱷ ᱫᱚ ᱛᱤᱱᱟᱹᱜ ᱡᱮᱹᱞᱮᱹᱧ?"
506,रास्ते में तस्वीरें लेने के अलावा भी हम कुछ कर सकते हैं क्या?,ᱯᱷᱚᱴᱳ ᱛᱩᱞᱟᱹᱣ ᱪᱷᱟᱰᱟ ᱦᱚᱨ ᱟᱨ ᱪᱮᱫ ᱵᱚ ᱪᱤᱠᱟᱹ ᱫᱟᱲᱮᱭᱟᱜᱼᱟ ?,ᱰᱟᱦᱟᱨ ᱨᱮ ᱪᱤᱛᱟᱹᱨ ᱦᱟᱛᱟᱣ ᱵᱮᱜᱚᱨ ᱟᱢ ᱪᱮᱫ ᱮᱴᱟᱜ ᱪᱮᱫ ᱠᱚᱨᱟᱣ ᱫᱟᱲᱮᱭᱟᱜᱼᱟ?
507,रुको! मुझे अभी समझ में आया कि तुमने कहा यह तुम्हारी पहली रोड ट्रिप है।,ᱛᱟᱹᱸᱜᱤᱭ ᱮᱢ ! ᱤᱧ ᱱᱮᱜᱼᱮ ᱜᱮᱧ ᱵᱩᱡᱷᱟᱹᱣ ᱠᱮᱫᱟ ᱡᱮ ᱟᱢᱮᱢ ᱞᱟᱹᱭᱮᱫ ᱛᱟᱦᱮᱸ ᱱᱚᱶᱟᱫᱚ ᱟᱢᱟᱜ ᱯᱳᱭᱞᱳ ᱨᱳᱰ ᱴᱨᱤᱯ ᱠᱟᱱᱟ ᱾,ᱵᱚᱱᱚᱫᱚᱞ ᱢᱮ! ᱤᱧ ᱱᱤᱛ ᱵᱟᱰᱟᱭ ᱧᱟᱢ ᱟᱠᱟᱫᱟ ᱡᱮ ᱟᱢ ᱞᱟᱹᱭ ᱟᱠᱟᱫᱟ ᱱᱚᱶᱟ ᱫᱚ ᱟᱢᱟᱜ ᱯᱳᱭᱞᱳ ᱰᱟᱦᱟᱨ ᱴᱨᱤᱯ ᱾
508,सच में?,ᱥᱟᱹᱨᱤᱜᱮ !,ᱜᱚᱴᱟ ᱜᱮ?
509,"अगर ऐसा है, तो हमें उसे यादगार बनाना होगा।","ᱡᱩᱫᱤ ᱚᱱᱟᱜᱮ ᱠᱟᱱᱟ, ᱟᱵᱳᱫᱚ ᱱᱚᱶᱟ ᱩᱭᱦᱟᱹᱨ ᱫᱚᱦᱚᱭ ᱞᱮᱠᱟ ᱠᱚᱨᱟᱣ ᱦᱩᱭᱩᱜ ᱛᱟᱵᱚᱱᱟ ᱾","ᱡᱩᱫᱤ ᱚᱱᱟ ᱜᱮ ᱦᱳᱭᱳᱜᱼᱟ, ᱮᱱᱠᱷᱟᱱ ᱟᱢ ᱫᱚ ᱩᱱᱤ ᱫᱚ ᱩᱭᱦᱟᱹᱨ ᱟᱱᱟᱜ ᱠᱚᱨᱟᱣ ᱦᱩᱭᱩᱜ ᱛᱟᱢᱟ ᱾"
510,तुम्हें ऐसा करना होगा! मैं चाहती हूँ कि यह अनुभव बेमिसाल हो।,ᱟᱢᱜᱮ ᱠᱚᱨᱟᱣ ᱦᱩᱭᱩᱜ ᱛᱟᱢᱟ ! ᱱᱚᱶᱟ ᱢᱤᱫ ᱩᱭᱦᱟᱹᱨᱟᱱᱟᱜ ᱵᱩᱡᱩᱱ ᱦᱩᱭᱩᱜ ᱢᱟᱧ ᱠᱷᱚᱡ ᱠᱟᱱᱟ ᱾,ᱟᱢ ᱱᱚᱶᱟ ᱠᱚᱨᱟᱣ ᱦᱩᱭᱩᱜ ᱛᱟᱢᱟ! ᱤᱧ ᱠᱷᱚᱡ ᱠᱟᱱᱟ ᱡᱮ ᱱᱚᱶᱟ ᱩᱯᱟᱹᱭ ᱫᱚ ᱵᱟᱝ ᱧᱮᱞᱟᱱ ᱦᱳᱭᱳᱜᱼᱟ ᱾
511,पता नहीं मुझे अगली बार ऐसा करना का मौका कब मिलेगा।,ᱤᱧ ᱵᱟᱹᱧ ᱵᱟᱰᱟᱭᱟ ᱱᱚᱶᱟ ᱟᱨᱦᱚᱸ ᱛᱤᱥᱤᱧ ᱠᱚᱨᱟᱣ ᱫᱟᱲᱮᱭᱟᱜᱼᱟ ᱾,ᱤᱧ ᱵᱟᱝ ᱵᱟᱰᱟᱭ ᱠᱟᱱᱟ ᱤᱧ ᱛᱟᱭᱚᱢ ᱫᱟᱨᱟᱢ ᱚᱠᱛᱮ ᱪᱮᱫ ᱚᱠᱛᱚ ᱱᱚᱣᱟ ᱠᱚᱨᱟᱣ ᱨᱮᱭᱟᱜ ᱫᱟᱣᱧ ᱧᱟᱢᱼᱟ ᱾
512,मैं ट्रेन और फ़्लाइट की ही ज़्यादा आदत है।,ᱤᱧᱫᱚ ᱨᱤᱞᱜᱟᱹᱰᱤ ᱟᱨ ᱩᱰᱟᱹᱱᱜᱟᱹᱰᱤᱨᱮ ᱫᱮᱡᱚᱜ ᱤᱧ ᱦᱮᱣᱟ ᱜᱮᱭᱟ ᱾,ᱤᱧ ᱫᱚ ᱴᱨᱤᱱ ᱟᱨ ᱯᱷᱞᱟᱭᱤᱴ ᱨᱮᱭᱟᱜ ᱡᱟᱹᱥᱛᱤ ᱵᱮᱣᱦᱟᱨᱚᱜᱼᱟ ᱾
513,वे ज़्यादा आरामदेह नहीं लगतीं क्या?,ᱚᱱᱟᱠᱚᱫᱚ ᱟᱨᱦᱚᱸ ᱥᱩᱵᱤᱰᱟ ᱜᱮᱭᱟ ᱥᱮ ᱵᱟᱝ ?,ᱩᱱᱠᱩ ᱫᱚ ᱪᱮᱫ ᱟᱹᱰᱤ ᱱᱟᱯᱟᱭ ᱵᱟᱝ ᱧᱮᱞᱚᱜᱼᱟ?
514,ख़ासतौर पर जब ट्रिप बहुत छोटी हो।,ᱠᱷᱟᱥ ᱠᱟᱛᱮᱜ ᱡᱚᱠᱷᱚᱱ ᱴᱨᱤᱯ ᱠᱷᱟᱴᱚ ᱧᱚᱜ ᱦᱩᱭᱩᱜᱼᱟ ᱾,ᱵᱤᱥᱮᱥᱠᱟᱭᱛᱮ ᱡᱚᱠᱷᱚᱱ ᱴᱨᱤᱯ ᱟᱹᱰᱤ ᱦᱩᱰᱤᱧ ᱦᱩᱭᱩᱜᱼᱟ ᱾
515,मुझे रोड ट्रिप कहीं ज़्यादा आरामदेह लगती हैं।,ᱤᱧᱫᱚ ᱟᱨᱦᱚᱸ ᱥᱩᱵᱤᱫᱟᱼᱟᱜ ᱨᱳᱰ ᱴᱨᱤᱯ ᱩᱯᱟᱹᱭᱤᱧ ᱯᱟᱸᱡᱟᱭᱟ ᱾,ᱤᱧ ᱰᱟᱦᱟᱨ ᱴᱨᱤᱯ ᱫᱚ ᱟᱨᱦᱚᱸ ᱱᱟᱯᱟᱭ ᱢᱚᱱᱮ ᱦᱩᱭᱩᱜ ᱠᱟᱱᱟ ᱾
516,और उससे तुम्हें वाकई छुट्टियों का एहसास होता है।,ᱟᱨ ᱩᱱᱠᱩᱫᱚ ᱟᱢ ᱢᱤᱫ ᱪᱷᱩᱴᱤ ᱨᱮᱠᱚ ᱵᱚᱫᱚᱞ ᱢᱮᱭᱟ ᱾,ᱟᱨ ᱱᱚᱶᱟ ᱫᱚ ᱟᱢ ᱫᱚ ᱜᱚᱴᱟ ᱜᱮ ᱪᱷᱟᱹᱲ ᱨᱮᱭᱟᱜ ᱩᱭᱦᱟᱹᱨ ᱮ ᱮᱢᱼᱟ ᱾
517,तो तुम ज़्यादा रिलैक्स महसूस कर सकती हो।,ᱚᱱᱟᱛᱮ ᱟᱢ ᱟᱨᱦᱚᱸ ᱵᱷᱟᱜᱮᱢ ᱵᱩᱡᱼᱟ ᱾,ᱚᱱᱟᱛᱮ ᱟᱢ ᱟᱨᱦᱚᱸ ᱱᱟᱯᱟᱭ ᱢᱚᱱᱮ ᱦᱩᱭ ᱫᱟᱲᱮᱭᱟᱜᱼᱟ ᱾
518,"फ़्लाइट से तो बस उड़े, और...लो..पहुँच गए!",ᱥᱟᱶᱛᱮ ᱩᱰᱟᱹᱱᱜᱟᱹᱰᱤᱹᱹᱹᱹᱹᱵᱩᱢᱹᱹᱹᱹᱹᱹᱟᱢ ᱚᱱᱰᱮ !,"ᱯᱷᱞᱟᱭᱤᱴ ᱠᱷᱚᱱ ᱥᱩᱢᱩᱝ ᱪᱟᱞᱟᱣ ᱮᱱᱟ, ᱟᱨ... ᱞᱳ ᱾ ᱾ ᱾ ᱾ ᱾ ᱾ ᱾ ᱾ ᱾ ᱾ ᱾ ᱾ ᱾ ᱾ ᱾ ᱾ ᱾ ᱾ ᱾ ᱾ ᱾ ᱾ ᱾ ᱾ ᱾ ᱾ ᱾ ᱾ ᱾ ᱾ ᱾ ᱾ ᱾ ᱾ ᱾ ᱾ ᱾ ᱾ ᱾ ᱾ ᱾ ᱾ ᱾ ᱾ ᱾ ᱾ ᱾ ᱾ ᱾ ᱾ ᱾ ᱾ ᱾ ᱾ ᱾ ᱾ ᱾ ᱾ ᱾ ᱾ ᱾ ᱾ ᱾ ᱾ ᱾ ᱾ ᱾ ᱾ ᱾ ᱾ ᱾ ᱾ ᱾ ᱾ ᱾ ᱾ ᱾ ᱾ ᱾ ᱾ ᱾ ᱾ ᱾ ᱾ ᱾ ᱾ ᱾ ᱾ ᱾ ᱾ ᱾ ᱾ ᱾ ᱾ ᱾ ᱾ ᱾ ᱾ ᱾ ᱾ ᱾ ᱾ ᱾ ᱾ ᱾ ᱾ ᱾ ᱾ ᱾ ᱾ ᱾ ᱾ ᱾ ᱾ ᱾"
519,ट्रेनें फिर भी ठीक हैं।,ᱨᱤᱞᱜᱟᱹᱰᱤ ᱠᱚᱫᱚ ᱱᱤᱛᱦᱚᱸ ᱵᱷᱟᱜᱮ ᱝᱮᱭᱟ ᱾,ᱴᱨᱤᱱ ᱠᱚᱫᱚ ᱱᱤᱛᱦᱚᱸ ᱱᱟᱯᱟᱭ ᱠᱟᱱᱟ ᱾
520,"वो तो है, लेकिन रोड ट्रिप में आधी छुट्टियाँ रोड पर निकल जाती हैं।","ᱚᱱᱟᱫᱚ ᱢᱮᱱᱟᱜᱼᱟ, ᱢᱮᱱᱠᱷᱟᱱ ᱨᱳᱰ ᱴᱨᱤᱯ ᱨᱮᱫᱚ, ᱟᱫᱷᱟ ᱪᱷᱩᱴᱤ ᱫᱚ ᱦᱚᱨ ᱨᱮᱜᱮ ᱪᱟᱞᱟᱜᱼᱟ ᱾","ᱚᱱᱟ ᱜᱮ ᱦᱩᱭᱩᱜ ᱠᱟᱱᱟ, ᱢᱮᱱᱠᱷᱟᱱ ᱰᱟᱦᱟᱨ ᱴᱨᱤᱯ ᱨᱮ, ᱪᱷᱟᱹᱲ ᱨᱮᱭᱟᱜ ᱛᱟᱞᱟ ᱰᱟᱦᱟᱨ ᱨᱮ ᱪᱟᱞᱟᱣᱚᱜᱼᱟ ᱾"
521,लेकिन मुझे लगता है कि दोनों के अपनी-अपनी खूबियाँ हैं।,ᱢᱮᱱᱠᱷᱟᱱ ᱤᱧᱟᱹᱱ ᱚᱱᱢᱟᱱ ᱵᱟᱱᱟᱨ ᱨᱮᱭᱟᱜ ᱜᱮ ᱟᱯᱱᱟᱨ ᱥᱩᱵᱤᱫᱟ ᱢᱮᱱᱟᱜᱼᱟ ᱾,ᱢᱮᱱᱠᱷᱟᱱ ᱤᱧ ᱢᱚᱱᱮ ᱦᱩᱭᱩᱜ ᱠᱟᱱᱟ ᱵᱟᱱᱟᱨ ᱨᱮᱭᱟᱜ ᱜᱮ ᱟᱡᱟᱜ ᱱᱟᱯᱟᱭ ᱢᱮᱱᱟᱜᱼᱟ ᱾
522,देखते हैं रोड ट्रिप को लेकर गोवा मेरा नज़रिया बदलता है या नहीं।,ᱧᱮᱞ ᱞᱮᱱᱜᱮ ᱜᱚᱣᱟ ᱨᱳᱰ ᱴᱨᱤᱯ ᱵᱟᱨᱮᱛᱮ ᱤᱧᱟᱹᱜ ᱩᱭᱦᱟᱹᱨ ᱵᱷᱟᱵᱱᱟᱭ ᱵᱚᱫᱚᱞᱟ ᱥᱮ ᱵᱟᱝ ᱾,"ᱧᱮᱞ ᱢᱮ, ᱜᱳᱭᱟ ᱰᱟᱦᱟᱨ ᱴᱨᱤᱯ ᱤᱫᱤ ᱠᱟᱛᱮ ᱤᱧᱟᱹᱜ ᱩᱭᱦᱟᱹᱨ ᱵᱚᱱᱚᱫᱚᱞ ᱟᱠᱟᱱᱟ ᱥᱮ ᱵᱟᱝ ᱾"
523,ये तुम्हें बदल देगी।,ᱱᱚᱶᱟᱫᱚ ᱟᱢᱮ ᱵᱚᱫᱚᱞ ᱢᱮᱭᱟ ᱾,ᱱᱚᱶᱟ ᱫᱚ ᱟᱢ ᱵᱚᱱᱚᱫᱚᱞᱼᱟ ᱾
524,"लेकिन पहले, हमें एक छोटा-सा स्टॉप लेना होगा।","ᱢᱮᱱᱠᱷᱟᱱ ᱯᱳᱭᱞᱳ ᱨᱮ, ᱟᱵᱳ ᱢᱤᱫᱴᱟᱝ ᱯᱤᱴ ᱥᱴᱚᱯ ᱠᱚᱨᱟᱣ ᱦᱩᱭᱩᱜ ᱛᱟᱵᱚᱱᱟ ᱾","ᱢᱮᱱᱠᱷᱟᱱ ᱯᱳᱭᱞᱳ ᱨᱮ, ᱤᱧᱟᱹᱜ ᱢᱤᱫᱴᱟᱝ ᱦᱩᱰᱤᱧ ᱥᱴᱚᱯ ᱦᱟᱛᱟᱣ ᱦᱩᱭᱩᱜ ᱛᱟᱢᱟ ᱾"
525,बहुत मज़ा आने वाला है।,ᱟᱹᱰᱤ ᱨᱟᱥᱠᱟᱹ ᱟᱱᱟᱜ ᱦᱩᱭᱩᱜ ᱛᱮ ᱪᱟᱞᱟᱜ ᱠᱟᱱᱟ ᱾,ᱟᱹᱰᱤ ᱱᱟᱯᱟᱭ ᱦᱩᱭᱩᱜ ᱠᱟᱱᱟ ᱾
526,"तुम पेट्रोल भरवाओ, तब तक मैं बाहर कुछ तस्वीरें ले लेती हूँ।",ᱤᱧ ᱵᱟᱨᱦᱮ ᱨᱮ ᱠᱤᱪᱷᱤ ᱯᱷᱚᱴᱚ ᱛᱩᱞᱟᱹᱣ ᱟᱪᱚᱣᱟᱹᱧ ᱢᱮ ᱡᱚᱠᱷᱚᱱ ᱟᱢᱮᱢ ᱡᱩᱞᱟ ᱾,"ᱟᱢ ᱯᱮᱴᱨᱳᱞ ᱯᱮᱨᱮᱪ ᱢᱮ, ᱡᱟᱦᱟᱸ ᱦᱟᱹᱵᱤᱡ ᱵᱟᱝ ᱤᱧ ᱠᱤᱪᱷᱩᱜᱟᱱ ᱪᱤᱛᱟᱹᱨ ᱦᱟᱛᱟᱣ ᱮᱫᱟ ᱾"
527,"हाय, मैंने सुना कि तुम्हारा भाई ए.पी. ढिल्लों के कॉन्सर्ट आयोजकों को जानता है।","ᱮᱭ, ᱤᱧ ᱟᱸᱡᱚᱢᱠᱮᱫᱟ ᱟᱢᱨᱮᱱ ᱵᱚᱭᱦᱟ ᱫᱚ ᱠᱚᱱᱥᱟᱨᱴ ᱥᱟᱥᱟᱯᱲᱟᱣᱠᱩᱭ ᱩᱨᱩᱢ ᱠᱚᱣᱟ ᱾","ᱦᱟᱭ, ᱤᱧ ᱵᱟᱰᱟᱭ ᱧᱟᱢ ᱟᱠᱟᱫᱟ ᱡᱮ, ᱟᱢᱨᱮᱱ ᱵᱚᱭᱦᱟ ᱮᱯᱤ ᱫᱟᱞᱞᱟ ᱨᱮᱱ ᱠᱚᱱᱥᱟᱨᱴ ᱥᱟᱯᱲᱟᱣᱤᱡ ᱠᱚ ᱵᱟᱰᱟᱭᱚᱜᱼᱟ ᱾"
528,"मैं बहुत समय से कुछ पास लेने की कोशिश कर रहा हूँ, लेकिन मुझे अभी तक नहीं मिले।","ᱟᱭᱢᱟ ᱫᱤᱱ ᱠᱷᱚᱱ ᱤᱧ ᱫᱚ ᱠᱤᱪᱷᱩ ᱯᱟᱥ ᱨᱮᱭᱟᱜᱤᱧ ᱥᱮᱸᱫᱨᱟᱭᱮᱫᱟ, ᱢᱮᱱᱠᱷᱟᱱ ᱱᱤᱛ ᱦᱚᱸ ᱵᱟᱹᱧ ᱧᱟᱢᱟᱠᱟᱫᱟ ᱾","ᱤᱧ ᱟᱭᱢᱟ ᱫᱤᱱ ᱠᱷᱚᱱ ᱠᱤᱪᱷᱩᱜᱟᱱ ᱯᱟᱥ ᱦᱟᱛᱟᱣ ᱨᱮᱭᱟᱜ ᱮ ᱨᱤᱠᱟᱹ ᱟᱠᱟᱫᱟ, ᱢᱮᱱᱠᱷᱟᱱ ᱱᱤᱛᱦᱚᱸ ᱵᱟᱝ ᱧᱟᱢ ᱟᱠᱟᱫᱟ ᱾"
529,"क्या तुम मेरी मदद करोगे, प्लीज़?","ᱫᱟᱭᱟᱠᱟᱛᱮ, ᱟᱢ ᱠᱤᱢ ᱜᱚᱲᱚ ᱫᱟᱲᱤᱭᱟᱹᱧᱟ ?","ᱟᱢ ᱠᱤ ᱤᱧ ᱜᱚᱲᱚ ᱮᱢ ᱢᱮ, ᱫᱟᱭᱟ ᱠᱟᱛᱮ?"
530,"हाँ, वो आयोजकों की टीम में भी है।","ᱦᱮᱸ, ᱩᱱᱤ ᱫᱚ ᱥᱟᱥᱟᱯᱲᱟᱣᱟᱜ ᱜᱟᱫᱮᱞ ᱨᱮᱦᱚᱸ ᱩᱱᱤ ᱫᱚ ᱢᱮᱱᱟᱭᱟ ᱾","ᱦᱩᱭᱩᱜ ᱠᱟᱱᱟ, ᱩᱱᱤ ᱫᱚ ᱥᱟᱯᱲᱟᱣᱤᱡ ᱜᱟᱫᱮᱞ ᱨᱮ ᱦᱚᱸ ᱢᱮᱱᱟᱜᱼᱟ ᱾"
531,मैं उससे पूछूँगी कि कोई एक्स्ट्रा टिकट हैं या नहीं।,ᱵᱟᱹᱲᱛᱤ ᱴᱤᱠᱤᱴ ᱢᱮᱱᱟᱜᱼᱟ ᱥᱮ ᱵᱟᱝ ᱩᱱᱤᱧ ᱠᱩᱞᱤᱭᱮᱭᱟ ᱾,"ᱤᱧ ᱩᱱᱤ ᱵᱟᱰᱟᱭᱧᱟᱢᱼᱟ ᱡᱮ, ᱡᱟᱦᱟᱱ ᱟᱹᱰᱤ ᱰᱷᱮᱨ ᱴᱤᱠᱤᱴ ᱢᱮᱱᱟᱜᱼᱟ ᱥᱮ ᱵᱟᱝ ᱾"
532,तुम्हें कितने टिकट चाहिए?,ᱛᱤᱱᱟᱹᱜ ᱜᱟᱱ ᱴᱤᱠᱤᱴ ᱟᱢ ᱫᱚᱢ ᱠᱷᱚᱡᱽᱚᱜ ᱠᱟᱱᱟ ?,ᱟᱢ ᱛᱤᱱᱟᱹᱜ ᱴᱤᱠᱤᱴ ᱠᱷᱚᱡ ᱠᱟᱱᱟ?
533,"मुझे पाँच टिकट चाहिए, अपने और अपने दोस्तों के लिए।","ᱤᱧ ᱫᱚ ᱢᱚᱸᱲᱮ ᱜᱚᱴᱮᱱ ᱴᱤᱠᱤᱴᱤᱧ ᱠᱷᱚᱡᱚᱜ ᱠᱟᱱᱟ, ᱤᱧ ᱞᱟᱹᱜᱤᱫ ᱟᱨ ᱤᱧᱨᱮᱱ ᱜᱟᱛᱤ ᱞᱟᱹᱜᱤᱫ ᱾",ᱤᱧ ᱟᱨ ᱤᱧᱨᱮᱱ ᱜᱟᱛᱮ ᱠᱚ ᱞᱟᱹᱜᱤᱫ ᱤᱧ ᱢᱚᱬᱮ ᱜᱚᱴᱟᱝ ᱴᱤᱠᱤᱴ ᱠᱷᱚᱡ ᱠᱟᱱᱟ ᱾
534,"जब हमने प्लान किया था, तब एक टिकट करीब 10 हजार का था।",ᱟᱞᱮᱞᱮ ᱜᱚᱴᱟᱞᱮᱫ ᱚᱠᱛᱮ ᱢᱤᱫᱴᱟᱝ ᱴᱤᱠᱤᱴ ᱨᱮᱭᱟᱜ ᱜᱚᱱᱚᱝ ᱫᱚ ᱑᱐ ᱦᱟᱡᱟᱨ ᱛᱟᱦᱮᱸᱠᱟᱱᱟ ᱾,ᱤᱧᱟᱹᱜ ᱩᱭᱦᱟᱹᱨ ᱚᱠᱛᱚ ᱢᱤᱫᱴᱟᱝ ᱴᱤᱠᱤᱴ ᱛᱟᱦᱮᱸ ᱠᱟᱱᱟ ᱚᱱᱢᱟᱱ 10k ᱾
535,लेकिन सुना है कि अब वो 35 हजार से 40 हजार में बेच रहे हैं।,"ᱢᱮᱱᱠᱷᱟᱱ ᱟᱸᱡᱚᱢ ᱠᱤᱫᱟᱹᱧ, ᱱᱤᱛᱚᱜ ᱚᱱᱟ ᱫᱚ ᱟᱹᱠᱷᱨᱤᱧᱚᱜ ᱠᱟᱱᱟ ᱓᱕ ᱠᱷᱚᱱ ᱔᱐ ᱦᱟᱡᱟᱨᱛᱮ ᱾","ᱢᱮᱱᱠᱷᱟᱱ ᱵᱟᱰᱟᱭ ᱧᱟᱢ ᱟᱠᱟᱱᱟ ᱡᱮ, ᱩᱱᱠᱩ ᱫᱚ ᱱᱤᱛ 35k ᱠᱷᱚᱱ 40k ᱨᱮ ᱟᱹᱠᱷᱨᱤᱧ ᱦᱩᱭᱩᱜ ᱠᱟᱱᱟ ᱾"
536,तुम कीमत भी कन्फ़र्म कर सकते हो क्या?,ᱟᱢ ᱫᱚ ᱪᱮᱫ ᱜᱚᱱᱚᱝ ᱦᱚᱸᱢ ᱴᱷᱟᱹᱣᱠᱟᱹ ᱫᱟᱲᱮᱭᱟᱜᱼᱟ ?,ᱟᱢ ᱪᱮᱫ ᱜᱚᱱᱚᱝ ᱦᱚᱸ ᱵᱟᱰᱟᱭ ᱫᱟᱲᱮᱭᱟᱜᱼᱟ?
537,"असल में आयोजकों ने जो अनुमान लगाया था, वो कुछ हद तक बढ़ गया है।",ᱠᱷᱚᱨᱚᱪ ᱫᱚ ᱟᱥᱚᱞᱨᱮ ᱥᱟᱥᱟᱯᱲᱟᱣᱠᱩᱣᱟᱜ ᱦᱤᱥᱟᱹᱵ ᱠᱷᱚᱱ ᱠᱟᱹᱴᱤᱡᱽ ᱡᱟᱹᱥᱛᱤ ᱪᱟᱞᱟᱣᱟᱠᱟᱱᱟ ᱾,"ᱥᱟᱯᱲᱟᱣᱤᱭᱟᱹ ᱠᱚ ᱡᱟᱦᱟᱸ ᱯᱚᱨᱤᱢᱟᱱ ᱠᱚ ᱩᱭᱦᱟᱹᱨ ᱞᱮᱫᱟ, ᱚᱱᱟ ᱫᱚ ᱠᱤᱪᱷᱩ ᱜᱟᱱ ᱜᱮ ᱵᱟᱹᱲᱛᱤ ᱟᱠᱟᱱᱟ ᱾"
538,लेकिन वो इतने भी महँगे नहीं हैं जैसा तुम बता रहे हो।,ᱢᱮᱱᱠᱷᱟᱱ ᱚᱱᱟ ᱫᱚ ᱟᱢᱮᱢ ᱢᱮᱱᱮᱫᱞᱮᱠᱟ ᱫᱚ ᱵᱟᱝ ᱜᱚᱱᱚᱝ ᱟ ᱾,ᱢᱮᱱᱠᱷᱟᱱ ᱟᱢ ᱡᱟᱦᱟᱸ ᱞᱟᱹᱭ ᱟᱠᱟᱫᱟ ᱚᱱᱟ ᱞᱮᱠᱟ ᱱᱚᱶᱟ ᱠᱚᱫᱚ ᱜᱚᱱᱚᱝᱟᱱ ᱵᱟᱝ ᱠᱟᱱᱟ ᱾
539,"कुछ एजेंट हैं जो ब्लैक में टिकट बेच रहे हैं, तो हो सकता है कि तुमने उनसे सुना हो।","ᱠᱤᱪᱷᱩ ᱮᱡᱮᱱᱴ ᱡᱟᱦᱟᱸᱭ ᱫᱚ ᱵᱞᱟᱠᱛᱮ ᱠᱩ ᱟᱹᱠᱷᱨᱤᱧᱮᱫᱟ, ᱚᱱᱟᱛᱮ ᱩᱝᱠᱩ ᱴᱷᱮᱱ ᱠᱷᱚᱱ ᱡᱟᱹᱱᱤᱡᱽᱮᱢ ᱟᱸᱡᱚᱢᱟᱠᱟᱫᱟ ᱾","ᱠᱟᱹᱪ ᱮᱡᱮᱱᱴ ᱢᱮᱱᱟᱜ ᱠᱚᱣᱟ ᱡᱟᱦᱟᱸᱭ ᱠᱚ ᱵᱞᱟᱠ ᱨᱮ ᱴᱤᱠᱤᱴ ᱠᱚ ᱟᱹᱠᱷᱨᱤᱧ ᱮᱫᱟ, ᱚᱱᱟᱛᱮ ᱟᱢ ᱦᱩᱭᱫᱟᱲᱮᱭᱟᱜᱼᱟ ᱩᱱᱠᱩ ᱴᱷᱮᱱ ᱠᱷᱚᱱ ᱵᱟᱰᱟᱭ ᱧᱟᱢ ᱟᱠᱟᱫᱟ ᱾"
540,एक टिकट 8 हज़ार का है।,ᱴᱤᱠᱤᱴ ᱨᱮᱭᱟᱜ ᱜᱚᱱᱚᱝ ᱫᱚ ᱦᱚᱲ ᱯᱤᱪᱷᱟᱹ ᱘ ᱦᱟᱡᱟᱨ ᱾,ᱢᱤᱫᱴᱟᱝ ᱴᱤᱠᱤᱴ ᱨᱮᱭᱟᱜ ᱜᱚᱱᱚᱝ 8k ᱾
541,लेकिन मुझे डाउट है कि मैं इस समय 5 टिकट अरेंज कर सकूंगी।,ᱢᱮᱱᱠᱷᱟᱱ ᱤᱧᱟᱜ ᱦᱤᱸᱫᱤᱡᱽ ᱤᱧ ᱫᱚ ᱱᱤᱭᱟᱹ ᱚᱠᱛᱚ ᱕ ᱜᱚᱴᱮᱡᱽ ᱴᱤᱠᱤᱴᱤᱧ ᱡᱚᱜᱟᱲ ᱫᱟᱲᱮᱭᱟᱜᱼᱟ ᱾,"ᱢᱮᱱᱠᱷᱟᱱ ᱤᱧ ᱱᱚᱣᱟ ᱠᱟᱛᱷᱟ ᱛᱮ ᱠᱷᱮᱹᱞᱳᱰᱚᱜ ᱠᱟᱱᱟ ᱡᱮ, ᱤᱧ ᱱᱚᱶᱟ ᱚᱠᱛᱮ ᱨᱮ 5 ᱜᱚᱴᱟᱝ ᱴᱤᱠᱤᱴ ᱮᱢ ᱫᱚᱦᱚ ᱫᱟᱲᱮᱭᱟᱜᱼᱟ ᱾"
542,तुम बिल्कुल सही कह रही हो कि दलाल ही हैं जो कीमतें बढ़ा देते हैं।,ᱟᱢ ᱫᱚ ᱠᱷᱟᱹᱴᱤᱜᱤ ᱴᱷᱤᱠᱮᱢ ᱞᱟᱹᱭᱟᱠᱟᱫᱟ ᱡᱮ ᱢᱤᱰᱤᱞᱢᱮᱱᱠᱩ ᱜᱤ ᱜᱚᱱᱚᱝ ᱫᱚ ᱠᱩ ᱵᱟᱹᱲᱛᱤᱭᱟᱠᱟᱫᱟ ᱾,"ᱟᱢ ᱫᱚ ᱜᱚᱴᱟ ᱞᱮᱠᱟᱛᱮ ᱞᱟᱹᱭ ᱟᱠᱟᱫᱟ ᱡᱮ, ᱱᱚᱶᱟ ᱫᱚ ᱦᱩᱭᱩᱜ ᱠᱟᱱᱟ ᱵᱨᱚᱠᱟᱨ ᱠᱚ ᱡᱟᱦᱟᱸᱭ ᱠᱚ ᱜᱚᱱᱚᱝ ᱠᱚ ᱵᱟᱹᱲᱛᱤᱼᱟ ᱾"
543,ये सब आयोजकों तक नहीं जाता है लेकिन इससे कीमतें बहुत प्रभावित होती हैं।,ᱚᱱᱟ ᱫᱚ ᱥᱟᱥᱟᱯᱲᱟᱣᱠᱩ ᱴᱷᱮᱱ ᱫᱚ ᱵᱟᱝ ᱪᱟᱞᱟᱜᱼᱟ ᱢᱮᱱᱠᱷᱟᱱ ᱜᱚᱱᱚᱝ ᱫᱚ ᱟᱹᱰᱤᱜᱤᱭ ᱮᱥᱮᱲᱟ ᱾,"ᱱᱚᱶᱟ ᱥᱟᱱᱟᱢᱟᱜ ᱥᱟᱯᱲᱟᱣᱤᱭᱟᱹ ᱠᱚ ᱴᱷᱮᱱ ᱵᱟᱝ ᱪᱟᱞᱟᱣᱚᱜᱼᱟ, ᱢᱮᱱᱠᱷᱟᱱ ᱱᱚᱶᱟ ᱨᱮᱭᱟᱜ ᱜᱚᱱᱚᱝ ᱟᱹᱰᱤ ᱰᱷᱮᱨ ᱮᱥᱮᱨᱚᱜᱼᱟ ᱾"
544,फैन पागल होते हैं कि वो तब भी उनसे ख़रीद लेते हैं।,ᱯᱷᱮᱱᱠᱩ ᱫᱚ ᱱᱩᱱᱟᱹᱜ ᱯᱟᱜᱞᱟ ᱡᱮ ᱩᱝᱠᱩ ᱴᱷᱮᱱᱜᱤ ᱠᱩ ᱦᱟᱛᱟᱣᱟ ᱾,ᱯᱷᱮᱱᱥ ᱠᱚ ᱩᱱᱦᱚᱸ ᱩᱱᱠᱩ ᱴᱷᱮᱱ ᱠᱷᱚᱱ ᱠᱤᱨᱤᱧ ᱞᱟᱹᱜᱤᱫ ᱠᱚ ᱜᱷᱟᱹᱞ ᱞᱮᱱᱟ ᱾
545,मैं इसी कारण से अपना प्लान छोड़ने वाला था लेकिन मुझे तुम्हारी याद आ गई।,"ᱚᱱᱟ ᱠᱷᱟᱹᱛᱤᱨ ᱤᱧ ᱫᱚ ᱯᱩᱨᱟᱹ ᱯᱞᱮᱱᱜᱤᱧ ᱵᱟᱹᱛᱤᱞᱮᱫᱠᱟᱱ ᱛᱟᱦᱮᱸᱠᱟᱱᱟ, ᱢᱮᱱᱠᱷᱟᱱ ᱩᱱ ᱚᱠᱛᱮᱜᱤ ᱟᱢᱟᱜ ᱠᱟᱛᱷᱟᱧ ᱫᱤᱥᱟᱹᱠᱮᱫᱟ ᱾","ᱱᱚᱶᱟ ᱚᱡᱮᱛᱮ ᱤᱧ ᱤᱧᱟᱹᱜ ᱩᱭᱦᱟᱹᱨ ᱵᱚᱱᱚᱫᱚᱞ ᱦᱩᱭᱩᱜ ᱠᱟᱱ ᱛᱟᱸᱦᱮ, ᱢᱮᱱᱠᱷᱟᱱ ᱤᱧ ᱟᱢ ᱫᱚ ᱵᱟᱝ ᱧᱮᱞᱧᱟᱢ ᱟᱠᱟᱱᱟ ᱾"
546,"अगर 5 लेना मुश्किल है, तो क्या तुम कम से कम 2 के लिए ट्राई कर सकते हो?","᱕ ᱜᱚᱴᱮᱡᱽ ᱧᱟᱢ ᱢᱩᱥᱠᱤᱞ ᱦᱩᱭᱩᱜ ᱠᱷᱟᱱ, ᱠᱚᱢᱼᱥᱮᱼᱠᱚᱢ ᱵᱟᱨᱮᱭᱟᱢ ᱒ ᱧᱟᱢ ᱫᱟᱲᱮᱭᱟᱹᱧᱟ ?","ᱡᱩᱫᱤ 5 ᱦᱟᱛᱟᱣ ᱫᱚ ᱟᱱᱟᱴ ᱦᱳᱭᱳᱜᱼᱟ, ᱮᱱᱠᱷᱟᱱ ᱟᱢ ᱠᱤ ᱠᱚᱢ ᱠᱷᱚᱱ ᱠᱚᱢ 2 ᱞᱟᱹᱜᱤᱫ ᱮ ᱵᱤᱰᱟᱹᱣ ᱫᱟᱲᱮᱭᱟᱜᱼᱟ?"
547,2 टिकट अरेंज हो सकती हैं।,᱒ ᱴᱤᱠᱤᱴ ᱫᱚᱧ ᱡᱚᱜᱟᱲ ᱫᱟᱲᱮᱭᱟᱜᱼᱟ ᱾,2 ᱜᱚᱴᱟᱝ ᱴᱤᱠᱤᱴ ᱮᱢ ᱦᱩᱭ ᱫᱟᱲᱮᱭᱟᱜᱼᱟ ᱾
548,मैं अपने भाई से पूछूँगी और जल्द ही तुम्हारे लिए टिकट ले लूँगी।,ᱤᱧ ᱵᱚᱭᱦᱟ ᱠᱩᱞᱤᱠᱟᱛᱮ ᱟᱹᱰᱤ ᱩᱥᱟᱹᱨᱟᱜᱤ ᱴᱤᱠᱤᱴᱠᱩ ᱟᱢᱟᱜ ᱛᱤ ᱨᱮᱧ ᱮᱢᱟᱢᱟ ᱾,ᱤᱧ ᱤᱧᱟᱹᱜ ᱵᱚᱭᱦᱟ ᱴᱷᱮᱱ ᱤᱧᱟᱹᱜ ᱴᱤᱠᱤᱴ ᱦᱟᱛᱟᱣ ᱞᱟᱹᱜᱤᱫ ᱤᱧ ᱤᱧᱟᱹᱜ ᱵᱳᱭ ᱴᱷᱮᱱ ᱤᱧᱟᱹᱜ ᱵᱳᱭ ᱴᱷᱮᱱ ᱤᱧᱟᱹᱜ ᱵᱳᱭ ᱴᱷᱮᱱ ᱤᱧᱟᱹᱜ ᱵᱳᱭ ᱴᱷᱮᱱ ᱤᱧᱟᱹᱜ ᱵᱳᱭ ᱴᱷᱮᱱ ᱤᱧᱟᱹᱜ ᱵᱳᱭ ᱴᱷᱮᱱ ᱤᱧᱟᱹᱜ ᱵᱳᱭ ᱴᱷᱮᱱ ᱤᱧᱟᱹᱜ ᱵᱳᱭ ᱴᱷᱮᱱ ᱤᱧᱟᱹᱜ ᱵᱚᱭᱦᱟ ᱴᱷᱮᱱ ᱤᱧᱟᱹᱜ ᱵᱳᱭ ᱴᱷᱮᱱ ᱤᱧᱟᱹᱜ ᱵᱚᱭᱦᱟ ᱴᱷᱮᱱ ᱤᱧᱟᱹᱜ ᱵᱚᱭᱦᱟ ᱴᱷᱮᱱ ᱤᱧᱟᱹᱜ ᱵᱚᱭᱦᱟ ᱴᱷᱮᱱ ᱤᱧᱟᱹᱜ ᱵᱚᱭᱦᱟ ᱴᱷᱮᱱ ᱤᱧᱟᱹᱜ ᱵᱚᱭᱦᱟ ᱴᱷᱮᱱ ᱤᱧᱟᱹᱜ ᱵᱚᱭᱦᱟ ᱴᱷᱮᱱ ᱤᱧᱟᱹᱜ ᱵᱚᱭᱦᱟ ᱴᱷᱮᱱ ᱤᱧᱟᱹᱜ ᱵᱚᱭᱦᱟ ᱴᱷᱮᱱ ᱤᱧᱟᱹᱜ ᱵᱚᱭᱦᱟ ᱴᱷᱮᱱ ᱤᱧᱟᱹᱜ ᱵᱚᱭᱦᱟ ᱴᱷᱮᱱ ᱤᱧᱟᱹᱜ ᱵᱚᱭᱦᱟ ᱴᱷᱮᱱ ᱤᱧᱟᱹᱜ ᱵᱚᱭᱦᱟ ᱴᱷᱮᱱ ᱤᱧᱟᱹᱜ ᱵᱚᱭᱦᱟ ᱴᱷᱮᱱ ᱤᱧᱟᱹᱜ ᱵᱚᱭᱦᱟ ᱴᱷᱮᱱ ᱤᱧᱟᱹᱜ ᱵᱚᱭᱦᱟ ᱴᱷᱮᱱ ᱤᱧᱟᱹᱜ ᱵᱚᱭᱦᱟ ᱴᱷᱮᱱ ᱤᱧᱟᱹᱜ ᱵᱚᱭᱦᱟ
549,"तुम उन्हें सीधे पेमेंट भेज सकते हो, वह आसान रहेगा।","ᱟᱢ ᱫᱚ ᱩᱱᱤᱜᱤ ᱠᱟᱹᱣᱰᱤᱢ ᱵᱷᱮᱡᱟ ᱫᱟᱲᱮᱣᱟᱭᱟ, ᱚᱱᱟᱜᱤ ᱟᱞᱜᱟ ᱦᱩᱭᱩᱜᱼᱟ ᱾","ᱟᱢ ᱩᱱᱠᱚ ᱴᱷᱮᱱ ᱥᱚᱨᱟᱥᱚᱨᱤ ᱠᱟᱹᱣᱰᱤ ᱮᱢ ᱵᱷᱮᱡᱟ ᱫᱟᱲᱮᱭᱟᱜᱼᱟ, ᱚᱱᱟ ᱫᱚ ᱟᱞᱜᱟ ᱦᱩᱭᱩᱜᱼᱟ ᱾"
550,"थैंक यू यार, मैंने अपनी गर्लफ़्रेंड को प्रॉमिस किया था।","ᱟᱭᱢᱟ ᱥᱟᱨᱦᱟᱣ ᱜᱟᱛᱤ ᱛᱤᱧ, ᱤᱧᱨᱮᱱ ᱜᱟᱛᱤᱠᱩᱲᱤᱧ ᱠᱟᱛᱷᱟᱣᱟᱠᱟᱣᱟᱫᱤᱭᱟ ᱾","ᱟᱢᱨᱮᱱ ᱜᱟᱛᱮ ᱠᱚ ᱞᱟᱹᱜᱤᱫ ᱛᱮ ᱥᱟᱨᱦᱟᱰ, ᱤᱧ ᱤᱧᱟᱹᱜ ᱜᱟᱛᱮ ᱴᱷᱮᱱ ᱮ ᱥᱟᱨᱦᱟᱶ ᱞᱮᱫᱟ ᱾"
551,वो मुझे अगले कॉन्सर्ट तक परेशान कर डालती।,ᱦᱟᱯᱮᱱ ᱠᱚᱱᱥᱟᱨᱴ ᱫᱷᱟᱹᱵᱤᱡᱽᱼᱮ ᱡᱚᱞᱟᱣᱠᱤᱧᱟ ᱾,ᱛᱟᱭᱚᱢ ᱫᱟᱨᱟᱢ ᱠᱚᱱᱥᱟᱨᱴ ᱦᱟᱹᱵᱤᱡ ᱩᱱᱤ ᱫᱚ ᱤᱧ ᱮ ᱜᱷᱟᱹᱞ ᱞᱮᱫ ᱠᱚᱣᱟ ᱾
552,"वैसे, म्यूज़िक के लिए कौन ऐसे कॉन्सर्ट में जाता है यार, यह मेरे बस का नहीं है।","ᱡᱟᱦᱟᱸᱜᱤ ᱦᱩᱭᱩᱜ, ᱥᱮᱨᱮᱧ ᱞᱟᱹᱜᱤᱫ ᱱᱚᱝᱠᱟᱱ ᱠᱚᱱᱥᱟᱨᱴ ᱨᱮ ᱚᱠᱚᱭ ᱪᱟᱞᱟᱜᱼᱟ ᱜᱟᱛᱤ, ᱱᱚᱣᱟ ᱫᱚ ᱤᱧ ᱞᱟᱹᱜᱤᱫ ᱮᱠᱮᱱ ᱢᱤᱫᱴᱟᱝ ᱱᱤᱥᱟᱹᱞᱮᱠᱟ ᱾","ᱦᱚᱭᱦᱩᱫᱤᱥᱛᱮ, ᱡᱟᱦᱟᱸᱭ ᱫᱚ ᱥᱮᱨᱮᱧ ᱞᱟᱹᱜᱤᱫ ᱱᱚᱶᱟ ᱞᱮᱠᱟᱱ ᱠᱚᱱᱥᱟᱨᱴ ᱨᱮᱭ ᱥᱮᱱᱚᱜᱼᱟ, ᱤᱧᱟᱹᱜ ᱫᱚ ᱵᱟᱝ ᱠᱟᱱᱟ ᱾"
553,"लेकिन मैं यह उसे नहीं बोल सकता, जैसा कि मैंने तुम्हें बताया मेरे दोस्त।",ᱢᱮᱱᱠᱷᱟᱱ ᱱᱤᱭᱟᱹᱠᱩ ᱫᱚ ᱛᱚ ᱟᱢ ᱢᱮᱱᱞᱮᱠᱟ ᱩᱱᱤ ᱫᱚ ᱵᱟᱝ ᱢᱮᱱ ᱜᱟᱱᱚᱜᱼᱟ ᱜᱟᱛᱤ ᱛᱤᱧ ᱾,"ᱢᱮᱱᱠᱷᱟᱱ ᱤᱧ ᱩᱱᱤ ᱱᱚᱣᱟ ᱠᱟᱛᱷᱟ ᱞᱟᱹᱭ ᱵᱟᱝ ᱫᱟᱲᱮᱭᱟᱜᱼᱟ, ᱡᱟᱦᱟᱸ ᱞᱮᱠᱟ ᱤᱧ ᱟᱢ ᱮ ᱞᱟᱹᱭ ᱟᱠᱟᱫᱟ, ᱤᱧᱨᱮᱱ ᱜᱟᱛᱮ ᱾"
554,मैं समझ रही हूँ।,ᱵᱩᱡᱷᱦᱟᱹᱣᱫᱟᱲᱮᱭᱟᱜ ᱠᱟᱹᱱᱟᱹᱧ ᱾,ᱤᱧ ᱵᱟᱰᱟᱭᱧᱟᱢ ᱠᱟᱱᱟ ᱾
555,"चिंता मत करो, 2 टिकट तो अरेंज हो सकती हैं।",ᱟᱞᱚᱢ ᱪᱤᱱᱛᱟᱹᱭᱟ ᱵᱟᱨᱮᱭᱟ ᱴᱤᱠᱤᱴ ᱨᱮᱭᱟᱜ ᱵᱮᱵᱚᱥᱛᱷᱟ ᱢᱚᱸᱡᱽᱛᱮᱜᱤ ᱦᱩᱭᱩᱜᱼᱟ ᱾,"ᱪᱤᱱᱦᱟᱹᱭ ᱵᱟᱝ ᱢᱮ, 2 ᱜᱚᱴᱟᱝ ᱴᱤᱠᱤᱴ ᱮᱢᱚᱱ ᱦᱩᱭ ᱫᱟᱲᱮᱭᱟᱜᱼᱟ ᱾"
556,मैंने अपने भाई से कह दिया है और उसने पहले से ही तुम्हारी टिकट बुक कर दी हैं।,ᱤᱧ ᱫᱚ ᱵᱚᱭᱦᱟᱧ ᱵᱟᱰᱟᱭ ᱩᱪᱩᱣᱟᱠᱟᱫᱤᱭᱟ ᱟᱨ ᱩᱱᱤ ᱫᱚ ᱟᱢᱟᱜ ᱴᱤᱠᱤᱴᱠᱩᱭ ᱵᱩᱠᱟᱠᱟᱫᱟ ᱾,ᱤᱧ ᱤᱧᱟᱹᱜ ᱵᱚᱭᱦᱟ ᱮ ᱞᱟᱹᱭ ᱟᱠᱟᱫᱟ ᱟᱨ ᱩᱱᱤ ᱫᱚ ᱢᱟᱲᱟᱝ ᱠᱷᱚᱱ ᱜᱮ ᱟᱢᱟᱜ ᱴᱤᱠᱤᱴ ᱠᱚ ᱵᱚᱠᱤᱱ ᱟᱠᱟᱫᱟ ᱾
557,"तो अब तुम चिंता मत करो और कल जब हम मिलेंगे, तब मुझसे ले लेना।",ᱚᱱᱟ ᱤᱭᱟᱹᱛᱮ ᱞᱤᱪᱷᱤᱱᱫᱤᱢ ᱛᱟᱦᱮᱸ ᱫᱟᱲᱮᱭᱟᱜᱼᱟ ᱟᱨ ᱜᱟᱯᱟ ᱧᱟᱯᱟᱢ ᱦᱩᱭᱞᱮᱱᱠᱷᱟᱱ ᱤᱧ ᱴᱷᱮᱱ ᱠᱷᱚᱱ ᱦᱚᱛᱟᱣᱢᱮ ᱵᱟᱲᱮ ᱾,"ᱚᱱᱟᱛᱮ ᱱᱤᱛ ᱟᱢ ᱫᱚ ᱵᱟᱝ ᱩᱭᱦᱟᱹᱨ ᱢᱮ ᱟᱨ ᱤᱧᱟᱹᱜ ᱴᱷᱮᱱ ᱠᱷᱚᱱ ᱦᱟᱛᱟᱣ ᱢᱮ, ᱡᱟᱦᱟᱸ ᱚᱠᱛᱮ ᱤᱧᱟᱹᱜ ᱧᱮᱞᱧᱟᱢᱚᱜᱼᱟ ᱾"
558,"श्योर डूड, थैंक्यू।","ᱱᱤᱦᱟᱹᱛᱜᱤ ᱜᱟᱛᱮ, ᱟᱭᱢᱟ ᱥᱟᱨᱦᱟᱣ ᱾","ᱥᱟᱨ ᱰᱩᱰ, ᱟᱢ ᱫᱚ ᱥᱟᱨᱦᱟᱰᱚᱜ ᱠᱟᱱᱟ ᱾"
559,"मोस्ट वेलकम, जल्द मिलते हैं।","ᱥᱟᱹᱜᱩᱱ ᱫᱟᱨᱟᱢ, ᱟᱹᱰᱤ ᱩᱥᱟᱹᱨᱟ ᱧᱟᱯᱟᱢ ᱦᱩᱭᱩᱜᱼᱟ ᱾","ᱢᱳᱥᱴ ᱳᱞᱮᱠᱟᱢ, ᱟᱹᱰᱤ ᱞᱚᱜᱚᱱ ᱤᱧᱟᱹᱜ ᱡᱳᱜᱟᱡᱳᱜ ᱢᱮ ᱾"
560,"हेलो, क्या आप ट्रिनिटी एलिमेंट्री स्कूल की आर्ट की टीचर, मिसेज राधिका हैं?","ᱦᱮᱹᱞᱳ, ᱴᱨᱤᱱᱤᱴᱤ ᱮᱞᱤᱢᱮᱱᱴᱟᱨᱤ ᱵᱤᱨᱫᱟᱹᱜᱟᱲ ᱨᱮᱱ ᱠᱟᱹᱨᱤ ᱢᱟᱪᱮᱛᱟᱱᱤ ᱱᱩᱭ ᱜᱮ ᱠᱤ ᱢᱤᱥᱮᱥ ᱨᱟᱫᱷᱤᱠᱟ ?","ᱦᱮᱞᱳ, ᱟᱢ ᱠᱤ ᱴᱨᱤᱱᱤᱴᱤ ᱮᱞᱤᱢᱮᱱᱴᱟᱨᱤ ᱵᱤᱨᱫᱟᱹᱜᱟᱲ ᱨᱮᱱ ᱠᱟᱹᱨᱤ ᱥᱮᱪᱮᱫᱤᱭᱟᱹ, ᱢᱤᱥᱴᱟᱨ ᱨᱚᱫᱤᱠᱟ?"
561,"हाँ, आप कौन?",ᱦᱮᱸ ᱾ ᱱᱩᱭ ᱫᱚ ᱚᱠᱚᱭ ?,"ᱦᱩᱭᱩᱜ ᱠᱟᱱᱟ, ᱟᱢ ᱡᱟᱦᱟᱸᱭ?"
562,मेरा नाम जॉन बर्नड है और मैं मिशेल का पिता हूँ।,"ᱤᱧᱟᱹᱜ ᱧᱩᱛᱩᱢ ᱫᱚ ᱡᱚᱱ ᱵᱟᱨᱱᱟᱰ, ᱟᱨ ᱤᱧ ᱫᱚ ᱢᱤᱥᱮᱞ ᱟᱡ ᱟᱯᱟᱛ ᱠᱟᱹᱱᱟᱹᱧ ᱾",ᱤᱧᱟᱹᱜ ᱧᱩᱛᱩᱢ ᱡᱟᱱ ᱵᱟᱨᱱᱰ ᱟᱨ ᱤᱧ ᱢᱤᱥᱮᱞ ᱨᱮᱱ ᱵᱟᱵᱟ ᱾
563,"अच्छा सर, मैं आपकी क्या मदद कर सकती हूँ?","ᱴᱷᱤᱠ ᱜᱮᱭᱟ ᱜᱚᱢᱠᱮ, ᱪᱮᱫᱞᱮᱠᱟᱛᱮ ᱟᱢᱤᱧ ᱜᱚᱲᱚ ᱫᱟᱲᱮᱭᱟᱢᱟ ?","ᱤᱧ ᱪᱮᱫ ᱜᱚᱲᱚᱧᱟᱢᱼᱟ, ᱱᱟᱯᱟᱭ ᱥᱟᱨ?"
564,मिशेल ने संगीत सीखने में रुचि दिखाई है।,ᱢᱤᱥᱮᱞ ᱥᱮᱹᱨᱮᱹᱧ ᱥᱮᱬᱟᱭ ᱞᱟᱹᱜᱤᱫ ᱜᱚᱨᱚᱡᱽ ᱮ ᱥᱚᱫᱚᱨ ᱟᱠᱟᱫᱟ ᱾,ᱢᱤᱥᱮᱞ ᱥᱮᱹᱨᱮᱹᱧ ᱥᱮᱪ ᱞᱟᱹᱜᱤᱫ ᱮ ᱮᱥᱮᱨ ᱞᱮᱫᱟ ᱾
565,लेकिन मैं शैली चुनने के बारे में समझ नहीं पा रहा हूँ।,ᱤᱧ ᱢᱤᱫᱴᱟᱝ ᱦᱚᱨᱟ ᱵᱟᱪᱷᱟᱣᱨᱮ ᱟᱹᱰᱤ ᱜᱮᱧ ᱟᱫᱤᱥᱟᱹ ᱟᱠᱟᱱᱟ ᱾,ᱢᱮᱱᱠᱷᱟᱱ ᱤᱧ ᱥᱳᱭᱤᱞ ᱵᱟᱪᱷᱱᱟᱣ ᱨᱮᱭᱟᱜ ᱠᱟᱛᱷᱟ ᱵᱟᱝ ᱵᱟᱰᱟᱭ ᱟᱠᱟᱱᱟ ᱾
566,क्या आप मेरी मदद करेंगी?,ᱟᱢ ᱪᱮᱫ ᱤᱧ ᱮᱢ ᱜᱚᱲᱚ ᱫᱟᱲᱮᱭᱟᱹᱧᱟᱹ ?,ᱟᱢ ᱠᱤ ᱤᱧ ᱜᱚᱲᱚ ᱮᱢ ᱢᱮ?
567,संगीत में सीखने के लिए सबसे आसान शैली कौ- सी है?,ᱥᱮᱹᱨᱮᱹᱧ ᱥᱮᱬᱟᱭ ᱨᱮᱭᱟᱜ ᱟᱞᱜᱟ ᱦᱚᱨᱟ ᱫᱚ ᱪᱮᱫ ?,ᱠᱟᱣᱼᱥᱤ ᱦᱩᱭᱩᱜ ᱠᱟᱱᱟ ᱥᱮᱹᱨᱮᱹᱧ ᱥᱮᱪ ᱞᱟᱹᱜᱤᱫ ᱡᱚᱛᱚ ᱠᱷᱚᱱ ᱟᱞᱜᱟ ᱠᱟᱹᱨᱤ ᱾
568,"हाँ, ज़रूर।",ᱮᱠᱟᱞᱜᱮ ᱾,"ᱦᱩᱭᱩᱜ ᱠᱟᱱᱟ, ᱜᱚᱴᱟ ᱜᱮ ᱾"
569,मेरे हिसाब से बच्चों को शास्त्रीय संगीत सीखना चाहिए।,ᱤᱧᱟᱹᱜ ᱢᱮᱱᱛᱮ ᱫᱚ ᱞᱮᱴᱠᱟ ᱠᱚ ᱥᱟᱥᱛᱚᱨ ᱥᱮᱹᱨᱮᱹᱧ ᱥᱮᱬᱟ ᱟᱠᱚ ᱞᱟᱹᱠᱛᱤ ᱠᱟᱱᱟ ᱾,ᱤᱧᱟᱹᱜ ᱢᱚᱱᱮ ᱦᱩᱭᱩᱜ ᱠᱟᱱᱟ ᱜᱤᱫᱽᱨᱟᱹ ᱠᱚ ᱥᱮᱨᱣᱟ ᱟᱱᱟᱜ ᱥᱮᱹᱨᱮᱹᱧ ᱥᱮᱪ ᱦᱩᱭᱩᱜ ᱛᱟᱢᱟ ᱾
570,क्या बच्चों के लिए शास्त्रीय संगीत सीखना फायदेमंद होगा?,ᱞᱮᱴᱠᱟ ᱠᱚ ᱞᱟᱹᱜᱤᱫ ᱥᱟᱥᱛᱚᱨ ᱥᱮᱹᱨᱮᱹᱧ ᱯᱚᱲᱦᱚᱱ ᱫᱚ ᱪᱮᱫ ᱩᱯᱠᱟᱹᱨ ᱨᱮᱭᱟᱜ ?,ᱜᱤᱫᱽᱨᱟᱹ ᱠᱚ ᱞᱟᱹᱜᱤᱫ ᱥᱮᱨᱣᱟ ᱟᱱᱟᱜ ᱥᱮᱹᱨᱮᱹᱧ ᱥᱮᱪ ᱠᱚᱨᱟᱣ ᱫᱚ ᱪᱮᱫ ᱱᱟᱯᱟᱭ ᱦᱩᱭᱩᱜᱼᱟ?
571,हाँ। यह काफी मुश्किल होता है लेकिन शास्त्रीय संगीत का बच्चों के लिए बहुत भावनात्मक लाभ होता है।,ᱦᱮᱸ ᱾ ᱱᱚᱶᱟ ᱫᱚ ᱟᱹᱰᱤ ᱜᱮ ᱟᱱᱟᱴᱼᱟ ᱢᱮᱱᱠᱷᱟᱱ ᱥᱟᱥᱛᱚᱨ ᱥᱮᱹᱨᱮᱹᱧ ᱫᱚ ᱞᱮᱴᱠᱟ ᱠᱚ ᱞᱟᱹᱜᱤᱫ ᱢᱚᱱᱨᱮ ᱥᱩᱵᱤᱫᱷᱟᱭ ᱟᱹᱜᱩᱭᱼᱟ ᱾,"ᱦᱩᱭᱩᱜ ᱠᱟᱱᱟ ᱾ ᱱᱚᱶᱟ ᱫᱚ ᱟᱹᱰᱤ ᱟᱱᱟᱴ ᱟᱱᱟᱜ, ᱢᱮᱱᱠᱷᱟᱱ ᱥᱟᱥᱛᱚᱨᱚ ᱥᱮᱹᱨᱮᱹᱧ ᱨᱮᱱ ᱜᱤᱫᱽᱨᱟᱹ ᱠᱚ ᱞᱟᱹᱜᱤᱫ ᱟᱹᱰᱤ ᱰᱷᱮᱨ ᱚᱱᱩᱢᱟᱹᱱ ᱟᱱᱟᱜ ᱥᱤᱜᱤᱞ ᱢᱮᱱᱟᱜᱼᱟ ᱾"
572,"स्टडीज़ के अनुसार, लाइव शास्त्रीय संगीत सुनने से बच्चों में सकारात्मक भावनाएं जागती हैं।","ᱠᱷᱚᱱᱫᱽᱨᱚᱸᱫᱽ ᱞᱮᱠᱟᱛᱮ, ᱞᱟᱭᱤᱵᱷ ᱥᱟᱥᱛᱚᱨ ᱥᱮᱹᱨᱮᱹᱧ ᱟᱸᱡᱚᱢ ᱫᱚ ᱞᱮᱴᱠᱟ ᱠᱚ ᱢᱩᱫᱽᱨᱮ ᱵᱷᱟᱜᱮ ᱟᱹᱭᱠᱟᱹᱣ ᱮ ᱥᱤᱨᱡᱟᱹᱣᱼᱟ ᱾","ᱵᱤᱰᱟᱹᱣᱟᱱ ᱞᱮᱠᱟᱛᱮ, ᱡᱩᱭᱟᱹᱱ ᱥᱮᱨᱣᱟ ᱟᱱᱟᱜ ᱥᱮᱹᱨᱮᱹᱧ ᱵᱟᱰᱟᱭ ᱠᱷᱟᱹᱛᱤᱨ ᱜᱤᱫᱽᱨᱟᱹ ᱠᱚ ᱢᱩᱫᱨᱮ ᱱᱟᱯᱟᱭ ᱩᱭᱦᱟᱹᱨ ᱮ ᱮᱛᱚᱦᱚᱵ ᱞᱮᱫᱟ ᱾"
573,इसका उनके सुनने और एकाग्रता पर भी प्रभाव पड़ता है।,ᱱᱚᱶᱟ ᱫᱚ ᱩᱱᱠᱚᱣᱟᱜ ᱟᱸᱡᱚᱢ ᱟᱨ ᱢᱚᱱᱞᱟᱜᱟᱣ ᱨᱮᱭᱟᱜ ᱫᱟᱲᱮ ᱪᱮᱛᱟᱱᱨᱮ ᱦᱚᱸᱭ ᱮᱥᱮᱨᱼᱟ ᱾,ᱱᱚᱶᱟ ᱫᱚ ᱩᱱᱠᱩᱭᱟᱜ ᱥᱩᱱᱤ ᱟᱨ ᱢᱚᱱᱮ ᱪᱮᱛᱟᱱ ᱦᱚᱸ ᱮᱥᱮᱨ ᱞᱮᱫᱟᱭ ᱾
574,"शास्त्रीय संगीत बच्चों के विकास के लिए फायदेमंद है, यह तो अच्छा है।","ᱥᱟᱥᱛᱚᱨ ᱥᱮᱹᱨᱮᱹᱧ ᱫᱚ ᱞᱮᱴᱠᱟ ᱠᱚ ᱦᱟᱨᱟ ᱵᱩᱨᱩᱜ ᱞᱟᱹᱜᱤᱫ ᱩᱯᱠᱟᱹᱨᱤ ᱜᱮᱭᱟ, ᱱᱚᱶᱟ ᱫᱚ ᱟᱹᱰᱤ ᱱᱟᱯᱟᱭ ᱾","ᱥᱟᱥᱛᱚᱨᱚ ᱥᱮᱹᱨᱮᱹᱧ ᱜᱤᱫᱽᱨᱟᱹ ᱠᱚᱣᱟᱜ ᱩᱛᱱᱟᱹᱣ ᱞᱟᱹᱜᱤᱫ ᱱᱟᱯᱟᱭ, ᱱᱚᱶᱟ ᱫᱚ ᱱᱟᱯᱟᱭ ᱠᱟᱱᱟ ᱾"
575,शास्त्रीय संगीत के और क्या फायदे हैं?,ᱥᱟᱥᱛᱚᱨ ᱥᱮᱹᱨᱮᱹᱧ ᱨᱮᱭᱟᱜ ᱟᱨ ᱪᱮᱫ ᱥᱩᱵᱤᱫᱷᱟ ᱢᱮᱱᱟᱜᱼᱟ ?,ᱥᱮᱨᱣᱟ ᱟᱱᱟᱜ ᱥᱮᱹᱨᱮᱹᱧ ᱨᱮᱭᱟᱜ ᱟᱨ ᱪᱮᱫ ᱪᱮᱫ ᱜᱚᱱᱚᱝ ᱢᱮᱱᱟᱜᱼᱟ?
576,शास्त्रीय संगीत के लिए अभ्यास और मेहनत जरूरी है।,ᱥᱟᱥᱛᱚᱨ ᱥᱮᱹᱨᱮᱹᱧ ᱫᱚ ᱥᱚᱲᱠᱚ ᱟᱨ ᱢᱚᱱᱩᱨᱤᱡ ᱨᱮᱭᱟᱜ ᱞᱟᱹᱠᱛᱤ ᱠᱟᱱᱟ ᱾,ᱥᱟᱥᱛᱚᱨᱚ ᱥᱮᱹᱨᱮᱹᱧ ᱞᱟᱹᱜᱤᱫ ᱠᱟᱹᱢᱤ ᱟᱨ ᱠᱟᱹᱢᱤ ᱨᱮᱭᱟᱜ ᱞᱟᱹᱠᱛᱤ ᱢᱮᱱᱟᱜᱼᱟ ᱾
577,इस ट्रेनिंग से बच्चे के जीवन में अनुशासन आएगा।,ᱱᱚᱶᱟ ᱛᱟᱹᱞᱤᱢ ᱫᱚ ᱞᱮᱴᱠᱟ ᱠᱚᱣᱟᱜ ᱡᱤᱭᱚᱱ ᱱᱟᱯᱟᱭᱛᱮ ᱥᱟᱡᱟᱣᱼᱟᱭ ᱾,ᱱᱚᱶᱟ ᱥᱮᱪᱮᱫ ᱫᱚ ᱜᱤᱫᱽᱨᱟᱹᱭᱟᱜ ᱡᱤᱭᱚᱱ ᱨᱮ ᱟᱹᱨᱤ ᱮ ᱦᱮᱡ ᱮᱱᱟ ᱾
578,यह ऐंटीडिप्रेसेंट के तरह भी काम करता है।,ᱱᱚᱶᱟ ᱫᱚ ᱢᱤᱫᱽᱴᱟᱝ ᱮᱱᱴᱤᱰᱤᱯᱨᱮᱥᱮᱱᱴ ᱞᱮᱠᱟᱛᱮᱭ ᱠᱟᱹᱢᱤᱭᱟ ᱾,ᱱᱚᱶᱟ ᱫᱚ ᱮᱱᱴᱤᱰᱨᱮᱯᱨᱮᱥᱮᱱᱴ ᱞᱮᱠᱟ ᱦᱚᱸ ᱠᱟᱹᱢᱤᱼᱟ ᱾
579,यह बच्चों के मन को शांत भी करता है।,ᱱᱚᱶᱟ ᱫᱚ ᱞᱮᱴᱠᱟ ᱠᱚᱣᱟᱜ ᱢᱚᱱ ᱦᱚᱸᱭ ᱛᱷᱤᱨᱼᱟ ᱾,ᱱᱚᱶᱟ ᱫᱚ ᱜᱤᱫᱽᱨᱟᱹ ᱠᱚᱣᱟᱜ ᱢᱚᱱ ᱦᱚᱸ ᱥᱩᱛᱚᱼᱟ ᱾
580,"हाँ, शांत बच्चा ज्यादा खुश रहता है।","ᱦᱮᱸ, ᱢᱤᱫᱽᱴᱟᱝ ᱛᱷᱤᱨ ᱞᱮᱴᱠᱟ ᱟᱨᱦᱚᱸᱭ ᱨᱟᱹᱥᱠᱟᱹᱜᱼᱟ ᱾","ᱦᱩᱭᱩᱜ ᱠᱟᱱᱟ, ᱥᱩᱛᱚ ᱜᱤᱫᱽᱨᱟᱹ ᱫᱚ ᱟᱨᱦᱚᱸ ᱱᱟᱯᱟᱭ ᱛᱟᱦᱮᱸᱱᱟ ᱾"
581,"क्योंकि बच्चे ध्यान लगा कर सुनना सीखते हैं न कि मात्र सुनना,","ᱡᱟᱦᱟᱸᱛᱮ ᱞᱮᱴᱠᱟ ᱠᱚ ᱫᱚ ᱟᱸᱡᱚᱢ ᱠᱷᱚᱱ ᱢᱚᱱ ᱞᱟᱜᱟᱣ ᱠᱟᱛᱮ ᱟᱸᱡᱚᱢ ᱠᱚ ᱪᱮᱫᱼᱟ ,","ᱪᱮᱫᱟᱜ ᱥᱮ ᱜᱤᱫᱽᱨᱟᱹ ᱠᱚ ᱢᱚᱱᱮ ᱠᱟᱛᱮ ᱵᱟᱰᱟᱭ ᱥᱮᱪᱚᱜᱼᱟ, ᱥᱩᱢᱩᱝ ᱵᱟᱝ ᱵᱟᱰᱟᱭ ᱞᱟᱹᱜᱤᱫ ᱾"
582,"इसलिए उनके मेमोरी सेल नोट्स, ट्यून, टोन, तरीके, अप्रोच और ऐसी चीजें स्टोर करने के लिए और ज्यादा काम करते हैं।","ᱩᱱᱠᱚᱣᱟᱜ ᱢᱮᱢᱚᱨᱤ ᱠᱳᱥ ᱠᱚ ᱱᱳᱴ, ᱨᱟᱦᱟ, ᱟᱲᱟᱝ, ᱦᱚᱨᱟ, ᱯᱚᱱᱛᱷᱟ ᱟᱨᱦᱚᱸ ᱟᱭᱢᱟ ᱠᱤᱪᱷᱤ ᱨᱟᱠᱷᱟ ᱫᱚᱦᱚᱭ ᱞᱟᱹᱜᱤᱫ ᱟᱹᱰᱤ ᱟᱸᱴ ᱠᱟᱹᱢᱤᱭ ᱮᱦᱚᱵᱼᱟ ᱾","ᱚᱱᱟᱛᱮ ᱩᱱᱠᱩᱭᱟᱜ ᱢᱮᱢᱳᱨᱤ ᱥᱮᱞ ᱱᱳᱴ, ᱴᱤᱭᱩᱱ, ᱴᱳᱱ, ᱦᱚᱨᱟ, ᱩᱯᱟᱹᱭ ᱟᱨ ᱱᱚᱶᱟ ᱞᱮᱠᱟᱱ ᱡᱤᱱᱤᱥ ᱠᱚ ᱫᱚᱦᱚ ᱞᱟᱹᱜᱤᱫ ᱟᱨᱦᱚᱸ ᱟᱭᱢᱟ ᱠᱟᱹᱢᱤᱼᱟ ᱾"
583,"ठीक है, मैं मिशेल के लिए इस इलाके में शास्त्रीय संगीत का टीचर खोजता हूँ।","ᱴᱷᱤᱠ ᱜᱮᱭᱟ, ᱤᱧ ᱢᱤᱥᱮᱞ ᱞᱟᱹᱜᱤᱫ ᱢᱤᱫᱽᱴᱟᱝ ᱥᱟᱥᱛᱚᱨ ᱥᱮᱹᱨᱮᱹᱧ ᱨᱮᱱ ᱢᱟᱪᱮᱫ ᱤᱧ ᱯᱟᱸᱡᱟ ᱮᱭᱟ ᱾",ᱤᱧ ᱢᱤᱥᱮᱞ ᱞᱟᱹᱜᱤᱫ ᱱᱚᱶᱟ ᱴᱚᱴᱷᱟ ᱨᱮ ᱢᱤᱫᱴᱟᱝ ᱥᱟᱥᱛᱚᱨᱚ ᱥᱮᱹᱨᱮᱹᱧ ᱨᱮᱱ ᱥᱮᱪᱮᱫᱤᱭᱟᱹ ᱛᱚᱞᱟᱥ ᱮᱫᱟ ᱾
584,मेरे खयाल से शास्त्रीय संगीत भारत की आत्मा है।,ᱤᱧᱤᱧ ᱢᱚᱱᱮᱭᱟ ᱥᱟᱥᱛᱚᱨ ᱥᱮᱹᱨᱮᱹᱧ ᱫᱚ ᱵᱷᱟᱨᱚᱛ ᱨᱮᱭᱟᱜ ᱟᱛᱢᱟ ᱠᱟᱱᱟ ᱾,ᱤᱧᱟᱹᱜ ᱠᱷᱮᱭᱟᱞ ᱠᱷᱚᱱ ᱥᱮᱨᱣᱟ ᱟᱱᱟᱜ ᱥᱮᱹᱨᱮᱹᱧ ᱦᱩᱭᱩᱜ ᱠᱟᱱᱟ ᱵᱷᱟᱨᱚᱛ ᱨᱮᱭᱟᱜ ᱢᱚᱱ ᱾
585,यह तो बहुत अच्छा है।,ᱟᱹᱰᱤ ᱵᱮᱥ ᱾,ᱱᱚᱶᱟ ᱫᱚ ᱟᱹᱰᱤ ᱱᱟᱯᱟᱭ ᱠᱟᱱᱟ ᱾
586,बस इतना याद रखें कि अगर वो शास्त्रीय संगीत सीखने में रुचि नहीं दिखाती है तो उसे सीखने के लिए जोर मत दीजिए।,ᱫᱟᱭᱟ ᱠᱟᱛᱮ ᱫᱤᱥᱟᱹ ᱫᱚᱦᱚᱭ ᱢᱮ ᱡᱮ ᱩᱱᱤ ᱡᱩᱫᱤ ᱥᱟᱥᱛᱚᱨ ᱥᱮᱹᱨᱮᱹᱧ ᱵᱟᱭ ᱜᱚᱨᱚᱡᱟᱜᱼᱟ ᱮᱱᱠᱷᱟᱱ ᱚᱱᱟ ᱪᱮᱫ ᱞᱟᱹᱜᱤᱫ ᱟᱞᱚᱢ ᱵᱚᱲᱦᱮ ᱮᱭᱟ ᱾,"ᱥᱩᱢᱩᱝ ᱩᱭᱦᱟᱹᱨ ᱫᱚᱦᱚ ᱢᱮ ᱡᱮ, ᱡᱩᱫᱤ ᱩᱱᱤ ᱫᱚ ᱥᱮᱨᱣᱟ ᱟᱱᱟᱜ ᱥᱮᱹᱨᱮᱹᱧ ᱥᱮᱪ ᱞᱟᱹᱜᱤᱫ ᱵᱟᱝ ᱮ ᱠᱷᱚᱡᱟ, ᱮᱱᱠᱷᱟᱱ ᱩᱱᱤ ᱫᱚ ᱥᱮᱪ ᱞᱟᱹᱜᱤᱫ ᱮ ᱡᱳᱨ ᱵᱟᱝ ᱮᱢ ᱢᱮ ᱾"
587,हमें उनकी क्षमता के अनुसार उन्हें प्रोत्साहित करना चाहिए।,ᱟᱠᱚᱣᱟᱜ ᱜᱩᱱᱢᱟᱱ ᱞᱮᱠᱟᱛᱮ ᱩᱱᱠᱚ ᱩᱫᱽᱜᱟᱹᱣ ᱫᱚ ᱟᱵᱚᱣᱟᱜ ᱞᱟᱹᱠᱛᱤ ᱠᱟᱱᱟ ᱾,ᱩᱱᱠᱩᱭᱟᱜ ᱫᱟᱲᱮ ᱞᱮᱠᱟᱛᱮ ᱤᱧᱟᱹᱜ ᱩᱱᱠᱩ ᱠᱚ ᱮᱥᱮᱨ ᱠᱚᱨᱟᱣ ᱞᱟᱹᱠᱛᱤ ᱠᱟᱱᱟ ᱾
588,जी मैम।,ᱮᱠᱟᱞ ᱜᱮ ᱢᱟᱪᱮᱛᱟᱱᱤ ᱾,ᱡᱤ ᱢᱟᱢ ᱾
589,आपकी गाइडेंस के लिए धन्यवाद।,ᱟᱢ ᱫᱤᱥᱟᱹ ᱩᱫᱩᱜ ᱞᱟᱹᱜᱤᱫ ᱟᱭᱢᱟ ᱥᱟᱨᱦᱟᱣ ᱾,ᱟᱢᱟᱜ ᱰᱟᱦᱟᱨ ᱩᱫᱩᱜ ᱞᱟᱹᱜᱤᱫ ᱛᱮ ᱟᱢ ᱥᱟᱨᱦᱟᱰᱚᱜ ᱠᱟᱱᱟ ᱾
590,"यू आर वेलकम, और मिशेल को मेरा प्यार दीजिएगा।","ᱥᱟᱹᱜᱩᱱ ᱫᱟᱨᱟᱢ, ᱟᱨ ᱫᱟᱭᱟ ᱠᱟᱛᱮ ᱢᱤᱥᱮᱞ ᱤᱧᱟᱹᱜ ᱥᱟᱨᱦᱟᱣ ᱮᱢ ᱵᱟᱰᱟᱭ ᱦᱚᱪᱚᱭ ᱮᱭᱟ ᱾","ᱟᱢ ᱫᱚ ᱥᱟᱨᱦᱟᱶ ᱢᱮ, ᱟᱨ ᱢᱤᱥᱮᱞ ᱫᱚ ᱤᱧᱟᱹᱜ ᱤᱧᱟᱹᱜ ᱤᱧᱟᱹᱜ ᱤᱧᱟᱹᱜ ᱤᱧᱟᱹᱜ ᱤᱧᱟᱹᱜ ᱤᱧᱟᱹᱜ ᱤᱧᱟᱹᱜ ᱤᱧᱟᱹᱜ ᱤᱧᱟᱹᱜ ᱤᱧᱟᱹᱜ ᱤᱧᱟᱹᱜ ᱤᱧᱟᱹᱜ ᱤᱧᱟᱹᱜ ᱤᱧᱟᱹᱜ ᱤᱧᱟᱹᱜ ᱤᱧᱟᱹᱜ ᱤᱧᱟᱹᱜ ᱤᱧᱟᱹᱜ ᱤᱧᱟᱹᱜ ᱤᱧᱟᱹᱜ ᱤᱧᱟᱹᱜ ᱤᱧᱟᱹᱜ ᱤᱧᱟᱹᱜ ᱤᱧᱟᱹᱜ ᱤᱧᱟᱹᱜ ᱤᱧᱟᱹᱜ ᱤᱧᱟᱹᱜ ᱤᱧᱟᱹᱜ ᱤᱧᱟᱹᱜ ᱤᱧᱟᱹᱜ ᱤᱧᱟᱹᱜ ᱤᱧᱟᱹᱜ ᱤᱧᱟᱹᱜ ᱤᱧᱟᱹᱜ ᱤᱧᱟᱹᱜ ᱤᱧᱟᱹᱜ ᱤᱧᱟᱹᱜ ᱤᱧᱟᱹᱜ ᱤᱧᱟᱹᱜ ᱤᱧᱟᱹᱜ ᱤᱧᱟᱹᱜ ᱤᱧᱟᱹᱜ ᱤᱧᱟᱹᱜ ᱤᱧᱟᱹᱜ ᱤᱧᱟᱹᱜ ᱤᱧᱟᱹᱜ ᱤᱧᱟᱹᱜ ᱤᱧᱟᱹᱜ ᱤᱧᱟᱹᱜ ᱤᱧᱟᱹᱜ ᱤᱧᱟᱹᱜ ᱤᱧᱟᱹᱜ ᱤᱧᱟᱹᱜ ᱤᱧᱟᱹᱜ ᱤᱧᱟᱹᱜ ᱤᱧᱟᱹᱜ ᱤᱧᱟᱹᱜ ᱤᱧ"
591,"जरूर, बाय!","ᱴᱷᱤᱠ ᱜᱮᱭᱟ, ᱵᱤᱫᱟᱹᱭ","ᱦᱩᱭᱩᱜ ᱠᱟᱱᱟ, ᱵᱳᱭ ᱾"
592,कल तुम्हारी छुट्टी है क्या ?,ᱜᱟᱯᱟ ᱪᱮᱫ ᱟᱢᱟᱜ ᱪᱷᱩᱴᱤ ᱢᱮᱱᱟᱜᱼᱟ ?,ᱦᱚᱭᱦᱩᱫᱮ ᱟᱢᱟᱜ ᱪᱷᱟᱹᱲ ᱠᱟᱱᱟ ᱥᱮ ᱵᱟᱝ?
593,बीच हफ्ते में भला मेरी छुट्टी क्यों होगी?,ᱤᱧᱟᱹᱜ ᱪᱮᱫᱟᱜ ᱦᱟᱯᱛᱟ ᱨᱮᱭᱟᱜ ᱢᱤᱫᱴᱟᱜ ᱫᱤᱱ ᱪᱷᱩᱴᱤ ᱦᱩᱭᱩᱜᱼᱟ ᱾,ᱤᱧᱟᱹᱜ ᱪᱷᱩᱴᱤ ᱨᱮᱱᱟᱜ ᱫᱤᱱ ᱫᱚ ᱪᱮᱫ ᱞᱟᱹᱜᱤᱫ ᱦᱩᱭᱩᱜᱼᱟ?
594,"ओह, कल एक रैली होगी।","ᱴᱷᱤᱠ ᱜᱮᱭᱟ, ᱜᱟᱯᱟ ᱨᱮᱹᱞᱤ ᱦᱩᱭᱩᱜᱼᱟ ᱾","ᱳᱦ, ᱦᱚᱭᱦᱩᱫᱮ ᱢᱤᱫᱴᱟᱝ ᱨᱮᱞᱤ ᱦᱩᱭᱩᱜᱼᱟ ᱾"
595,हमारे पड़ोस के बच्चों को छुट्टी मिली है।,ᱟᱞᱮ ᱴᱚᱞᱟ ᱨᱮᱱ ᱜᱤᱫᱽᱟᱹᱨ ᱯᱤᱫᱟᱹᱨ ᱠᱚ ᱪᱷᱩᱴᱤ ᱠᱚ ᱧᱟᱢ ᱟᱠᱟᱫᱟ,ᱤᱧᱟᱹᱜ ᱥᱳᱨᱥᱳᱯᱳᱨ ᱨᱮᱱ ᱜᱤᱫᱽᱨᱟᱹ ᱠᱚ ᱪᱷᱟᱹᱲ ᱠᱚ ᱧᱟᱢ ᱟᱠᱟᱫᱟ ᱾
596,"मुझे लगा तुम्हें भी मिली होगी,",ᱢᱚᱱᱮ ᱞᱮᱫᱟᱹᱧ ᱟᱢᱦᱚᱸᱢ ᱧᱟᱢᱼᱟ ᱾,ᱤᱧ ᱢᱚᱱᱮ ᱦᱩᱭᱩᱜ ᱠᱟᱱᱟ ᱟᱢ ᱦᱚᱸ ᱧᱮᱞ ᱧᱟᱢ ᱟᱠᱟᱫᱟ ᱾
597,मुझे कोई छुट्टी नहीं है।,ᱤᱧᱟᱹᱜ ᱪᱮᱫ ᱪᱷᱩᱴᱤ ᱦᱚᱸ ᱵᱟᱹᱱᱩᱜᱼᱟ ᱾,ᱤᱧᱟᱹᱜ ᱡᱟᱦᱟᱱ ᱪᱷᱟᱹᱲ ᱵᱟᱝ ᱢᱮᱱᱟᱜᱼᱟ ᱾
598,फिर मेरे ख्याल से तुम कल छुट्टी ले लो तो अच्छा रहेगा।,ᱮᱱᱠᱷᱟᱱ ᱤᱧᱤᱧ ᱢᱚᱱᱮᱭᱟ ᱜᱟᱯᱟ ᱟᱢ ᱪᱷᱩᱴᱤᱢ ᱦᱟᱛᱟᱣ ᱞᱣᱠᱷᱟᱱ ᱵᱷᱟᱜᱮ ᱦᱩᱭᱩᱜᱼᱟ ᱾,"ᱚᱱᱟ ᱛᱟᱭᱚᱢ ᱤᱧ ᱢᱚᱱᱮ ᱦᱩᱭᱩᱜ ᱠᱟᱱᱟ ᱡᱮ ᱟᱢ ᱦᱚᱭᱦᱩᱫᱮ ᱪᱷᱟᱹᱲ ᱦᱟᱛᱟᱣ ᱢᱮ, ᱚᱱᱟ ᱫᱚ ᱱᱟᱯᱟᱭ ᱦᱩᱭᱩᱜᱼᱟ ᱾"
599,आखिर इस रैली में ऐसा है क्या ?,ᱱᱚᱶᱟ ᱨᱮᱹᱞᱤ ᱨᱮᱭᱟᱜ ᱢᱩᱬᱩᱫ ᱠᱟᱛᱷᱟ ᱫᱚ ᱪᱮᱫ ?,ᱢᱩᱪᱟᱹᱫ ᱨᱮ ᱱᱚᱶᱟ ᱨᱮᱞᱤ ᱨᱮ ᱪᱮᱫ ᱱᱚᱶᱟ ᱢᱮᱱᱟᱜᱼᱟ?
600,हरदम ऐसी बहुत-सी रैलियाँ होती ही रहती हैं।,ᱡᱟᱣ ᱜᱮ ᱟᱹᱰᱤᱜᱟᱱ ᱨᱮᱹᱞᱤ ᱦᱩᱭᱩᱜᱼᱟ ᱾,ᱱᱚᱶᱟ ᱞᱮᱠᱟᱱ ᱟᱭᱢᱟ ᱨᱮᱹᱞᱤ ᱡᱚᱛᱚ ᱚᱠᱛᱮ ᱜᱮ ᱦᱳᱭᱳᱜᱼᱟ ᱾
601,यह बहुत बड़ी होगी।,ᱱᱚᱶᱟ ᱫᱚ ᱢᱟᱨᱟᱝ ᱧᱚᱜ ᱜᱮ ᱦᱩᱭᱩᱜᱼᱟ ᱾,ᱱᱚᱶᱟ ᱫᱚ ᱟᱹᱰᱤ ᱢᱟᱨᱟᱝ ᱦᱳᱭᱳᱜᱼᱟ ᱾
602,"क्योंकि सभी बड़ी पार्टियाँ, भारतीय जनता पार्टी, तृणमूल कांग्रेस और कम्युनिस्ट पार्टी इसमें हिस्सा लेने वाली हैं।","ᱪᱮᱫᱟᱜ ᱥᱮ ᱡᱚᱛᱚ ᱢᱩᱲᱩᱛ ᱯᱟᱹᱴᱤᱠᱩ, ᱵᱷᱟᱨᱚᱛᱤᱭᱟᱹ ᱡᱚᱱᱚᱛᱟ ᱯᱟᱹᱴᱤ, ᱛᱨᱤᱱᱚᱢᱩᱞ ᱠᱚᱝᱜᱨᱮᱥ ᱯᱟᱹᱴᱤ, ᱟᱨ ᱠᱚᱢᱤᱭᱱᱤᱥᱴ ᱯᱟᱹᱴᱤ ᱱᱤᱭᱟᱹ ᱨᱮ ᱦᱤᱸᱥ ᱠᱩ ᱦᱟᱛᱟᱣᱮᱫᱟ ᱾","ᱪᱮᱫᱟᱜ ᱥᱮ ᱥᱟᱱᱟᱢ ᱢᱟᱨᱟᱝ ᱜᱟᱫᱮᱞ, ᱵᱷᱟᱨᱚᱛ ᱨᱮᱱ ᱡᱟᱱᱛᱟ ᱜᱟᱫᱮᱞ, ᱴᱨᱤᱢᱩᱱᱚᱞ ᱠᱚᱝᱜᱨᱮᱥ ᱟᱨ ᱠᱚᱢᱤᱭᱩᱱᱤᱥᱴ ᱜᱟᱫᱮᱞ ᱠᱚ ᱥᱮᱞᱮᱫ ᱦᱩᱭᱩᱜ ᱠᱟᱱᱟ ᱾"
603,सभी?,ᱩᱝᱠᱩ ᱡᱚᱛᱚ ᱜᱤ ?,ᱥᱟᱱᱟᱢᱟᱜ?
604,हाँ और मुझे लगता है कि तुम शायद ही समय पर घर पहुँच पाओगी।,"ᱦᱮᱸ, ᱟᱨ ᱤᱧᱟᱜ ᱦᱤᱸᱫᱤᱡᱽ ᱫᱚ ᱡᱩᱫᱤ ᱟᱢ ᱫᱚ ᱚᱠᱛᱚ ᱢᱩᱫᱨ ᱤᱧᱟᱜ ᱚᱲᱟᱜ ᱨᱮᱢ ᱥᱮᱴᱮᱨ ᱫᱟᱲᱮᱭᱟᱜᱼᱟ ᱾",ᱦᱩᱭᱩᱜ ᱠᱟᱱᱟ ᱟᱨ ᱤᱧ ᱢᱚᱱᱮ ᱦᱩᱭᱩᱜ ᱠᱟᱱᱟ ᱟᱢ ᱟᱹᱰᱤ ᱠᱚᱢ ᱚᱠᱛᱚ ᱨᱮ ᱚᱲᱟᱜ ᱨᱮᱭ ᱥᱮᱴᱮᱨᱚᱜᱼᱟ ᱾
605,अगर तुम कल ऑफ़िस जाती हो तो।,ᱡᱩᱫᱤ ᱟᱢ ᱫᱚ ᱜᱟᱯᱟ ᱚᱯᱷᱤᱥᱛᱮᱢ ᱪᱟᱞᱟᱜᱠᱷᱟᱱ ᱾,ᱟᱢ ᱡᱩᱫᱤ ᱦᱚᱭᱦᱩᱫᱮ ᱚᱯᱷᱤᱥ ᱨᱮᱭ ᱥᱮᱱᱚᱜᱼᱟ ᱾
606,मुझे भी ऐसा लग रहा है।,ᱤᱧᱟᱜ ᱡᱟᱹᱥᱛᱤ ᱦᱤᱸᱫᱤᱡᱽ ᱢᱮᱱᱟᱜᱼᱟ ᱾,ᱤᱧ ᱦᱚᱸ ᱚᱱᱟ ᱞᱮᱠᱟ ᱢᱚᱱᱮ ᱦᱩᱭᱩᱜ ᱠᱟᱱᱟ ᱾
607,लेकिन मुझे इसके बारे में कुछ नहीं पता।,ᱢᱮᱱᱠᱷᱟᱱ ᱤᱧ ᱫᱚ ᱱᱤᱭᱟᱹ ᱵᱟᱵᱚᱫ ᱪᱮᱫ ᱦᱚᱸ ᱵᱟᱹᱧ ᱵᱟᱰᱟᱭᱟ ᱾,ᱢᱮᱱᱠᱷᱟᱱ ᱤᱧ ᱱᱚᱣᱟ ᱵᱟᱨᱮᱛᱮ ᱪᱮᱫᱦᱚᱸ ᱵᱟᱝ ᱵᱟᱰᱟᱭ ᱠᱟᱱᱟ ᱾
608,वे ऐसा क्यों कर रहे हैं?,ᱪᱮᱫᱟᱜ ᱩᱝᱠᱩ ᱫᱚ ᱱᱤᱭᱟᱹᱠᱩ ᱠᱚᱨᱟᱣᱮᱫᱟ ?,ᱩᱱᱠᱩ ᱪᱮᱫ ᱞᱟᱹᱜᱤᱫ ᱱᱚᱶᱟ ᱠᱚ ᱠᱚᱨᱟᱣ ᱟᱠᱟᱫᱟ?
609,"वो ऐसा इसलिए कर रहे हैं क्योंकि सरकार ने घोषणापत्र में जैसा वादा किया था, वैसा कुछ भी नहीं किया।",ᱩᱝᱠᱩ ᱫᱚ ᱱᱚᱣᱟᱠᱩ ᱠᱚᱨᱟᱣᱮᱫᱟ ᱪᱮᱫᱟᱜ ᱥᱮ ᱥᱚᱨᱠᱟᱨ ᱩᱪᱷᱟᱹᱱ ᱥᱟᱠᱟᱢᱨᱮᱭ ᱠᱤᱨᱤᱭᱟᱹᱣᱟᱠᱟᱫ ᱡᱚᱛᱚ ᱵᱟᱭ ᱠᱚᱨᱟᱣᱮᱫᱟ ᱾,ᱩᱱᱠᱩ ᱫᱚ ᱱᱚᱶᱟ ᱠᱚ ᱠᱚᱨᱟᱣ ᱟᱠᱟᱫᱟ ᱚᱡᱮ ᱫᱚ ᱥᱚᱨᱠᱟᱨ ᱩᱪᱷᱟᱹᱱ ᱨᱮ ᱡᱟᱦᱟᱸ ᱠᱟᱛᱷᱟ ᱮᱢ ᱦᱩᱭ ᱞᱮᱱᱟ ᱚᱱᱟ ᱞᱮᱠᱟ ᱪᱮᱫ ᱦᱚᱸ ᱵᱟᱝ ᱠᱚ ᱠᱚᱨᱟᱣ ᱟᱠᱟᱫᱟ ᱾
610,अच्छा ऐसा क्या?,ᱚᱱᱟ ᱫᱚ ᱠᱤ ᱚᱝᱠᱟᱱ ?,"ᱱᱚᱶᱟ ᱫᱚ ᱪᱮᱫ, ᱱᱟᱯᱟᱭ?"
611,तो उस समय के बारे में क्या जब भारतीय जनता पार्टी सत्ता में थी?,ᱛᱟᱦᱚᱞᱮ ᱵᱷᱟᱨᱚᱛᱤᱭᱟᱹ ᱡᱚᱱᱚᱛᱟ ᱯᱟᱹᱴᱤᱭ ᱥᱟᱥᱚᱱᱮᱫ ᱛᱟᱦᱮᱸᱠᱟᱱ ᱚᱠᱛᱚ ᱪᱮᱫ ᱦᱩᱭᱩᱜᱼᱟ ?,"ᱚᱱᱟᱛᱮ ᱵᱷᱟᱨᱚᱛ ᱨᱮᱱ ᱡᱟᱱᱛᱟ ᱜᱟᱫᱮᱞ ᱡᱟᱦᱟᱸ ᱚᱠᱛᱚ ᱫᱟᱲᱮ ᱨᱮ ᱛᱟᱦᱮᱸ ᱠᱟᱱᱟ, ᱚᱱᱟ ᱚᱠᱛᱚ ᱨᱮᱭᱟᱜ ᱪᱮᱫ ᱦᱩᱭᱩᱜᱼᱟ?"
612,उन्होंने भी तो वादे के अनुसार कुछ नहीं किया।,ᱩᱝᱠᱩ ᱫᱚ ᱡᱟᱦᱟᱸ ᱠᱩ ᱠᱤᱨᱤᱭᱟᱹᱣᱟᱠᱟᱫ ᱫᱚ ᱵᱟᱝᱠᱩ ᱠᱟᱹᱢᱤᱭᱟᱠᱟᱫᱟ ᱾,ᱮᱢᱚᱱ ᱪᱮᱫ ᱩᱱᱠᱩ ᱦᱚᱸ ᱠᱟᱛᱷᱟ ᱞᱮᱠᱟᱛᱮ ᱪᱮᱫ ᱦᱚᱸ ᱵᱟᱝ ᱠᱚ ᱠᱚᱨᱟᱣ ᱟᱠᱟᱫᱟ ᱾
613,"सही है, पर कौन ध्यान देता है?","ᱥᱟ,ᱨᱤ ᱠᱟᱛᱷᱟ, ᱢᱮᱱᱠᱷᱟᱱ ᱚᱠᱚᱭᱮ ᱪᱤᱱᱛᱟᱹᱭᱟ ?","ᱦᱩᱭᱩᱜ ᱠᱟᱱᱟ, ᱢᱮᱱᱠᱷᱟᱱ ᱡᱟᱦᱟᱸᱭ ᱫᱚ ᱢᱚᱱᱮ ᱟᱠᱟᱫᱟᱭ?"
614,"पॉलिटिक्स तो हमेशा से ही ऐसी है, है ना?","ᱨᱟᱡᱟᱹᱨᱤ ᱢᱟ ᱱᱚᱝᱠᱟ ᱜᱤ ᱦᱩᱭᱩᱜ ᱥᱟᱱᱟᱢ ᱚᱠᱛᱚ, ᱥᱮ ᱵᱟᱝ ?","ᱨᱟᱡᱟᱹᱨᱤ ᱫᱚ ᱦᱩᱭᱩᱜ ᱠᱟᱱᱟ ᱚᱱᱟ ᱞᱮᱠᱟ, ᱵᱟᱝ?"
615,"हाँ, वो पब्लिसिटी और ऐसी ही बहुत-सी चीज़ों के लिए एक दूसरे का विरोध किया करते हैं।","ᱦᱮᱸ, ᱩᱝᱠᱩ ᱫᱚ ᱯᱟᱥᱱᱟᱣ ᱟᱨ ᱫᱩᱨᱤᱵᱽᱠᱩ ᱞᱟᱹᱜᱤᱫ ᱢᱤᱫᱽᱮᱴᱟᱜᱤᱡᱽ ᱵᱤᱨᱩᱫᱠᱚ ᱡᱟᱸᱜᱮ ᱫᱟᱨᱟᱢᱟ ᱾","ᱦᱩᱭᱩᱜ ᱠᱟᱱᱟ, ᱩᱪᱷᱟᱹᱱ ᱟᱨ ᱚᱱᱟ ᱞᱮᱠᱟᱱ ᱟᱭᱢᱟ ᱠᱟᱹᱢᱤ ᱞᱟᱹᱜᱤᱫ ᱩᱱᱠᱩ ᱢᱤᱫ ᱦᱚᱲ ᱟᱨ ᱢᱤᱫ ᱦᱚᱲ ᱵᱤᱨᱩᱫᱷ ᱨᱮᱭ ᱞᱟᱹᱲᱦᱟᱹᱭ ᱞᱮᱫᱟ ᱾"
616,"लेकिन असलियत में, इसका कोई असर नहीं होता।",ᱢᱮᱱᱠᱷᱟᱱ ᱱᱟᱦᱟᱜ ᱨᱮ ᱱᱤᱭᱟᱹ ᱠᱩ ᱨᱮᱭᱟᱜ ᱡᱟᱦᱟᱸᱱ ᱞᱟᱵᱷ ᱵᱟᱹᱱᱩᱜᱼᱟ ᱾,"ᱢᱮᱱᱠᱷᱟᱱ ᱥᱟᱫᱷᱟᱨᱚᱱ ᱞᱮᱠᱟᱛᱮ, ᱱᱚᱶᱟ ᱨᱮᱭᱟᱜ ᱡᱟᱦᱟᱱ ᱮᱥᱮᱨ ᱵᱟᱝ ᱛᱟᱦᱮᱸᱱᱟ ᱾"
617,बस हम लोगों को ट्रैफ़िक और बाकी सभी चीज़ों को भुगतना पड़ता है।,ᱴᱨᱟᱯᱯᱷᱤᱠ ᱟᱨ ᱡᱚᱛᱚᱞᱮᱠᱟᱱᱟᱜ ᱛᱮᱜᱤ ᱪᱮᱫᱟᱜ ᱥᱮ ᱟᱞᱮ ᱪᱷᱟᱰᱟ ᱮᱴᱟᱜ ᱠᱩ ᱠᱩ ᱥᱟᱥᱮᱛᱚᱜ ᱠᱟᱱᱟ ᱾,ᱥᱩᱢᱩᱝ ᱟᱢ ᱦᱚᱲ ᱠᱚ ᱴᱨᱟᱯᱷᱤᱠ ᱟᱨ ᱮᱴᱟᱜ ᱥᱟᱱᱟᱢᱟᱜ ᱮ ᱜᱷᱟᱹᱞᱚᱜᱼᱟ ᱾
618,"बिल्कुल, उम्मीद करती हूँ कि ये सब कल शाम तक नहीं चलता रहेगा।","ᱥᱟᱹᱨᱤᱜᱤ, ᱤᱧ ᱟᱥᱚᱜ ᱠᱟᱱᱟ ᱱᱤᱭᱟᱹ ᱫᱳ ᱜᱟᱯᱟ ᱟᱹᱭᱩᱯ ᱫᱷᱟᱹᱵᱤᱡᱽ ᱪᱟᱞᱟᱜᱼᱟ ᱾","ᱜᱚᱴᱟ ᱜᱮ, ᱟᱭᱢᱟᱜᱟᱱ ᱡᱮ ᱱᱚᱶᱟ ᱥᱟᱱᱟᱢ ᱫᱚ ᱦᱚᱭᱦᱩᱫᱮ ᱪᱟᱸᱫᱳ ᱦᱟᱹᱵᱤᱡ ᱵᱟᱝ ᱪᱟᱞᱟᱣᱚᱜᱼᱟ ᱾"
619,तुम जाओगी क्या?,ᱟᱢ ᱦᱚᱸᱢ ᱪᱟᱞᱟᱜᱼᱟ ?,ᱟᱢ ᱪᱮᱫ ᱪᱟᱞᱟᱣᱚᱜ ᱠᱟᱱᱟ?
620,"मुझे जाना ही पड़ेगा, ऑफ़िस में बहुत सारा काम है।","ᱤᱧ ᱦᱚᱸ ᱪᱟᱞᱟᱜ ᱦᱩᱭᱩᱜᱛᱤᱧᱟ, ᱚᱯᱷᱤᱥ ᱨᱮ ᱟᱭᱢᱟ ᱠᱟᱹᱢᱤ ᱢᱮᱱᱟᱜᱛᱤᱧᱟ ᱾","ᱤᱧ ᱪᱟᱞᱟᱣ ᱦᱩᱭᱩᱜ ᱛᱟᱢᱟ, ᱚᱯᱷᱤᱥ ᱨᱮ ᱟᱭᱢᱟ ᱠᱟᱹᱢᱤ ᱢᱮᱱᱟᱜᱼᱟ ᱾"
621,मैं इस कारण से छुट्टी भी नहीं ले सकती।,ᱚᱱᱟ ᱞᱟᱹᱜᱤᱫᱛᱮ ᱪᱷᱩᱴᱤ ᱵᱟᱹᱧ ᱦᱟᱛᱟᱣ ᱫᱟᱲᱮᱭᱟᱜᱼᱟ ᱾,ᱱᱚᱶᱟ ᱚᱡᱮᱛᱮ ᱤᱧ ᱪᱷᱟᱹᱲ ᱦᱚᱸ ᱵᱟᱝ ᱮᱢ ᱫᱟᱲᱮᱭᱟᱜᱼᱟ ᱾
622,फिर कल पब्लिक ट्रांसपोर्ट से जाना।,ᱯᱟᱵᱞᱤᱠ ᱥᱟᱜᱟᱲᱚᱢᱛᱮ ᱜᱟᱯᱟ ᱪᱟᱞᱟᱜ ᱢᱮ ᱾,ᱚᱱᱟ ᱛᱟᱭᱚᱢ ᱦᱚᱭᱦᱩᱫᱮ ᱦᱚᱲ ᱰᱟᱦᱟᱨ ᱪᱟᱞᱟᱣ ᱢᱮ ᱾
623,कुछ नहीं कहा जा सकता कि कल क्या हो जाए।,ᱟᱞᱮ ᱵᱟᱝᱜᱤᱞᱮ ᱵᱟᱰᱟᱭᱟ ᱪᱮᱫ ᱦᱩᱭ ᱫᱟᱲᱮᱭᱟᱜᱼᱟ ᱾,ᱦᱚᱭᱦᱩᱫᱮ ᱪᱮᱫ ᱦᱳᱭᱳᱜᱼᱟ ᱚᱱᱟ ᱪᱮᱫᱦᱚᱸ ᱵᱟᱝ ᱞᱟᱹᱭ ᱫᱟᱲᱮᱭᱟᱜᱼᱟ ᱾
624,अगर कल कहीं लड़ाई-झगड़े ही हो जाएँ तो?,ᱪᱮᱫ ᱦᱩᱭᱩᱜᱼᱟ ᱡᱩᱫᱤ ᱚᱸᱰᱮ ᱞᱟᱹᱲᱦᱟᱹᱭ ᱦᱩᱭᱩᱜᱼᱟ ?,ᱦᱚᱭᱦᱩᱫᱮ ᱡᱩᱫᱤ ᱡᱟᱦᱟᱱ ᱞᱟᱹᱲᱦᱟᱹᱭ ᱦᱳᱭᱳᱜᱼᱟ ᱾
625,"याद है, उन्होंने साल भर पहले तुम्हारे कलीग की बाइक जला दी थी?","ᱫᱤᱥᱟᱹᱭᱢᱮ, ᱩᱝᱠᱩ ᱫᱚ ᱟᱯᱮᱨᱮᱱ ᱥᱚᱦᱮᱫ ᱠᱟᱹᱢᱤᱭᱟᱹᱠᱩᱣᱟᱜ ᱵᱟᱭᱤᱠ ᱠᱩ ᱡᱮᱨᱮᱫ ᱞᱮᱫᱟ ᱢᱤᱫ ᱥᱮᱨᱢᱟ ᱞᱟᱦᱟ?","ᱢᱚᱱᱮ ᱦᱩᱭᱩᱜ ᱠᱟᱱᱟ, ᱢᱤᱫ ᱥᱮᱨᱢᱟ ᱞᱟᱦᱟ ᱩᱱᱠᱩ ᱫᱚ ᱟᱢᱚᱨ ᱠᱞᱤᱜ ᱠᱤ بائیᱠ ᱠᱚ ᱜᱷᱟᱹᱞ ᱞᱮᱫ ᱠᱚᱣᱟ ᱾"
626,तुम बहुत ज़्यादा चिंता कर रही हो।,ᱟᱢ ᱫᱚ ᱡᱟᱹᱥᱛᱤ ᱜᱮᱢ ᱵᱷᱟᱹᱵᱤᱛᱚᱜ ᱠᱟᱱᱟ ᱾,ᱟᱢ ᱟᱹᱰᱤ ᱰᱷᱮᱨ ᱩᱭᱦᱟᱹᱨ ᱫᱚᱦᱚ ᱮᱫᱟ ᱾
627,ऐसा कुछ नहीं होगा।,ᱚᱝᱠᱟᱱᱟᱜ ᱪᱮᱫ ᱜᱤ ᱵᱟᱝ ᱦᱩᱭᱩᱜᱼᱟ ᱾,ᱱᱚᱶᱟ ᱞᱮᱠᱟᱱ ᱪᱮᱫ ᱦᱚᱸ ᱵᱟᱝ ᱦᱩᱭᱩᱜᱼᱟ ᱾
628,"अरे, तुम्हें भूगोल में हमेशा सबसे अधिक नंबर कैसे मिल जाते हैं?","ᱮᱭ, ᱟᱢ ᱡᱟᱣᱜᱮ ᱚᱛᱱᱚᱜᱨᱮ ᱪᱮᱫ ᱞᱮᱠᱟᱛᱮ ᱡᱚᱛᱚᱠᱷᱚᱱ ᱰᱷᱮᱨ ᱱᱚᱢᱵᱚᱨ ᱮᱢ ᱟᱹᱜᱩᱭᱟ ?","ᱮᱦ, ᱟᱢ ᱪᱮᱫ ᱞᱮᱠᱟᱛᱮ ᱥᱟᱱᱟᱢ ᱚᱠᱛᱚ ᱜᱮ ᱚᱛᱱᱚᱜ ᱨᱮ ᱡᱚᱛᱚ ᱠᱷᱚᱱ ᱰᱷᱮᱨ ᱮᱞ ᱧᱟᱢᱼᱟ?"
629,तुम तो शायद ही कभी पढ़ते हो।,ᱟᱢ ᱦᱟᱞᱮᱜᱮᱢ ᱯᱟᱲᱦᱟᱣ ᱟᱠᱟᱫᱟ ᱾,ᱟᱢ ᱟᱹᱰᱤ ᱠᱚᱢ ᱜᱮ ᱯᱟᱲᱦᱟᱣᱼᱟ ᱾
630,और एक मैं हूँ!,ᱟᱨ ᱤᱱᱟᱹ ᱛᱟᱭᱚᱢ ᱤᱧ ᱢᱤᱱᱟᱹᱧᱟ ᱾,ᱟᱨ ᱢᱤᱫᱴᱟᱝ ᱤᱧ ᱠᱟᱱᱟ ᱾
631,इसके पीछे एक छोटा सा राज़ है।,"ᱦᱟᱭ, ᱤᱧᱟᱹᱜ ᱛᱷᱚᱲᱟ ᱩᱠᱩ ᱠᱟᱛᱷᱟ ᱢᱮᱱᱟᱜᱼᱟ ᱡᱟᱦᱟᱸᱫᱚ ᱤᱧ ᱢᱟᱱᱟᱣᱼᱟ ᱾",ᱱᱚᱶᱟ ᱛᱟᱭᱚᱢ ᱢᱤᱫᱴᱟᱝ ᱦᱩᱰᱤᱧ ᱱᱤᱴ ᱢᱮᱱᱟᱜᱼᱟ ᱾
632,जो मैं किसी को बताउंगा नहीं....,ᱡᱟᱦᱟᱸᱭ ᱠᱚ ᱥᱟᱶᱛᱮ ᱵᱟᱢ ᱥᱮᱭᱟᱨᱼᱟ ᱹᱹᱹᱹ,ᱡᱟᱦᱟᱸ ᱫᱚ ᱤᱧ ᱡᱟᱦᱟᱸᱭ ᱦᱚᱸ ᱵᱟᱝ ᱞᱟᱹᱭ ᱤᱧᱢᱮ ᱾..
633,"खैर मज़ाक एक तरफ, बात ये है कि मेरी शुरू से ही भूगोल में बहुत रुचि है।","ᱡᱳᱠᱥ ᱛᱟᱞᱟᱨᱮ ᱦᱚᱸ, ᱟᱥᱚᱞᱨᱮ ᱚᱛᱱᱚᱜ ᱪᱮᱛᱟᱱ ᱤᱧᱟᱹᱜ ᱜᱟᱹᱦᱤᱨ ᱜᱚᱨᱚᱡᱽ ᱢᱮᱱᱟᱜ ᱛᱤᱧᱟᱹ ᱟᱹᱰᱤ ᱞᱟᱦᱟ ᱠᱷᱚᱱᱜᱮ ᱾","ᱢᱤᱫ ᱥᱮᱫ, ᱠᱟᱛᱷᱟ ᱫᱚ ᱦᱩᱭᱩᱜ ᱠᱟᱱᱟ, ᱤᱧ ᱮᱛᱚᱦᱚᱵ ᱠᱷᱚᱱ ᱜᱮ ᱚᱛᱱᱚᱜ ᱨᱮ ᱟᱹᱰᱤ ᱱᱟᱯᱟᱭ ᱛᱟᱦᱮᱸ ᱠᱟᱱᱟ ᱾"
634,"सच कहता हूँ, मैं सारा दिन इसी विषय को नहीं पढ़ता रहता हूँ।","ᱥᱟᱹᱨᱤ ᱠᱟᱛᱷᱟ ᱢᱮᱱᱛᱮᱫᱚ, ᱥᱟᱨᱟ ᱜᱷᱟᱹᱲᱤ ᱫᱚ ᱤᱧ ᱵᱟᱹᱧ ᱯᱟᱲᱦᱟᱜᱼᱟ ᱾","ᱥᱟᱡᱚᱥᱛᱮ ᱞᱟᱹᱭ ᱢᱮ, ᱤᱧ ᱥᱟᱱᱟᱢ ᱫᱤᱱ ᱜᱮ ᱱᱚᱶᱟ ᱥᱟᱛᱟᱢ ᱫᱚ ᱵᱟᱝ ᱯᱟᱲᱦᱟᱣᱼᱟ ᱾"
635,कक्षा में जब मैम वे अध्याय पढ़ाती हैं तो मैं उसे वास्तविक सीन से जोड़ने की कोशिश करता हूँ और अपने मन में उसका एक चित्र बना लेता हूँ।,ᱠᱞᱟᱥ ᱪᱟᱞᱟᱜ ᱚᱠᱛᱚ ᱡᱚᱠᱷᱚᱱ ᱢᱟᱪᱮᱛᱟᱱᱤ ᱟᱞᱮᱭ ᱯᱚᱲᱦᱚᱱ ᱠᱚᱭ ᱯᱟᱲᱦᱟᱣ ᱞᱮᱭᱟ ᱩᱱᱫᱚ ᱤᱧ ᱱᱚᱶᱟᱠᱚ ᱥᱟᱨᱤᱭᱟ ᱪᱤᱛᱟᱹᱨ ᱥᱟᱶᱛᱮ ᱡᱚᱯᱲᱟᱣ ᱨᱮᱭᱟᱜ ᱤᱧ ᱨᱤᱠᱟᱹᱭᱟ ᱟᱨ ᱟᱨ ᱤᱧᱟᱹᱜ ᱢᱚᱱᱨᱮ ᱪᱤᱛᱟᱹᱨ ᱵᱮᱱᱟᱣ ᱨᱮᱭᱟᱜ ᱤᱧ ᱨᱤᱠᱟᱹᱭᱟ ᱾,"ᱤᱧ ᱡᱚᱠᱷᱚᱱ ᱤᱧᱟᱹᱜ ᱢᱟᱢ ᱚᱱᱟ ᱪᱚᱯᱚᱛᱟᱨ ᱠᱚ ᱥᱮᱪᱮᱫ ᱞᱮᱫᱮᱭᱟᱭ, ᱩᱱᱫᱚ ᱤᱧ ᱚᱱᱟ ᱫᱚ ᱜᱚᱴᱟᱼᱵᱩᱴᱟᱹ ᱪᱤᱛᱟᱹᱨ ᱥᱟᱞᱟᱜ ᱥᱮᱞᱮᱫ ᱞᱟᱹᱜᱤᱫ ᱮ ᱨᱤᱠᱟᱹᱭ ᱞᱮᱫᱟᱠᱚ ᱟᱨ ᱤᱧᱟᱹᱜ ᱢᱚᱱ ᱨᱮ ᱚᱱᱟ ᱨᱮᱭᱟᱜ ᱢᱤᱫᱴᱟᱝ ᱪᱤᱛᱟᱹᱨ ᱮ ᱵᱮᱱᱟᱣ ᱞᱮᱫᱟᱠᱚ ᱾"
636,इस तरह से कन्सेप्ट मुझे स्पष्ट रूप से समझ में आ जाते हैं।,ᱱᱚᱝᱠᱟ ᱛᱮᱜᱮ ᱤᱧᱟᱹᱜ ᱩᱭᱦᱟᱹᱨ ᱠᱚᱧ ᱴᱷᱟᱹᱣᱠᱟᱹᱭᱟ ᱾,ᱱᱚᱶᱟ ᱞᱮᱠᱟᱛᱮ ᱩᱭᱦᱟᱹᱨᱠᱚ ᱤᱧ ᱟᱹᱰᱤ ᱱᱟᱯᱟᱭ ᱛᱮ ᱵᱟᱰᱟᱭ ᱧᱟᱢ ᱟᱠᱟᱫᱟ ᱾
637,इसका क्या मतलब है कि तुम वास्तविक सीन से जोड़ने की कोशिश करते हो?,ᱥᱟᱹᱨᱤᱭᱟᱜ ᱦᱟᱞᱚᱛ ᱥᱟᱶ ᱢᱮᱥᱟᱭ ᱢᱮᱱᱛᱮ ᱫᱚ ᱟᱢ ᱪᱮᱫ ᱵᱩᱡᱷᱟᱹᱣ ᱟᱪᱚᱭᱮᱫᱟ ?,ᱱᱚᱶᱟ ᱨᱮᱭᱟᱜ ᱢᱮᱱᱮᱫ ᱫᱚ ᱪᱮᱫ ᱡᱮ ᱟᱢ ᱫᱚ ᱱᱟᱦᱟᱜ ᱪᱤᱛᱟᱹᱨ ᱥᱟᱞᱟᱜ ᱡᱳᱜᱟᱡᱳᱜ ᱠᱚᱨᱟᱣ ᱨᱮᱭᱟᱜ ᱮ ᱨᱤᱠᱟᱹ ᱟᱠᱟᱫᱟ?
638,"यह भूगोल है! इसमें तो बस पहाड़, नदियाँ, सागर, मौसम और कुछ गैर ज़रूरी संख्याएं हैं।","ᱱᱚᱶᱟᱫᱚ ᱚᱛᱱᱚᱜ ᱠᱟᱱᱟ ! ᱵᱩᱨᱩ,ᱱᱟᱹᱭ, ᱢᱟᱦᱟᱥᱟᱹᱢᱩᱫ,ᱫᱟᱜᱦᱚᱭ, ᱟᱨ ᱵᱟᱝ ᱞᱟᱹᱠᱛᱤᱭᱟᱱ ᱮᱞ ᱥᱟᱱᱟᱢᱟᱜ ᱜᱮ ᱢᱮᱱᱟᱜᱼᱟ ᱾","ᱱᱚᱶᱟ ᱫᱚ ᱚᱛᱱᱚᱜ ᱠᱟᱱᱟ ᱾ ᱱᱚᱶᱟ ᱨᱮ ᱥᱩᱢᱩᱝ ᱵᱩᱨᱩ, ᱱᱟᱹᱭ, ᱥᱟᱹᱢᱩᱫ, ᱦᱚᱭᱦᱩᱫ ᱟᱨ ᱠᱤᱪᱷᱩᱠ ᱵᱮᱼᱵᱩᱴᱟᱹ ᱮᱞ ᱢᱮᱱᱟᱜᱼᱟ ᱾"
639,इसमें तुम्हें पसंद भी क्या आता है?,ᱱᱚᱶᱟ ᱵᱟᱨᱮᱛᱮ ᱟᱢ ᱪᱮᱫ ᱮᱢ ᱠᱩᱥᱤᱭᱟᱜᱼᱟ ᱾,ᱱᱚᱶᱟ ᱠᱷᱚᱱ ᱟᱢ ᱪᱮᱫ ᱮᱢ ᱠᱷᱚᱡᱟ?
640,यह सभी उबाऊ वाले विषयों में से सबसे ज्यादा उबाऊ जैसा है।,ᱱᱚᱶᱟᱫᱚ ᱥᱟᱱᱟᱢ ᱟᱹᱲᱤᱥᱟᱱ ᱥᱟᱛᱟᱢ ᱠᱷᱚᱱ ᱟᱹᱲᱤᱥᱟᱜ ᱠᱟᱱᱟ ᱾,ᱱᱚᱶᱟ ᱫᱚ ᱥᱟᱱᱟᱢ ᱚᱵᱷᱟᱵᱽ ᱟᱱᱟᱜ ᱥᱟᱛᱟᱢ ᱠᱚ ᱢᱩᱫᱽᱨᱮ ᱡᱚᱛᱚ ᱠᱷᱚᱱ ᱚᱵᱷᱟᱵᱽ ᱟᱱᱟᱜ ᱾
641,अगर तुम ऐसा ही सोचते हो तो।,ᱟᱢ ᱡᱩᱫᱤ ᱱᱚᱝᱠᱟ ᱞᱮᱠᱟᱛᱮᱢ ᱩᱭᱦᱟᱹᱨᱟ ᱾,ᱟᱢ ᱡᱩᱫᱤ ᱚᱱᱟ ᱜᱮ ᱢᱚᱱᱮ ᱦᱩᱭᱩᱜ ᱟ ᱾
642,जैसा कि तुम्हें पता है मैं बहुत घूमता रहता हूँ और काफी सारी फिल्में भी देखता हूँ।,ᱟᱢᱮᱢ ᱵᱟᱲᱟᱭᱟ ᱤᱧᱫᱚ ᱟᱹᱰᱤᱧ ᱥᱟᱸᱜᱷᱟᱨᱟ ᱟᱨ ᱥᱤᱱᱟᱹᱢᱟᱦᱚᱸ ᱰᱷᱮᱨ ᱤᱧ ᱧᱮᱞᱟ ᱾,"ᱟᱢ ᱡᱟᱦᱟᱸᱢ ᱵᱟᱰᱟᱭ ᱠᱟᱱᱟ, ᱤᱧ ᱟᱹᱰᱤ ᱜᱟᱱ ᱪᱚᱞᱚᱛ ᱪᱤᱛᱟᱹᱨ ᱧᱮᱞ ᱞᱟᱹᱜᱤᱫ ᱛᱮ ᱤᱧ ᱟᱹᱰᱤ ᱜᱟᱱ ᱮ ᱪᱟᱞᱟᱣᱚᱜ ᱠᱟᱱᱟ ᱾"
643,"हम जो कुछ भी पढ़ते हैं वह हमारे चारों ओर ही होता है, हमें बस उसे देखने की ज़रूरत है।","ᱟᱵᱚ ᱡᱟᱦᱟᱸᱱᱟᱜ ᱜᱮᱵᱚᱱ ᱯᱟᱲᱦᱟᱜ, ᱚᱱᱟᱫᱚ ᱟᱵᱚ ᱵᱮᱲᱦᱟᱭᱛᱮᱜᱮ ᱢᱮᱱᱟᱜᱼᱟ, ᱟᱵᱚ ᱚᱱᱟ ᱧᱮᱧᱮᱞ ᱞᱟᱹᱠᱛᱤ ᱠᱟᱱᱟ ᱾","ᱤᱧᱟᱹᱜ ᱡᱟᱦᱟᱸ ᱪᱮᱫ ᱯᱟᱲᱦᱟᱣ ᱦᱩᱭᱩᱜ ᱠᱟᱱᱟ ᱚᱱᱟ ᱤᱧᱟᱹᱜ ᱥᱳᱨᱥᱳᱯᱳᱨ ᱢᱮᱱᱟᱜᱼᱟ, ᱤᱧᱟᱹᱜ ᱚᱱᱟ ᱧᱮᱞ ᱦᱩᱭᱩᱜ ᱛᱟᱢᱟ ᱾"
644,"इसलिए जब भी हम पढ़ते हैं तो मैं उन तस्वीरों और जिन जगहों पर मैं जा चुका हूँ, या फिर फिल्मों में मैंने जो देखा था, उन सब को याद करके जोड़ने की कोशिश करता हूँ।",ᱚᱱᱟᱛᱮ ᱟᱞᱮ ᱡᱟᱦᱟᱱᱟᱜ ᱜᱮ ᱞᱮ ᱯᱟᱲᱦᱟᱣᱼᱟ ᱚᱱᱟ ᱪᱤᱛᱟᱹᱨ ᱟᱨ ᱴᱷᱟᱶ ᱤᱧᱤᱧ ᱥᱮᱱ ᱟᱠᱟᱱᱟ ᱥᱮ ᱤᱧᱤᱧ ᱧᱮᱞ ᱟᱠᱟᱫᱟ ᱥᱤᱱᱟᱥᱹᱢᱟ ᱨᱮ ᱚᱱᱟᱠᱚ ᱫᱤᱥᱟᱹᱭ ᱨᱮᱭᱟᱜ ᱤᱧ ᱨᱤᱠᱟᱹᱭᱟ ᱟᱨ ᱚᱱᱟᱠᱚ ᱡᱚᱯᱲᱟᱣᱼᱟ ᱾,"ᱚᱱᱟᱛᱮ ᱡᱟᱦᱟᱸ ᱚᱠᱛᱮ ᱤᱧ ᱯᱟᱲᱦᱟᱣᱼᱟ, ᱤᱧ ᱚᱱᱟ ᱥᱟᱱᱟᱢ ᱪᱤᱛᱟᱹᱨ ᱟᱨ ᱡᱟᱦᱟᱸ ᱴᱷᱟᱶ ᱨᱮ ᱤᱧ ᱪᱟᱞᱟᱣ ᱟᱠᱟᱱᱟ, ᱥᱮ ᱪᱚᱞᱚᱛ ᱪᱤᱛᱟᱹᱨ ᱨᱮ ᱤᱧ ᱡᱟᱦᱟᱸ ᱧᱮᱞ ᱟᱠᱟᱫᱟ, ᱚᱱᱟ ᱠᱚ ᱩᱭᱦᱟᱹᱨ ᱠᱟᱛᱮ ᱥᱮᱞᱮᱫ ᱨᱮᱭᱟᱜ ᱮ ᱨᱤᱠᱟᱹᱭ ᱮᱫᱟ ᱾"
645,इस तरह उन चीज़ों का मैं सीन जैसा बना लेता हूँ और ऐसा ज्यादा लंबे समय तक याद रखा जा सकता है।,"ᱱᱚᱶᱟ ᱞᱮᱠᱟᱛᱮ ᱱᱚᱶᱟ ᱡᱤᱱᱤᱥ ᱫᱚ ᱤᱧᱴᱷᱮᱱ ᱟᱹᱰᱤ ᱧᱮᱞᱚᱜᱼᱟᱱ ᱠᱟᱱᱟ, ᱟᱨ ᱟᱹᱰᱤ ᱫᱤᱱ ᱦᱟᱹᱵᱤᱡᱽ ᱮᱢ ᱫᱤᱥᱟᱹ ᱰᱟᱲᱮᱭᱟᱜᱼᱟ ᱾",ᱱᱚᱶᱟ ᱞᱮᱠᱟᱛᱮ ᱤᱧ ᱚᱱᱟ ᱠᱚ ᱪᱤᱛᱟᱹᱨ ᱞᱮᱠᱟ ᱵᱮᱱᱟᱣ ᱮᱫᱟ ᱟᱨ ᱱᱚᱶᱟ ᱫᱚ ᱟᱨᱦᱚᱸ ᱟᱭᱢᱟ ᱫᱤᱱ ᱞᱟᱹᱜᱤᱫ ᱩᱭᱦᱟᱹᱨ ᱫᱚᱦᱚ ᱦᱳᱭᱳᱜᱼᱟ ᱾
646,क्या तुमने कभी इस तरह पढ़ने के बारे में सोचा है?,ᱟᱢ ᱡᱟᱦᱟᱸ ᱛᱤᱥᱮᱢ ᱩᱭᱦᱟᱹᱨ ᱟᱠᱟᱫᱟ ᱱᱚᱝᱠᱟ ᱞᱮᱠᱟᱛᱮᱢ ᱯᱟᱲᱦᱟᱜᱼᱟ ᱢᱮᱱᱛᱮ ?,ᱟᱢ ᱪᱮᱫ ᱱᱚᱶᱟ ᱞᱮᱠᱟᱛᱮ ᱯᱟᱲᱦᱟᱣ ᱨᱮᱭᱟᱜ ᱠᱟᱛᱷᱟ ᱩᱭᱦᱟᱹᱨ ᱟᱠᱟᱫᱟ?
647,"शायद तुम सही कह रहे हो, यह तरीका कभी-कभी मददगार साबित हो सकता है।","ᱦᱩᱭ ᱫᱟᱲᱮᱭᱟᱜᱼᱟ ᱟᱢᱮᱢ ᱥᱟᱹᱨᱤᱜᱮᱭᱟ, ᱱᱚᱶᱟ ᱦᱚᱨᱟ ᱠᱤᱪᱷᱤ ᱠᱤᱪᱷᱤ ᱚᱠᱛᱚ ᱜᱚᱲᱚᱭ ᱮᱢᱚᱜᱼᱟ ᱾","ᱦᱩᱭᱫᱟᱲᱮᱭᱟᱜᱼᱟ ᱟᱢ ᱱᱟᱯᱟᱭ ᱮᱢ ᱮᱫᱟ, ᱱᱚᱶᱟ ᱦᱚᱨᱟ ᱫᱚ ᱠᱤᱪᱷᱩ ᱚᱠᱛᱮ ᱨᱮ ᱜᱚᱲᱚ ᱮᱢ ᱫᱟᱲᱮᱭᱟᱜᱼᱟ ᱾"
648,"लेकिन जानते हो, मेरे लिए भूगोल जैसे विषय के साथ जुड़ना बहुत मुश्किल है।","ᱢᱮᱱᱠᱷᱟᱱ ᱟᱢᱮᱢ ᱵᱟᱲᱟᱭᱟ, ᱤᱧ ᱞᱟᱹᱜᱤᱫ ᱫᱚ ᱚᱛᱱᱚᱜ ᱞᱮᱠᱟᱱ ᱥᱟᱛᱟᱢ ᱥᱟᱶ ᱡᱚᱯᱲᱟᱜ ᱫᱚ ᱟᱹᱰᱤ ᱟᱡᱷᱟᱴ ᱜᱮᱭᱟ ᱟᱹᱰᱤ ᱟᱡᱷᱟᱴ ᱜᱮᱭᱟ ᱾","ᱢᱮᱱᱠᱷᱟᱱ ᱵᱟᱰᱟᱭ ᱢᱮ, ᱤᱧ ᱞᱟᱹᱜᱤᱫ ᱡᱳᱨᱳᱯᱷᱤᱠᱟᱨ ᱞᱮᱠᱟᱱ ᱥᱟᱛᱟᱢ ᱥᱟᱞᱟᱜ ᱡᱳᱜᱟᱡᱳᱜ ᱠᱚᱨᱟᱣ ᱟᱹᱰᱤ ᱟᱱᱟᱴ ᱠᱟᱱᱟ ᱾"
649,शायद तुम्हें यह अच्छा लगता है क्योंकि तुम बहुत घूमते रहते हो; मेरे मामले में यह सब बस काल्पनिक जानकारी है।,"ᱦᱩᱭ ᱫᱟᱲᱮᱭᱟᱜᱼᱟ ᱱᱚᱶᱟᱫᱚ ᱟᱢᱮ ᱨᱤᱡᱷᱟᱹᱣ ᱢᱮᱭᱟ ᱪᱮᱫᱟᱜ ᱥᱮ ᱟᱢᱫᱚ ᱟᱹᱰᱤ ᱟᱴᱮᱢ ᱥᱟᱸᱜᱷᱟᱨᱼᱟ ; ᱤᱧᱟᱹᱜ ᱡᱚᱠᱷᱮᱡᱽ ᱫᱚ, ᱮᱴᱟᱜ ᱥᱮᱡᱽᱛᱮ, ᱱᱚᱶᱟ ᱠᱚᱫᱚ ᱥᱟᱱᱟᱢ ᱩᱭᱦᱟᱹᱨᱟᱱᱟᱜ ᱛᱮᱛᱮᱫ ᱠᱟᱱᱟ ᱾",ᱦᱩᱭᱫᱟᱲᱮᱭᱟᱜᱼᱟ ᱟᱢ ᱱᱚᱶᱟ ᱫᱚ ᱱᱟᱯᱟᱭ ᱮᱢ ᱢᱮ ᱪᱮᱫᱟᱜ ᱥᱮ ᱟᱢ ᱟᱹᱰᱤ ᱰᱷᱮᱨ ᱪᱟᱞᱟᱣᱚᱜ ᱠᱟᱱᱟ; ᱤᱧᱟᱹᱜ ᱠᱟᱛᱷᱟ ᱞᱮᱠᱟᱛᱮ ᱱᱚᱶᱟ ᱥᱟᱱᱟᱢᱟᱜ ᱜᱮ ᱩᱭᱦᱟᱹᱨᱟᱱ ᱰᱚᱜᱚᱨ ᱠᱟᱱᱟ ᱾
650,"इसके अलावा, हमारे पाठ्यक्रम के अनुसार हमें भारत का भूगोल पढ़ाया जाता है और तुम लोगों को शायद दुनिया की सबसे अच्छी जगहों के बारे में पढ़ाया जाता है!","ᱱᱚᱶᱟ ᱪᱷᱟᱰᱟ ᱠᱟᱛᱮᱜ ᱦᱚᱸ, ᱟᱞᱮᱭᱟᱜ ᱯᱚᱲᱦᱚᱱ ᱨᱮᱭᱟᱜ ᱦᱤᱸᱥ ᱞᱮᱠᱟᱛᱮ ᱵᱷᱟᱨᱚᱛ ᱨᱮᱭᱟᱜ ᱚᱛᱱᱚᱜ ᱢᱮᱱᱟᱜᱼᱟ, ᱟᱨ ᱟᱯᱮ ᱠᱚᱫᱚ ᱡᱮᱜᱮᱫ ᱨᱮᱭᱟᱜ ᱥᱚᱨᱮᱥ ᱴᱷᱟᱶᱨᱮ ᱯᱮ ᱯᱟᱲᱦᱟᱜ ᱠᱟᱱᱟ ᱾","ᱱᱚᱶᱟ ᱵᱮᱜᱚᱨ ᱦᱚᱸ, ᱤᱧᱟᱹᱜ ᱠᱳᱥᱥ ᱞᱮᱠᱟᱛᱮ ᱵᱷᱟᱨᱚᱛ ᱨᱮᱭᱟᱜ ᱚᱛᱱᱚᱜ ᱥᱮᱪᱮᱫ ᱮᱢ ᱦᱳᱭᱳᱜᱼᱟ ᱟᱨ ᱟᱢ ᱦᱚᱲ ᱠᱚ ᱦᱩᱭᱫᱟᱲᱮᱭᱟᱜᱼᱟ ᱡᱮᱜᱮᱫ ᱨᱮᱭᱟᱜ ᱥᱚᱨᱮᱥ ᱴᱷᱟᱶ ᱠᱚ ᱤᱫᱤ ᱠᱟᱛᱮ ᱥᱮᱪᱮᱫ ᱮᱢ ᱦᱳᱭᱳᱜᱼᱟ ᱾"
651,हमारे लिए यह बहुत अलग है!,ᱟᱞᱮ ᱠᱚ ᱞᱟᱹᱜᱤᱫ ᱱᱚᱶᱟᱫᱚ ᱵᱷᱮᱜᱟᱨ ᱜᱮᱭᱟ ᱾,ᱤᱧᱟᱹᱜ ᱞᱟᱹᱜᱤᱫ ᱱᱚᱶᱟ ᱫᱚ ᱟᱹᱰᱤ ᱵᱷᱮᱜᱟᱨ ᱠᱟᱱᱟ ᱾
652,"मैं समझता हूँ कि तुम्हारे लिए यह थोड़ा अलग है, लेकिन तुम कुछ चुनिंदा विषयों पर थोड़े वीडियो देख सकती हो, उससे भी तुम्हें थोड़ी जानकारी मिलेगी।","ᱤᱧ ᱵᱩᱡᱷᱟᱹᱣ ᱮᱫᱟ ᱱᱚᱶᱟᱫᱚ ᱱᱟᱥᱮ ᱵᱷᱮᱜᱟᱨ ᱜᱮᱭᱟ, ᱢᱮᱱᱠᱷᱟᱱ ᱟᱢ ᱵᱟᱪᱷᱟᱣ ᱟᱠᱟᱱ ᱥᱟᱛᱟᱢ ᱠᱷᱚᱱ ᱠᱤᱪᱷᱤ ᱵᱷᱤᱰᱚᱭᱳ ᱧᱮᱞ ᱨᱮᱭᱟᱜ ᱮᱢ ᱨᱤᱠᱟᱹ ᱫᱟᱲᱮᱭᱟᱜᱼᱟ, ᱚᱱᱟ ᱡᱟᱦᱟᱱᱟᱜ ᱦᱩᱰᱤᱥᱮ ᱮᱢᱚᱜᱼᱟ ᱾","ᱤᱧ ᱢᱚᱱᱮ ᱦᱩᱭᱩᱜ ᱠᱟᱱᱟ ᱱᱚᱶᱟ ᱫᱚ ᱟᱢᱟᱜ ᱞᱟᱹᱜᱤᱫ ᱠᱤᱪᱷᱩᱠ ᱵᱷᱮᱜᱟᱨ, ᱢᱮᱱᱠᱷᱟᱱ ᱟᱢ ᱠᱤᱪᱷᱩᱠ ᱵᱟᱪᱷᱱᱟᱣ ᱥᱟᱛᱟᱢ ᱪᱮᱛᱟᱱ ᱨᱮ ᱠᱤᱪᱷᱩᱠ ᱵᱷᱤᱰᱤᱣ ᱧᱮᱞ ᱫᱟᱲᱮᱭᱟᱜᱼᱟ, ᱱᱚᱶᱟ ᱠᱷᱚᱱ ᱦᱚᱸ ᱟᱢ ᱠᱤᱪᱷᱩᱠ ᱰᱚᱜᱚᱨ ᱧᱟᱢ ᱫᱟᱲᱮᱭᱟᱜᱼᱟ ᱾"
653,मैंने पहले कुछ इसी तरह से शुरुआत की थी और फिर दूसरे रास्ते खोजे।,ᱤᱧᱫᱚ ᱢᱤᱫ ᱞᱮᱠᱟᱛᱮ ᱮᱦᱚᱵ ᱨᱮ ᱮᱦᱚᱵ ᱞᱮᱫᱟ ᱟᱨ ᱤᱱᱟᱹ ᱛᱟᱭᱚᱢ ᱫᱚᱥᱟᱨ ᱦᱚᱨᱟᱧ ᱯᱟᱸᱡᱟ ᱧᱟᱢ ᱞᱮᱫᱟ ᱾,ᱤᱧ ᱢᱟᱲᱟᱝ ᱨᱮ ᱢᱤᱫ ᱞᱮᱠᱟᱱ ᱠᱤᱪᱷᱩ ᱮᱛᱚᱦᱚᱵ ᱞᱮᱫᱟᱠᱚ ᱟᱨ ᱚᱱᱟ ᱛᱟᱭᱚᱢ ᱮᱴᱟᱜ ᱩᱯᱟᱹᱭ ᱮ ᱛᱚᱞᱟᱥ ᱞᱮᱫᱟᱠᱚ ᱾
654,यह काफी कुछ ऑडियो-विज़ुअल जैसी चीज है।,ᱱᱚᱶᱟᱫᱚ ᱚᱰᱤᱭᱳ ᱵᱷᱤᱡᱩᱣᱟᱞ ᱠᱷᱚᱱ ᱰᱷᱮᱨ ᱜᱮᱭᱟ ᱾,ᱱᱚᱶᱟ ᱫᱚ ᱟᱹᱰᱤ ᱠᱚᱢ ᱚᱰᱤᱣᱳᱼᱵᱷᱤᱡᱩᱭᱮᱞ ᱞᱮᱠᱟᱱ ᱠᱟᱱᱟ ᱾
655,अगर तुम चाहो तो मैं इसमें तुम्हारी मदद कर सकता हूँ।,ᱟᱢᱮᱢ ᱠᱷᱚᱡᱽ ᱠᱷᱟᱱ ᱱᱚᱶᱟᱨᱮ ᱟᱢᱤᱧ ᱜᱚᱲᱚ ᱟᱢᱟ ᱾,"ᱟᱢ ᱡᱩᱫᱤ ᱮᱢ ᱠᱷᱚᱡᱟ, ᱮᱱᱠᱷᱟᱱ ᱤᱧ ᱟᱢ ᱱᱚᱶᱟ ᱨᱮ ᱜᱚᱲᱚ ᱮᱢ ᱫᱟᱲᱮᱭᱟᱜᱼᱟ ᱾"
656,"हाँ, मुझे लगता है कि मुझे ऐसा करना अच्छा लगेगा।","ᱦᱮ, ᱤᱧ ᱚᱱᱟᱢᱟᱱ ᱮᱫᱟ ᱤᱧ ᱱᱚᱶᱟᱧ ᱠᱩᱥᱤᱭᱟᱜᱼᱟ ᱾","ᱦᱩᱭᱩᱜ ᱠᱟᱱᱟ, ᱤᱧ ᱢᱚᱱᱮ ᱦᱩᱭᱩᱜ ᱠᱟᱱᱟ ᱤᱧ ᱱᱚᱶᱟ ᱠᱚᱨᱟᱣ ᱫᱚ ᱱᱟᱯᱟᱭ ᱦᱩᱭᱩᱜᱼᱟ ᱾"
657,क्या तुम्हें लगता है कि इतना घूमने फिरने के कारण तुम्हें यह विषय पसंद आने लगा या फिर इसका उल्टा है?,ᱟᱢᱮᱢ ᱢᱚᱱᱮᱭᱟ ᱵᱟᱹᱲᱛᱤ ᱥᱟᱸᱜᱷᱟᱨ ᱫᱚ ᱟᱢᱟᱜ ᱠᱩᱥᱤᱭᱟᱜ ᱥᱟᱛᱟᱢ ᱪᱮᱛᱟᱱ ᱠᱩᱥᱤᱭ ᱯᱷᱚᱴᱮᱞ ᱟᱠᱟᱫᱟ ᱥᱮ ᱱᱚᱶᱟ ᱮᱴᱟᱜ ᱞᱮᱠᱟ ᱦᱩᱭ ᱫᱟᱲᱮᱭᱟᱜᱼᱟ ?,"ᱟᱢ ᱪᱮᱫ ᱢᱚᱱᱮ ᱦᱩᱭᱩᱜ ᱠᱟᱱᱟ ᱡᱮ, ᱟᱢ ᱱᱚᱣᱟ ᱥᱟᱛᱟᱢ ᱫᱚ ᱟᱹᱰᱤ ᱱᱟᱯᱟᱭ ᱮᱢ ᱧᱟᱢ ᱟᱠᱟᱫᱟ ᱥᱮ ᱚᱱᱟ ᱨᱮᱭᱟᱜ ᱮᱴᱟᱜ ᱥᱮ ᱵᱟᱝ?"
658,"मेरा मतलब है कि जब तुम यात्राओं पर निकलते हो तो क्या मौसम की स्थितियों, जगहों, इमारतों, और ऐसी कितनी ही चीजों के बारे में यह सब जानकारी तुम्हारे काम आती है?","ᱤᱧ ᱞᱟᱹᱭ ᱟᱪᱚᱭᱮᱫᱟ, ᱟᱢ ᱡᱚᱠᱷᱚᱱ ᱡᱟᱭᱜᱟᱠᱚᱢ ᱯᱟᱸᱡᱟᱭᱟ ᱩᱱᱡᱚᱠᱷᱚᱱ ᱦᱚᱭᱦᱤᱥᱤᱫ ᱨᱮᱭᱟᱜ ᱦᱟᱞᱚᱛ,ᱴᱷᱟᱶ,ᱜᱚᱲᱦᱚᱱ ᱟᱨ ᱪᱮᱫ ᱠᱟᱹᱢᱤᱨᱮ ᱞᱟᱜᱟᱜᱼᱟ ᱥᱮ ᱵᱟᱝ ᱚᱱᱟ ᱵᱟᱨᱮᱛᱮᱱᱟᱜ ᱥᱟᱱᱟᱢ ᱰᱚᱜᱚᱨ ᱠᱚᱫᱚ ᱪᱮᱫ ᱠᱟᱱᱟ ?","ᱤᱧ ᱢᱮᱱ ᱮᱫᱟ, ᱟᱢ ᱡᱚᱠᱷᱚᱱ ᱥᱟᱸᱜᱷᱟᱨ ᱨᱮ ᱪᱟᱞᱟᱣᱚᱜᱼᱟ, ᱩᱱ ᱚᱠᱛᱚ ᱦᱚᱭᱦᱩᱫᱥᱤᱫ ᱨᱮᱭᱟᱜ ᱦᱚᱭᱦᱩᱫᱥᱤᱫ, ᱴᱷᱟᱶ, ᱚᱲᱟᱜ ᱟᱨ ᱱᱚᱶᱟ ᱞᱮᱠᱟᱱ ᱟᱭᱢᱟ ᱞᱮᱠᱟᱱ ᱟᱭᱢᱟᱜᱟᱱ ᱟᱭᱢᱟᱜᱟᱱ ᱟᱭᱢᱟᱜᱟᱱ ᱟᱭᱢᱟᱜᱟᱱ ᱟᱭᱢᱟᱜᱟᱱ ᱟᱭᱢᱟᱜᱟᱱ ᱟᱭᱢᱟᱜᱟᱱ ᱟᱭᱢᱟᱜᱟᱱ ᱟᱭᱢᱟᱜᱟᱱ ᱟᱭᱢᱟᱜᱟᱱ ᱟᱭᱢᱟᱜᱟᱱ ᱟᱭᱢᱟᱜᱟᱱ ᱟᱭᱢᱟᱜᱟᱱ ᱟᱭᱢᱟᱜᱟᱱ ᱟᱭᱢᱟᱜᱟᱱ ᱟᱭᱢᱟᱜᱟᱱ ᱟᱭᱢᱟᱜᱟᱱ ᱟᱭᱢᱟᱜᱟᱱ ᱟᱭᱢᱟᱜᱟᱱ ᱟᱭᱢᱟᱜᱟᱱ ᱟᱭᱢᱟᱜᱟᱱ ᱟᱭᱢᱟᱜᱟᱱ ᱟᱭᱢᱟᱜᱟᱱ ᱟᱭᱢᱟᱜ"
659,"विशेष रूप से भारत में, जहां देखने लायक शायद ही कुछ है!",ᱠᱷᱟᱥ ᱠᱟᱨᱛᱮ ᱵᱷᱟᱨᱚᱛᱨᱮ ᱡᱟᱦᱟᱸᱨᱮ ᱧᱮᱞ ᱞᱮᱠᱟᱱᱟᱜ ᱠᱷᱟᱥ ᱫᱚ ᱵᱟᱹᱱᱩᱜᱼᱟ !,"ᱵᱤᱥᱮᱥᱠᱟᱭᱛᱮ ᱵᱷᱟᱨᱚᱛ ᱨᱮ, ᱡᱟᱦᱟᱸ ᱨᱮ ᱧᱮᱞ ᱞᱟᱹᱜᱤᱫ ᱟᱹᱰᱤ ᱠᱚᱢ ᱠᱤᱪᱷᱩ ᱢᱮᱱᱟᱜᱼᱟ ᱾"
660,ऐसी बात नहीं है।,ᱱᱚᱶᱟᱫᱚ ᱟᱥᱚᱞᱨᱮ ᱜᱷᱚᱴᱚᱱ ᱵᱟᱝ ᱠᱟᱱᱟ ᱾,ᱱᱚᱶᱟ ᱞᱮᱠᱟᱱ ᱫᱚ ᱵᱟᱝ ᱠᱟᱱᱟ ᱾
661,"भारत में देखने लायक बहुत कुछ है, कई बड़े जलाशय, पहाड़ियाँ और मैदानी इलाके तुम्हें भारत में भी मिलेंगे।","ᱵᱷᱟᱨᱚᱛᱨᱮ ᱟᱞᱮᱠᱚ ᱧᱮᱞ ᱞᱟᱹᱜᱤᱫ ᱟᱹᱰᱤ ᱠᱤᱪᱷᱤ ᱢᱮᱱᱟᱜᱼᱟ, ᱵᱟᱹᱲᱛᱤᱜᱮ ᱢᱩᱲᱩᱫ ᱫᱟᱜ ᱥᱚᱸᱛᱟᱞ, ᱵᱩᱨᱩ ᱟᱨ ᱢᱮᱞᱟᱱ ᱚᱛᱮᱫ ᱟᱢ ᱵᱷᱟᱨᱚᱛ ᱨᱮᱦᱚᱢ ᱧᱟᱢᱟ ᱾","ᱵᱷᱟᱨᱚᱛ ᱨᱮ ᱧᱮᱞ ᱞᱟᱹᱜᱤᱫ ᱟᱭᱢᱟ ᱢᱮᱱᱟᱜᱼᱟ, ᱵᱷᱟᱨᱚᱛ ᱨᱮ ᱟᱢ ᱟᱭᱢᱟ ᱢᱟᱨᱟᱝ ᱫᱟᱜᱫᱩᱱᱩᱞ, ᱵᱩᱨᱩ ᱟᱨ ᱢᱮᱞᱟᱱ ᱴᱚᱴᱷᱟ ᱧᱮᱞᱧᱟᱢᱚᱜᱼᱟ ᱾"
662,"उदाहरण के तौर पर अलग-अलग हिमालय पर्वतमालाएँ जो अलग अलग राज्यों से देखी जा सकती हैं, जैसे कि कंचनजंगा, तथा और भी कई हैं जो अपने आप में अनूठी हैं और हर पर्वतमाला की अपनी विशेषताएं हैं।","ᱡᱮᱢᱚᱱ ᱫᱟᱹᱭᱠᱟᱹ ᱞᱮᱠᱟᱛᱮ ᱥᱟᱵᱽ ᱢᱮ ᱦᱤᱢᱟᱞᱚᱭ ᱨᱟᱛᱟᱝᱵᱩᱨᱩ ᱟᱢ ᱟᱭᱢᱟ ᱯᱚᱱᱚᱛ ᱠᱷᱚᱱᱮᱢ ᱧᱮᱞ ᱧᱟᱢᱟ ᱡᱮᱞᱮᱠᱟ ᱠᱟᱧᱪᱚᱱᱡᱚᱝᱜᱷᱟ, ᱟᱨ ᱟᱨᱦᱚᱸ ᱟᱭᱢᱟ ᱠᱤᱪᱷᱤ ᱢᱮᱱᱟᱜᱼᱟ, ᱢᱤᱫ ᱞᱮᱠᱟᱱᱟᱜ ᱟᱨ ᱥᱟᱱᱟᱢ ᱨᱮᱧᱡᱽ ᱨᱮᱭᱟᱜ ᱟᱯᱱᱟᱨ ᱜᱩᱱᱠᱚ ᱦᱟᱹᱴᱤᱧ ᱮᱫ ᱞᱮᱠᱟᱱ ᱾","ᱫᱟᱹᱭᱠᱟᱹ ᱞᱮᱠᱟᱛᱮ, ᱟᱭᱢᱟ ᱯᱚᱱᱚᱛ ᱠᱷᱚᱱ ᱧᱮᱞ ᱧᱟᱢᱚᱜ ᱟ, ᱡᱮᱞᱮᱠᱟ ᱠᱚᱱᱪᱮᱱᱡᱟᱝᱜᱟ, ᱟᱨ ᱟᱨᱦᱚᱸ ᱟᱭᱢᱟ ᱢᱮᱱᱟᱜᱼᱟ ᱡᱟᱦᱟᱸ ᱫᱚ ᱟᱡᱛᱮ ᱵᱷᱮᱜᱟᱨ ᱟᱨ ᱥᱟᱱᱟᱢ ᱨᱟᱛᱟᱝ ᱵᱩᱨᱩ ᱨᱮᱭᱟᱜ ᱟᱡᱟᱜ ᱪᱤᱱᱦᱟᱹ ᱢᱮᱱᱟᱜᱼᱟ ᱾"
663,जलाशय भी कई स्थानों में विभाजित हो कर डेल्टा और द्वीप बना देते हैं।,ᱫᱟᱜ ᱥᱚᱛᱟᱞ ᱠᱚᱦᱚᱸ ᱵᱮᱥ ᱠᱤᱪᱷᱤ ᱴᱷᱟᱶᱨᱮ ᱦᱟᱹᱴᱤᱧ ᱨᱮᱭᱟᱜ ᱡᱷᱩᱸᱠ ᱢᱮᱱᱟᱜᱼᱟ ᱡᱟᱦᱟᱸ ᱠᱷᱟᱹᱛᱤᱨᱛᱮ ᱵᱚᱼᱰᱷᱤᱯ ᱟᱨ ᱰᱷᱤᱯᱠᱚ ᱵᱮᱱᱟᱜᱼᱟ ᱾,ᱫᱟᱜᱫᱩᱱᱩᱞ ᱫᱚ ᱵᱮᱥ ᱠᱤᱪᱷᱩ ᱴᱷᱟᱶ ᱨᱮ ᱦᱟᱹᱴᱤᱧ ᱟᱠᱟᱱᱟ ᱡᱟᱦᱟᱸ ᱫᱚ ᱰᱮᱞᱴᱟ ᱟᱨ ᱰᱷᱤᱯ ᱵᱮᱱᱟᱣ ᱟᱠᱟᱱᱟ ᱾
664,भूमि के उन टुकड़ों की अपनी अनोखी विशेषताएं होती हैं।,ᱚᱱᱟᱠᱚ ᱚᱛᱮᱫ ᱨᱮᱭᱟᱜ ᱟᱱᱯᱱᱟᱨ ᱠᱤᱪᱷᱤ ᱵᱷᱮᱜᱟᱨ ᱜᱩᱱ ᱢᱮᱱᱟᱜᱼᱟ ᱾,ᱚᱱᱟ ᱚᱛ ᱨᱮᱭᱟᱜ ᱦᱤᱸᱥ ᱠᱚ ᱨᱮᱭᱟᱜ ᱟᱡᱟᱜ ᱮᱴᱟᱜ ᱞᱮᱠᱟᱱ ᱪᱤᱱᱦᱟᱹ ᱢᱮᱱᱟᱜᱼᱟ ᱾
665,शायद तुम सही हो! मुझे मिस ली की भारत के भूगोल की क्लास याद है और कैसे उन्होंने हमारे लिए एक रोचक तस्वीर गढ़ी थी।,"ᱦᱩᱭ ᱫᱟᱲᱮᱭᱟᱜᱼᱟ ᱟᱢᱮᱢ ᱥᱟᱹᱨᱤᱜᱮᱭᱟ ! ᱤᱧ ᱫᱤᱥᱟᱹᱭᱮᱫᱟ ᱵᱷᱨᱚᱛ ᱨᱮᱭᱟᱜ ᱚᱛᱱᱚᱜ ᱪᱮᱛᱟᱱ ᱢᱤᱥᱥ ᱞᱤᱭᱟᱼᱟᱜ ᱠᱞᱟᱥ, ᱟᱨ ᱩᱱᱤ ᱪᱮᱫ ᱞᱮᱠᱟᱛᱮ ᱟᱞᱮ ᱞᱟᱹᱜᱤᱫ ᱢᱤᱫ ᱨᱤᱡᱷᱟᱹᱣᱱᱟ ᱪᱤᱛᱟᱹᱨᱮ ᱠᱷᱚᱫᱟ ᱞᱮᱫᱟ ᱾",ᱦᱩᱭᱫᱟᱲᱮᱭᱟᱜᱼᱟ ᱟᱢ ᱱᱟᱯᱟᱭ ᱠᱟᱱᱟ! ᱤᱧ ᱢᱤᱥ ᱞᱤᱭᱟᱜ ᱵᱷᱟᱨᱚᱛ ᱨᱮᱭᱟᱜ ᱚᱛᱱᱚᱜ ᱨᱮᱭᱟᱜ ᱥᱮᱪᱮᱫ ᱟᱨ ᱩᱱᱤ ᱪᱮᱫ ᱞᱮᱠᱟᱛᱮ ᱤᱧᱟᱹᱜ ᱞᱟᱹᱜᱤᱫ ᱢᱤᱫᱴᱟᱝ ᱱᱟᱯᱟᱭ ᱪᱤᱛᱟᱹᱨ ᱮ ᱵᱮᱱᱟᱣ ᱞᱮᱫᱟ ᱚᱱᱟ ᱤᱧ ᱩᱭᱦᱟᱹᱨ ᱟᱠᱟᱫᱟ ᱾
666,यह बस विषय को और रोचक बनाने के लिए अलग-अलग तरीके और चालें इस्तेमाल करने के बारे में है।,ᱟᱢ ᱟᱢᱛᱮᱜᱮ ᱟᱭᱢᱟ ᱴᱤᱯᱥ ᱟᱨ ᱠᱟᱹᱭᱫᱩᱥ ᱵᱮᱣᱦᱟᱨ ᱠᱟᱛᱮᱜ ᱥᱟᱛᱟᱢ ᱛᱮᱫ ᱟᱨᱦᱚᱸ ᱨᱤᱡᱷᱟᱹᱣ ᱟᱱᱟᱜ ᱮᱢ ᱵᱮᱱᱟᱣ ᱫᱟᱲᱮᱭᱟᱜᱼᱟ ᱾,ᱱᱚᱶᱟ ᱫᱚ ᱥᱩᱢᱩᱝ ᱥᱟᱛᱟᱢ ᱫᱚ ᱟᱨᱦᱚᱸ ᱱᱟᱯᱟᱭ ᱠᱚᱨᱟᱣ ᱞᱟᱹᱜᱤᱫ ᱟᱭᱢᱟ ᱦᱚᱨᱟ ᱟᱨ ᱦᱚᱨᱟ ᱵᱮᱣᱦᱟᱨ ᱨᱮᱭᱟᱜ ᱠᱟᱛᱷᱟ ᱠᱟᱱᱟ ᱾
667,मुझे बहुत दिनों तक घर से बाहर रहना पसंद नहीं है लेकिन मैं अपना दिमाग खुला रखने की और तुम्हारे नज़रिए से चीज़ों को देखने की कोशिश करूंगी।,ᱤᱧᱫᱚ ᱠᱤᱪᱷᱤ ᱫᱤᱱ ᱞᱟᱹᱜᱤᱫ ᱚᱲᱟᱜ ᱵᱟᱹᱜᱤ ᱠᱟᱴᱮᱜ ᱥᱮᱱᱚ ᱫᱚ ᱵᱟᱹᱧ ᱠᱩᱥᱤᱭᱟᱜᱼᱟ ᱮᱱᱠᱷᱟᱱ ᱦᱩᱭ ᱫᱟᱲᱮᱭᱟᱜᱼᱟ ᱤᱧ ᱨᱟᱲᱟ ᱢᱚᱱᱛᱮ ᱛᱟᱦᱮᱱ ᱨᱮᱭᱟᱜ ᱤᱧ ᱨᱤᱠᱟᱹᱭᱟ ᱟᱨ ᱟᱢ ᱞᱮᱠᱟ ᱡᱤᱱᱤᱥ ᱠᱚ ᱧᱮᱞ ᱨᱮᱭᱟᱜ ᱤᱧ ᱨᱤᱠᱟᱹᱭᱟ ᱾,ᱤᱧ ᱟᱭᱢᱟ ᱫᱤᱱ ᱞᱟᱹᱜᱤᱫ ᱚᱲᱟᱜ ᱠᱷᱚᱱ ᱵᱟᱝ ᱦᱮᱡ ᱞᱟᱹᱜᱤᱫ ᱤᱧ ᱤᱧᱟᱹᱜ ᱢᱚᱱ ᱫᱚ ᱪᱷᱟᱹᱲ ᱫᱚᱦᱚ ᱞᱟᱹᱜᱤᱫ ᱟᱨ ᱟᱢᱟᱜ ᱧᱮᱞ ᱛᱮ ᱠᱟᱹᱢᱤ ᱠᱚ ᱧᱮᱞ ᱞᱟᱹᱜᱤᱫ ᱮ ᱨᱤᱠᱟᱹᱭ ᱮᱫᱟ ᱾
668,ये शो और फिल्में मेरे काम आ सकती हैं।,ᱱᱚᱶᱟ ᱥᱳ ᱟᱨ ᱥᱤᱱᱟᱹᱢᱟ ᱫᱚ ᱟᱞᱜᱟᱛᱮ ᱦᱮᱡᱽ ᱫᱟᱲᱮᱭᱟᱜᱼᱟ ᱾,ᱱᱚᱶᱟ ᱥᱳ ᱟᱨ ᱪᱚᱞᱚᱛ ᱪᱤᱛᱟᱹᱨ ᱠᱚ ᱤᱧ ᱞᱟᱹᱜᱤᱫ ᱠᱟᱹᱢᱤ ᱫᱟᱲᱮᱭᱟᱜᱼᱟ ᱾
669,"बहुत अच्छा बोले, यार! बहुत बहुत धन्यवाद!","ᱱᱟᱯᱟᱭ ᱠᱟᱛᱷᱟ, ᱦᱳ ! ᱟᱭᱢᱟ ᱥᱟᱨᱦᱟᱣ !","ᱟᱹᱰᱤ ᱱᱟᱯᱟᱭ ᱠᱟᱛᱷᱟ ᱞᱟᱹᱭ ᱟᱠᱟᱫᱟ, ᱠᱚᱲᱟ ᱜᱤᱫᱽᱨᱟᱹ! ᱟᱹᱰᱤ ᱜᱟᱱ ᱥᱟᱨᱦᱟᱶ ᱮᱢ ᱢᱮ ᱾"
670,वेलकम।,ᱟᱢᱟᱜ ᱥᱟᱹᱜᱩᱱ ᱫᱟᱨᱟᱢ ᱾,ᱳᱣᱟᱞᱠᱟᱢ ᱾
671,"हैलो, मैं यूनिवर्सिटी होस्टल से ज़ेड स्क्वायर मॉल जाने के लिए कैब बुक करने के लिए कॉल कर रही हूँ।","ᱦᱮᱞᱳ, ᱤᱧ ᱫᱚ ᱡᱮᱜᱮᱫᱽᱵᱤᱫᱫᱟᱹᱜᱟᱲ ᱠᱷᱚᱱ ᱡᱮᱴ ᱥᱠᱩᱭᱮᱨ ᱢᱚᱞ ᱫᱷᱟᱹᱵᱤᱡᱽ ᱤᱫᱤᱭᱤᱧ ᱞᱟᱹᱜᱤᱫᱽ ᱢᱤᱫᱴᱟᱝ ᱠᱮᱵᱽ ᱵᱩᱠᱤᱝ ᱵᱟᱵᱚᱫᱽᱤᱧ ᱦᱚᱦᱚᱭᱮᱫᱽᱠᱟᱱ ᱛᱟᱦᱮᱸᱠᱟᱱᱟ ᱾","ᱦᱮᱞᱳ, ᱤᱧ ᱡᱮᱹᱰ ᱥᱠᱳᱭᱟᱨ ᱢᱚᱞ ᱨᱮ ᱪᱟᱞᱟᱣ ᱞᱟᱹᱜᱤᱫ ᱢᱤᱫᱴᱟᱝ ᱠᱮᱵ ᱵᱚᱠ ᱠᱚᱨᱟᱣ ᱞᱟᱹᱜᱤᱫ ᱡᱮᱜᱮᱫ ᱵᱤᱨᱫᱟᱹᱜᱟᱲ ᱨᱮᱭᱟᱜ ᱦᱳᱥᱴᱮᱞ ᱠᱷᱚᱱ ᱠᱚᱞ ᱮᱫᱟ ᱾"
672,मुझे कितनी देर में मिल सकती है?,ᱛᱤᱱᱟᱹᱜ ᱩᱥᱟᱹᱨᱟ ᱤᱧᱫᱚ ᱢᱤᱫᱽᱴᱟᱝᱤᱧ ᱧᱟᱢ ᱫᱟᱲᱮᱭᱟᱜᱼᱟ ?,ᱤᱧ ᱛᱤᱱᱟᱹᱜ ᱫᱤᱱ ᱧᱟᱢ ᱫᱟᱲᱮᱭᱟᱜᱼᱟ?
673,मैं आपके पते पर अपना एक ड्राइवर तुरंत भेज सकती हूँ।,ᱤᱧ ᱫᱚ ᱟᱹᱰᱤ ᱩᱥᱟᱹᱨᱟ ᱟᱢᱟᱜᱽ ᱴᱷᱤᱠᱟᱹᱱᱟᱨᱮ ᱟᱞᱮᱨᱮᱢ ᱢᱤᱫᱴᱟᱝ ᱰᱨᱟᱭᱵᱷᱟᱨᱤᱧ ᱠᱩᱞᱫᱟᱲᱮᱣᱟᱭᱟ ᱾,ᱤᱧ ᱟᱢᱟᱜ ᱰᱨᱟᱭᱵᱷᱟᱨ ᱠᱚ ᱢᱩᱫᱨᱮ ᱢᱤᱫ ᱦᱚᱲ ᱫᱚ ᱩᱱᱚᱠᱛᱚ ᱟᱢᱟᱜ ᱰᱨᱮᱹᱥ ᱨᱮ ᱵᱷᱮᱡᱟ ᱫᱟᱲᱮᱭᱟᱜᱼᱟᱢ ᱾
674,आपको कहाँ से पिक अप करना है?,ᱚᱠᱟ ᱠᱷᱚᱱᱮ ᱫᱮᱡᱽᱢᱮᱭᱮᱢ ᱠᱷᱚᱡ ᱠᱟᱱᱟ ?,ᱟᱢ ᱪᱮᱫ ᱠᱷᱚᱱ ᱦᱟᱛᱟᱣ ᱦᱩᱭᱩᱜ ᱛᱟᱢᱟ?
675,मैं मेन कैम्पस में वेट करूँगी जो एंट्रेंस के बिल्कुल पास है।,ᱤᱧ ᱫᱚ ᱢᱩᱞ ᱠᱮᱢᱯᱟᱥᱨᱮᱧ ᱛᱟᱹᱜᱤᱭᱟ ᱡᱟᱦᱟᱸ ᱫᱚ ᱵᱚᱞᱚᱱ ᱜᱮᱴ ᱠᱷᱚᱱ ᱟᱹᱰᱤᱜᱤ ᱥᱩᱨ ᱜᱮᱭᱟ ᱾,ᱤᱧ ᱢᱮᱱ ᱠᱮᱢᱯᱟᱥ ᱨᱮ ᱵᱷᱮᱴ ᱠᱚᱨᱟᱣ ᱦᱩᱭᱩᱜ ᱠᱟᱱᱟ ᱡᱟᱦᱟᱸ ᱮᱱᱴᱨᱮᱱᱥ ᱴᱷᱮᱱ ᱢᱮᱱᱟᱜᱼᱟ ᱾
676,सिक्योरिटी गार्ड बिना किसी समस्या के आपको अंदर आने देगा।,ᱥᱮᱠᱩᱴᱤᱨᱤ ᱫᱚ ᱡᱟᱦᱟᱸᱱ ᱟᱱᱟᱴ ᱪᱷᱟᱰᱟᱜᱤᱭ ᱵᱚᱞᱚ ᱩᱪᱩᱣᱟᱢᱟ ᱾,ᱥᱠᱳᱭᱨᱤᱴᱤ ᱜᱟᱨᱰ ᱫᱚ ᱟᱢ ᱡᱟᱦᱟᱱ ᱟᱱᱟᱴ ᱵᱟᱝ ᱠᱟᱛᱮ ᱠᱚ ᱦᱮᱡ ᱫᱟᱲᱮᱭᱟᱜᱼᱟ ᱾
677,"ओके, क्या कैब कैम्पस के अंदर आ सकती है?","ᱴᱷᱤᱠᱜᱮᱭᱟ, ᱠᱮᱵ ᱫᱚ ᱠᱮᱢᱯᱟᱥ ᱵᱷᱤᱛᱨᱤᱨᱮᱭ ᱵᱚᱞᱚᱫᱟᱲᱮᱭᱟᱜᱽᱼᱟ ?","ᱳᱠᱮ, ᱠᱮᱵ ᱫᱚ ᱠᱮᱢᱯᱟᱥ ᱨᱮ ᱦᱮᱡ ᱫᱟᱲᱮᱭᱟᱜᱼᱟ ᱥᱮ ᱵᱟᱝ?"
678,क्या इसकी अनुमति है?,ᱚᱱᱟ ᱫᱚ ᱜᱟᱱᱚᱜᱽᱜᱮᱭᱟ ?,ᱱᱚᱶᱟ ᱨᱮᱭᱟᱜ ᱪᱷᱟᱹᱲ ᱮᱢ ᱦᱩᱭ ᱟᱠᱟᱱᱟ ᱥᱮ ᱵᱟᱝ?
679,हम एक बार किसी दूसरी यूनिवर्सिटी में मुसीबत में पड़ गए थे; मैं बस श्योर होने के लिए पूछ रही हूँ।,ᱟᱞᱮ ᱫᱚ ᱢᱤᱫᱽᱫᱷᱟᱣ ᱮᱴᱟᱜ ᱡᱮᱜᱮᱫᱽᱵᱤᱫᱫᱟᱹᱜᱟᱲᱨᱮ ᱟᱱᱟᱴᱨᱮᱞᱮ ᱯᱟᱲᱟᱣᱞᱮᱱᱟ; ᱤᱧ ᱫᱚ ᱴᱷᱟᱹᱣᱠᱟᱹᱭ ᱞᱟᱹᱜᱤᱫᱽᱛᱮᱧ ᱠᱩᱞᱤᱠᱟᱱᱟ ᱾,ᱤᱧᱟᱹᱜ ᱢᱤᱫ ᱚᱠᱛᱮ ᱮᱴᱟᱜ ᱡᱮᱜᱮᱫ ᱵᱤᱨᱫᱟᱹᱜᱟᱲ ᱨᱮ ᱟᱱᱟᱴ ᱦᱩᱭ ᱞᱮᱱᱟ; ᱤᱧ ᱥᱩᱢᱩᱝ ᱱᱟᱯᱟᱭ ᱛᱟᱦᱮᱸ ᱞᱟᱹᱜᱤᱫ ᱮ ᱢᱮᱱ ᱮᱫᱟ ᱾
680,अगर उन्हें पहले से बता दिया जाए तो कोई परेशानी नहीं है।,"ᱛᱤᱱ ᱦᱟᱹᱵᱤᱡᱽ ᱩᱝᱠᱩ ᱫᱚ ᱞᱟᱦᱟ ᱠᱷᱚᱱ ᱵᱟᱝᱠᱩ ᱵᱟᱰᱟᱭᱩᱪᱩᱜᱽᱠᱟᱱᱟ, ᱚᱱᱟ ᱫᱚ ᱵᱷᱟᱜᱤ ᱾","ᱡᱩᱫᱤ ᱩᱱᱠᱩ ᱢᱟᱲᱟᱝ ᱠᱷᱚᱱ ᱞᱟᱹᱭ ᱦᱳᱭᱳᱜᱼᱟ, ᱮᱱᱠᱷᱟᱱ ᱡᱟᱦᱟᱱ ᱟᱱᱟᱴ ᱵᱟᱝ ᱦᱩᱭᱩᱜᱼᱟ ᱾"
681,मैंने उन्हें अभी बता दिया है तो आपको अंदर आने में कोई परेशानी नहीं होगी।,ᱤᱧ ᱫᱚ ᱩᱝᱠᱩ ᱱᱤᱛᱚᱜᱽᱤᱧ ᱵᱟᱰᱟᱭᱩᱪᱩᱭᱮᱫᱠᱩᱣᱟ ᱚᱱᱟᱛᱮ ᱟᱢ ᱫᱚ ᱡᱟᱦᱟᱸᱱ ᱟᱱᱟᱴ ᱪᱷᱟᱰᱟᱜᱤᱢ ᱵᱚᱞᱚ ᱫᱟᱲᱮᱭᱟᱜᱽᱼᱟ ᱾,"ᱤᱧ ᱩᱱᱠᱚ ᱞᱟᱹᱭ ᱟᱠᱟᱫᱟ, ᱚᱱᱟᱛᱮ ᱟᱢ ᱴᱷᱮᱱ ᱦᱮᱡ ᱨᱮ ᱡᱟᱦᱟᱱ ᱟᱱᱟᱴ ᱵᱟᱝ ᱦᱩᱭᱩᱜᱼᱟ ᱾"
682,"ओके, क्या आप मुझे इस तरह का कोई डॉक्यूमेंट या स्क्रीनशॉट भेज सकती हैं?","ᱴᱷᱤᱠᱜᱮᱭᱟ, ᱟᱢ ᱠᱤ ᱱᱚᱣᱟ ᱥᱟᱹᱵᱤᱫᱽ ᱞᱟᱹᱜᱤᱫᱽ ᱡᱟᱦᱟᱸᱱ ᱰᱚᱠᱩᱢᱮᱱᱴ ᱫᱩᱨᱤᱵᱽ ᱥᱮ ᱥᱠᱨᱤᱱᱥᱦᱚᱨᱴᱮᱢ ᱠᱩᱞ ᱫᱟᱲᱮᱭᱟᱹᱧᱟ ?","ᱳᱠᱮ, ᱟᱢ ᱠᱤ ᱤᱧ ᱱᱚᱶᱟ ᱞᱮᱠᱟᱱ ᱡᱟᱦᱟᱱ ᱱᱩᱛᱚᱱᱟ ᱥᱮ ᱥᱠᱨᱤᱱᱥᱳᱴ ᱮᱢ ᱵᱷᱮᱡᱟ ᱫᱟᱲᱮᱭᱟᱜᱼᱟ?"
683,मैं आपको परेशान करने की माफी चाहती हूँ लेकिन यह कंपनी की पॉलिसी है।,"ᱟᱱᱟᱴ ᱩᱪᱩᱠᱮᱫᱽᱢᱮ ᱞᱟᱹᱜᱤᱫᱽ ᱤᱠᱟᱹᱧ ᱠᱷᱚᱡᱚᱜᱽ ᱠᱟᱱᱟ, ᱢᱮᱱᱠᱷᱟᱱ ᱱᱤᱭᱟᱹ ᱫᱚ ᱠᱚᱢᱯᱟᱱᱤ ᱨᱮᱭᱟᱜ ᱟᱹᱨᱤ ᱠᱟᱱᱟ ᱾","ᱤᱧ ᱟᱢ ᱠᱚ ᱞᱟᱹᱞᱤᱥ ᱮᱢ ᱞᱟᱹᱜᱤᱫ ᱛᱮ ᱤᱧ ᱫᱚ ᱥᱟᱨᱦᱟᱰᱚᱜ ᱠᱟᱱᱟ, ᱢᱮᱱᱠᱷᱟᱱ ᱱᱚᱶᱟ ᱫᱚ ᱠᱳᱢᱯᱟᱱᱤᱭᱟᱜ ᱟᱹᱨᱤ ᱠᱟᱱᱟ ᱾"
684,मेरे पास कैम्पस गाइडलाइन की कॉपी है जिसमें ऐसा लिखा है।,ᱠᱮᱢᱯᱟᱥ ᱩᱫᱩᱜᱽᱦᱚᱨᱟ ᱨᱮᱭᱟᱜ ᱢᱤᱫᱴᱟᱝ ᱠᱚᱯᱤ ᱤᱧ ᱴᱷᱮᱱ ᱢᱮᱱᱟᱜᱽᱼᱟ ᱡᱟᱦᱟᱸ ᱫᱚ ᱚᱱᱟᱭ ᱞᱟᱹᱭᱟ ᱾,ᱤᱧ ᱴᱷᱮᱱ ᱠᱮᱢᱯᱟᱥ ᱨᱮᱭᱟᱜ ᱰᱟᱦᱟᱨ ᱩᱫᱩᱜ ᱨᱮᱭᱟᱜ ᱢᱤᱫᱴᱟᱝ ᱠᱚᱯᱤ ᱢᱮᱱᱟᱜᱼᱟ ᱡᱟᱦᱟᱸ ᱨᱮ ᱱᱚᱶᱟ ᱚᱞ ᱢᱮᱱᱟᱜᱼᱟ ᱾
685,मैंने अभी आपको ये वॉट्सएप पर भेजा है।,ᱤᱧ ᱫᱚ ᱱᱤᱛᱜᱤ ᱚᱱᱟ ᱳᱣᱟᱴᱥᱮᱯ ᱨᱮᱧ ᱠᱩᱞᱟᱠᱟᱫᱽᱢᱮᱭᱟ ᱾,ᱤᱧ ᱱᱤᱛ ᱜᱮ ᱟᱢ ᱱᱚᱶᱟ ᱫᱚ ᱳᱭᱟᱴᱥ ᱮᱯ ᱨᱮ ᱮᱢ ᱵᱷᱮᱡᱟ ᱟᱠᱟᱫᱟ ᱾
686,"ओके, यह चल जाना चाहिए।","ᱴᱷᱤᱠᱜᱮᱭᱟ, ᱚᱱᱟ ᱫᱚᱭ ᱠᱟᱹᱢᱤ ᱫᱟᱲᱮᱭᱟᱜᱽᱼᱟ ᱾","ᱳᱠᱮ, ᱱᱚᱶᱟ ᱫᱚ ᱪᱟᱞᱟᱣ ᱦᱳᱭᱳᱜᱼᱟ ᱾"
687,भविष्य में सुविधा के लिए आप कैम्पस में हमारी सर्विस लेने के लिए ऐप का इस्तेमाल कर सकती हैं।,"ᱦᱟᱯᱮᱱᱨᱮ ᱥᱩᱵᱤᱫᱷᱟ ᱞᱟᱹᱜᱤᱫᱽ, ᱠᱮᱢᱯᱟᱥᱨᱮ ᱟᱞᱮᱭᱟᱜ ᱡᱚᱛᱱᱟᱣᱠᱩ ᱧᱟᱢ ᱞᱟᱹᱜᱤᱫᱽ ᱮᱯᱮᱢ ᱵᱮᱵᱚᱦᱟᱨ ᱫᱟᱲᱮᱭᱟᱜᱽᱼᱟ ᱾",ᱛᱟᱭᱚᱢ ᱫᱟᱨᱟᱢ ᱨᱮ ᱱᱟᱯᱟᱭ ᱞᱟᱹᱜᱤᱫ ᱟᱢ ᱠᱮᱢᱯᱟᱥ ᱨᱮ ᱟᱢᱨᱮᱱ ᱯᱚᱨᱤᱥᱮᱵᱟ ᱦᱟᱛᱟᱣ ᱞᱟᱹᱜᱤᱫ ᱮᱯ ᱫᱚ ᱵᱮᱣᱦᱟᱨ ᱫᱟᱲᱮᱭᱟᱜᱼᱟᱢ ᱾
688,इसका नाम है ट्रैवा-गो और यह गूगल प्ले स्टोर पर है।,ᱚᱱᱟ ᱫᱚ ᱴᱨᱟᱵᱷᱟᱼᱜᱳ ᱠᱩ ᱢᱮᱛᱟᱜᱽᱼᱟ ᱟᱨ ᱚᱱᱟ ᱫᱚ ᱜᱩᱜᱩᱞ ᱯᱞᱮᱥᱴᱳᱨᱨᱮ ᱧᱟᱢᱚᱜᱽᱼᱟ ᱾,ᱱᱚᱶᱟ ᱨᱮᱭᱟᱜ ᱧᱩᱛᱩᱢ ᱫᱚ ᱦᱩᱭᱩᱜ ᱠᱟᱱᱟ ᱴᱨᱟᱵᱷᱟᱼᱜᱳ ᱟᱨ ᱱᱚᱶᱟ ᱫᱚ ꯒꯨᱜᱚᱞ ᱯᱞᱮ ᱥᱴᱳᱨ ᱨᱮ ᱢᱮᱱᱟᱜᱼᱟ ᱾
689,इससे बहुत मदद मिल जाएगी।,ᱚᱱᱟ ᱫᱚ ᱢᱤᱫᱴᱟᱝ ᱢᱟᱨᱟᱝ ᱪᱩᱠᱛᱤᱭᱨᱮᱭ ᱜᱚᱲᱚᱜᱽᱼᱟ ᱾,ᱱᱚᱶᱟ ᱫᱚ ᱟᱹᱰᱤ ᱜᱚᱲᱚ ᱮᱢᱼᱟ ᱾
690,क्या आप होस्टल की जगह जानती हैं?,ᱟᱢ ᱫᱚ ᱪᱮᱫᱽ ᱦᱳᱥᱴᱮᱞ ᱨᱮᱭᱟᱜ ᱦᱩᱫᱤᱥᱴᱷᱤᱠᱟᱹᱱᱟ ᱵᱟᱵᱚᱫᱽᱮᱢ ᱵᱟᱰᱟᱭᱟ ?,ᱟᱢ ᱠᱤ ᱦᱳᱥᱴᱮᱞ ᱨᱮᱭᱟᱜ ᱴᱷᱟᱶᱮᱢ ᱵᱟᱰᱟᱭ ᱟᱠᱟᱱᱟ?
691,मैं यहाँ नई हूँ तो मुझे बहुत ज़्यादा पता नहीं है।,"ᱤᱧ ᱫᱚ ᱱᱚᱣᱟ ᱮᱞᱟᱠᱟᱨᱮᱧ ᱱᱟᱣᱟᱜᱮᱭᱟ, ᱚᱱᱟᱛᱮ ᱤᱧ ᱫᱚᱧ ᱵᱚᱛᱚᱨᱚᱜᱽᱠᱟᱱᱟ ᱟᱨ ᱤᱧᱟᱜᱽ ᱡᱟᱹᱥᱛᱤ ᱫᱷᱟᱨᱚᱱᱟ ᱦᱚᱸ ᱵᱟᱹᱱᱩᱜᱽᱛᱤᱧᱟ ᱾",ᱤᱧ ᱱᱚᱶᱟ ᱨᱮ ᱱᱟᱶᱟ ᱚᱱᱟᱛᱮ ᱤᱧ ᱟᱹᱰᱤ ᱰᱷᱮᱨ ᱵᱟᱝ ᱵᱟᱰᱟᱭ ᱠᱟᱱᱟ ᱾
692,"लेकिन मैं मुझे लगता है कि आपको जो ड्राइवर दिया जाएगा, वो जानता होगा।",ᱢᱮᱱᱠᱷᱟᱱ ᱤᱧ ᱫᱚᱧ ᱴᱷᱟᱹᱣᱠᱟᱹᱭᱟ ᱰᱨᱟᱭᱵᱷᱟᱨ ᱡᱟᱦᱟᱸᱭ ᱟᱢ ᱞᱟᱹᱜᱤᱫᱽ ᱮᱢ ᱦᱩᱭᱟᱠᱟᱱ ᱫᱚ ᱚᱱᱟᱠᱩ ᱰᱟᱦᱟᱨᱮ ᱵᱟᱰᱟᱭᱟ ᱾,"ᱢᱮᱱᱠᱷᱟᱱ ᱤᱧ ᱢᱚᱱᱮ ᱦᱩᱭᱩᱜ ᱠᱟᱱᱟ ᱡᱮ, ᱟᱢ ᱡᱟᱦᱟᱸ ᱰᱨᱟᱭᱵᱷᱟᱨ ᱮᱢ ᱦᱩᱭᱩᱜᱼᱟ, ᱩᱱᱤ ᱫᱚ ᱵᱟᱰᱟᱭ ᱛᱟᱦᱮᱸᱱᱟ ᱾"
693,मैं आपको लोकेशन भेजूँगी अगर उन्हें नहीं पता हो तो।,ᱤᱧ ᱫᱚ ᱟᱢ ᱛᱩᱨᱟᱹᱱᱛ ᱞᱳᱠᱮᱥᱚᱱᱤᱧ ᱠᱩᱞᱟᱢᱟ ᱡᱩᱫᱤ ᱩᱱᱤ ᱫᱚ ᱚᱱᱟᱠᱩ ᱵᱟᱭ ᱠᱚᱨᱟᱣᱟ ᱾,ᱤᱧ ᱟᱢ ᱴᱷᱟᱶ ᱮᱢ ᱵᱷᱮᱡᱟᱢᱮ ᱡᱩᱫᱤ ᱩᱱᱠᱩ ᱫᱚ ᱵᱟᱝ ᱵᱟᱰᱟᱭᱚᱜᱼᱟ ᱾
694,क्या मुझे पैसे पहले या अपनी जगह पर पहुँच जाने पर देने होंगे?,ᱤᱧ ᱠᱤ ᱞᱟᱦᱟᱨᱮᱜᱤ ᱴᱟᱠᱟ ᱢᱮᱴᱟᱣ ᱦᱩᱭᱩᱜᱽᱛᱤᱧᱟ ᱥᱮ ᱡᱟᱭᱜᱟ ᱥᱮᱴᱮᱨᱠᱟᱛᱮᱧ ᱢᱮᱴᱟᱣᱟ ?,ᱤᱧ ᱪᱮᱫ ᱯᱳᱭᱞᱳ ᱥᱮ ᱤᱧᱟᱹᱜ ᱴᱷᱟᱶ ᱨᱮ ᱥᱮᱴᱮᱨ ᱛᱟᱭᱚᱢ ᱠᱟᱹᱣᱰᱤ ᱮᱢ ᱦᱩᱭᱩᱜ ᱛᱟᱢᱟ?
695,आप जैसा चाहें।,ᱚᱱᱟ ᱫᱚ ᱟᱢᱟᱜᱽ ᱠᱩᱥᱤ ᱾,"ᱟᱢ ᱡᱟᱦᱟᱸᱢ ᱠᱷᱚᱡᱟ, ᱚᱱᱟᱢ ᱦᱟᱛᱟᱣ ᱢᱮ ᱾"
696,आप या तो एडवांस में दे सकते हैं या पहुँचने पर दे सकते हैं।,ᱟᱢ ᱫᱚ ᱞᱟᱦᱟᱨᱮᱜᱤ ᱴᱟᱠᱟᱢ ᱢᱮᱴᱟᱣ ᱫᱟᱲᱮᱭᱟᱜᱽᱼᱟ ᱵᱟᱝᱠᱷᱟᱱ ᱫᱮᱡᱽ ᱛᱟᱭᱚᱢ ᱦᱚᱸᱢ ᱢᱮᱴᱟᱣ ᱫᱟᱲᱮᱭᱟᱜᱽᱼᱟ ᱾,ᱟᱢ ᱢᱟᱲᱟᱝ ᱠᱷᱚᱱ ᱮᱢ ᱮᱢ ᱫᱟᱲᱮᱭᱟᱜᱼᱟᱢ ᱥᱮ ᱥᱮᱴᱮᱨ ᱛᱟᱭᱚᱢ ᱮᱢ ᱮᱢ ᱫᱟᱲᱮᱭᱟᱜᱼᱟᱢ ᱾
697,"अगर आप चाहते हैं कि कैब आपका वेट करे, तो इसके एक्स्ट्रा पैसे लगेंगे।","ᱡᱩᱫᱤ ᱟᱢ ᱞᱟᱹᱜᱤᱫᱽ ᱠᱮᱵ ᱛᱟᱹᱜᱤᱭ ᱞᱟᱹᱜᱛᱤᱭᱟ, ᱚᱱᱟ ᱞᱟᱹᱜᱤᱫᱽ ᱫᱚᱲᱦᱟᱛᱮ ᱴᱟᱠᱟ ᱞᱟᱜᱟᱜᱽᱼᱟ ᱾","ᱟᱢ ᱡᱩᱫᱤ ᱠᱮᱵ ᱫᱚ ᱟᱢᱟᱜ ᱳᱭᱮᱹᱴ ᱠᱚᱨᱟᱣ ᱠᱷᱚᱡᱟ, ᱮᱱᱠᱷᱟᱱ ᱱᱚᱶᱟ ᱞᱟᱹᱜᱤᱫ ᱟᱹᱰᱤ ᱰᱷᱮᱨ ᱠᱟᱹᱣᱰᱤ ᱠᱷᱚᱨᱪᱟ ᱦᱩᱭᱩᱜᱼᱟ ᱾"
698,इसकी कोई ज़रूरत नहीं होगी।,ᱚᱱᱟ ᱨᱮᱭᱟᱜ ᱞᱟᱹᱜᱛᱤ ᱵᱟᱹᱱᱩᱜᱽᱼᱟ ᱾,ᱱᱚᱶᱟ ᱨᱮᱭᱟᱜ ᱡᱟᱦᱟᱱ ᱞᱟᱹᱠᱛᱤ ᱵᱟᱝ ᱛᱟᱦᱮᱸᱱᱟ ᱾
699,मैं दस मिनट में तैयार हो जाऊँगी तो मुझे उम्मीद है कि कैब तब तक आ जाएगी।,ᱤᱧ ᱫᱚ ᱑᱐ ᱴᱤᱲᱤᱡᱽᱨᱮᱧ ᱥᱟᱯᱲᱟᱜᱽᱼᱟ ᱟᱨ ᱤᱧ ᱫᱚᱧ ᱟᱥᱚᱜᱽᱼᱟ ᱡᱮ ᱠᱮᱵ ᱫᱚ ᱚᱱᱟ ᱛᱟᱭᱚᱢᱜᱤ ᱧᱟᱢ ᱫᱟᱲᱮᱭᱟᱜᱽᱼᱟ ᱾,ᱤᱧ ᱜᱮᱞ ᱴᱤᱲᱤᱡ ᱢᱩᱫᱨᱮ ᱵᱮᱱᱟᱣᱚᱜᱼᱟ ᱚᱱᱟᱛᱮ ᱤᱧ ᱟᱭᱩᱢᱟᱹᱱ ᱮᱫᱟ ᱡᱮ ᱚᱱᱟ ᱚᱠᱛᱚ ᱦᱟᱹᱵᱤᱡ ᱠᱮᱵ ᱦᱮᱡᱚᱜᱼᱟ ᱾
700,"ओके, आपकी कैब 15 मिनट में आपकी लोकेशन पर पहुँच सकती है।","ᱴᱷᱤᱠᱜᱮᱭᱟ, ᱟᱢᱟᱜᱽ ᱠᱮᱵ ᱫᱚ ᱑᱕ ᱴᱤᱲᱤᱡᱽ ᱨᱮ ᱴᱷᱟᱹᱣᱠᱟᱹᱣᱟᱠᱟᱱ ᱞᱳᱠᱮᱥᱚᱱᱨᱮ ᱥᱮᱴᱮᱨᱚᱜᱽᱼᱟ ᱾","ᱳᱠᱮ, ᱟᱢᱟᱜ ᱠᱮᱵ ᱫᱚ 15 ᱴᱤᱲᱤᱡ ᱢᱩᱫᱨᱮ ᱟᱢᱟᱜ ᱴᱷᱟᱶ ᱨᱮ ᱥᱮᱴᱮᱨ ᱫᱟᱲᱮᱭᱟᱜᱼᱟ ᱾"
701,हमारी कैब सर्विस का इस्तेमाल करने के लिए धन्यवाद।,ᱟᱭᱢᱟ ᱥᱟᱨᱦᱟᱣ ᱟᱞᱮᱭᱟᱜᱽ ᱠᱮᱵ ᱵᱮᱵᱚᱦᱟᱨ ᱞᱟᱹᱜᱤᱫᱽᱛᱮ ᱾,ᱟᱢᱨᱮᱱ ᱠᱮᱵ ᱥᱟᱨᱵᱷᱤᱥ ᱵᱮᱣᱦᱟᱨ ᱞᱟᱹᱜᱤᱫ ᱛᱮ ᱟᱢ ᱫᱚ ᱥᱟᱨᱦᱟᱰᱚᱜ ᱠᱟᱱᱟ ᱾
702,"हैलो सर, मैं आदर्श की माँ हूँ।","ᱦᱮᱞᱳ ᱥᱮᱨ, ᱤᱧᱫᱚ ᱟᱫᱚᱨᱥ ᱟᱡᱽ ᱜᱚᱜᱚ ᱾","ᱦᱚᱞᱳ ᱥᱟᱨ, ᱤᱧ ᱦᱩᱭᱩᱜ ᱠᱟᱱᱟ ᱟᱭᱫᱟᱨᱟᱥ ᱨᱮᱱ ᱟᱭᱳ ᱾"
703,मैं यहाँ अपने बेटे के बारे में कुछ बात करना चाहती हूँ।,ᱤᱧᱫᱚ ᱤᱧᱨᱮᱱ ᱠᱚᱲᱟ ᱜᱤᱫᱨᱟᱹ ᱵᱟᱵᱚᱛᱽᱛᱮ ᱠᱤᱪᱷᱤ ᱜᱟᱞᱢᱟᱨᱟᱨ ᱞᱟᱹᱜᱤᱫ ᱤᱧ ᱦᱮᱡᱽ ᱟᱠᱟᱱᱟ ᱾,ᱤᱧ ᱤᱧᱟᱹᱜ ᱠᱚᱲᱟ ᱜᱤᱫᱽᱨᱟᱹ ᱤᱫᱤ ᱠᱟᱛᱮ ᱠᱤᱪᱷᱩ ᱠᱟᱛᱷᱟ ᱞᱟᱹᱭ ᱤᱧ ᱠᱷᱚᱡ ᱠᱟᱱᱟ ᱾
704,"आप उसके क्लास टीचर हैं, इसलिए मुझे लगा कि अगर मैं अपनी परेशानियों के बारे में आपसे बात करूँ तो अच्छा रहेगा।","ᱩᱱᱤᱨᱮᱱ ᱢᱟᱪᱮᱫ ᱞᱮᱠᱟᱛᱮ, ᱤᱧᱟᱹᱜ ᱢᱚᱱᱮ ᱦᱩᱭᱟᱠᱟᱱᱟ ᱟᱢ ᱥᱟᱶᱛᱮ ᱤᱧᱟᱹᱜ ᱪᱤᱱᱛᱟᱹᱧ ᱜᱟᱞᱢᱟᱨᱟᱣ ᱞᱮᱠᱷᱟᱱ ᱡᱚᱛᱚᱠᱷᱚᱱ ᱱᱟᱯᱟᱭᱚᱜᱼᱟ ᱾","ᱟᱢ ᱫᱚ ᱩᱱᱤᱭᱟᱜ ᱥᱮᱪᱮᱫ ᱨᱮᱱ ᱥᱮᱪᱮᱫᱤᱭᱟᱹ, ᱚᱱᱟᱛᱮ ᱤᱧ ᱢᱚᱱᱮ ᱦᱩᱭᱩᱜ ᱠᱟᱱᱟ ᱡᱮ ᱤᱧ ᱟᱢ ᱥᱟᱶ ᱤᱧᱟᱹᱜ ᱟᱱᱟᱴ ᱤᱫᱤ ᱠᱟᱛᱮ ᱠᱟᱛᱷᱟ ᱞᱟᱹᱭ ᱦᱩᱭᱩᱜ ᱟ ᱾"
705,आप आराम से बैठिए।,ᱟᱢᱛᱮ ᱡᱩᱛᱩᱜ ᱢᱮ ᱾,ᱟᱢ ᱫᱚ ᱱᱟᱯᱟᱭ ᱛᱮ ᱥᱮᱱ ᱢᱮ ᱾
706,आप किस बारे में बात करना चाहती हैं?,ᱟᱢ ᱪᱮᱫ ᱜᱟᱯᱟᱞᱢᱟᱨᱟᱣ ᱥᱟᱱᱟᱭᱮᱫ ᱢᱮᱭᱟ ?,ᱟᱢ ᱪᱮᱫ ᱤᱫᱤ ᱠᱟᱛᱮ ᱠᱟᱛᱷᱟ ᱞᱟᱹᱭ ᱠᱷᱚᱡ ᱠᱟᱱᱟ?
707,मुझे अपने बेटे की मोबाइल फ़ोन और वीडियो गेम की बढ़ती लत को लेकर चिंता है।,ᱤᱧᱫᱚ ᱤᱧᱨᱮᱱ ᱠᱚᱲᱟ ᱜᱤᱫᱨᱟᱹ ᱟᱜ ᱢᱳᱵᱟᱭᱤᱞ ᱯᱷᱳᱱ ᱟᱨ ᱶᱷᱤᱰᱤᱳ ᱜᱮᱢ ᱨᱮ ᱡᱷᱩᱸᱠ ᱤᱫᱤ ᱠᱟᱛᱮᱧ ᱪᱤᱱᱛᱟᱹ ᱜᱮᱭᱟ ᱾,ᱤᱧ ᱤᱧᱟᱹᱜ ᱠᱚᱲᱟ ᱜᱤᱫᱽᱨᱟᱹ ᱟᱜ ᱢᱳᱵᱟᱭᱤᱞ ᱯᱷᱳᱱ ᱟᱨ ᱵᱷᱤᱰᱤᱣ ᱜᱮᱢ ᱨᱮᱭᱟᱜ ᱵᱟᱹᱲᱛᱤ ᱞᱟᱹᱞᱤᱥ ᱤᱫᱤ ᱠᱟᱛᱮ ᱤᱧ ᱩᱭᱦᱟᱹᱨᱼᱵᱩᱫᱤᱥᱚᱜ ᱠᱟᱱᱟ ᱾
708,वह हमेशा फ़ोन पर गेम खेलता रहता है।,ᱩᱱᱤᱫᱚ ᱥᱟᱨᱟ ᱜᱷᱟᱹᱲᱤ ᱯᱷᱳᱱᱨᱮ ᱜᱮᱢ ᱠᱷᱮᱞᱨᱮ ᱡᱚᱦᱚᱲᱮ ᱛᱟᱦᱮᱸᱱᱟ ᱾,ᱩᱱᱤ ᱫᱚ ᱥᱟᱱᱟᱢ ᱚᱠᱛᱚ ᱯᱷᱚᱱ ᱨᱮ ᱠᱷᱮᱞᱳᱰ ᱮ ᱠᱷᱮᱞ ᱞᱮᱫᱟ ᱾
709,और मैं उसकी सेहत और उसकी पढ़ाई को भी लेकर चिंतित हूँ।,ᱟᱨ ᱤᱧᱫᱤ ᱥᱟᱹᱨᱤᱜᱮ ᱩᱱᱤᱭᱟᱜ ᱥᱟᱶᱟᱨ ᱟᱨ ᱯᱟᱲᱦᱟᱜ ᱤᱫᱤ ᱠᱟᱛᱮᱧ ᱪᱤᱱᱛᱟᱹ ᱜᱮᱭᱟ ᱾,ᱟᱨ ᱤᱧ ᱩᱱᱤᱭᱟᱜ ᱱᱟᱯᱟᱭ ᱟᱨ ᱩᱱᱤᱭᱟᱜ ᱥᱮᱪᱮᱫ ᱤᱫᱤ ᱠᱟᱛᱮ ᱦᱚᱸ ᱩᱭᱦᱟᱹᱨᱼᱵᱩᱫᱤᱥᱚᱜ ᱠᱟᱱᱟ ᱾
710,"ओह, यह तो चिंता की बात है।","ᱳᱦ, ᱱᱚᱶᱟᱫᱚ ᱪᱤᱱᱛᱟ, ᱟᱱᱟᱜᱼᱜᱮ ᱾","ᱳᱦ, ᱱᱚᱶᱟ ᱫᱚ ᱢᱤᱫᱴᱟᱝ ᱟᱱᱟᱴ ᱠᱟᱱᱟ ᱾"
711,यह लत इन छोटे बच्चों में बढ़ती जा रही है।,ᱠᱟᱴᱤᱡᱽ ᱜᱤᱫᱨᱟᱹᱠᱩ ᱢᱩᱫᱽᱨᱮ ᱱᱚᱶᱟ ᱡᱷᱩᱸᱠ ᱵᱟᱹᱲᱛᱤ ᱤᱫᱤᱜ ᱠᱟᱱᱟ ᱾,ᱱᱚᱶᱟ ᱦᱩᱰᱤᱧ ᱜᱤᱫᱽᱨᱟᱹ ᱠᱚ ᱢᱩᱫᱨᱮ ᱱᱚᱶᱟ ᱵᱮᱶᱦᱟᱨ ᱰᱷᱮᱨᱚᱜ ᱠᱟᱱᱟ ᱾
712,आपको इस परेशानी से छुटकारा पाने के लिए उसे कुछ मनोरंजक हॉबी में शामिल करने की कोशिश करना चाहिए।,ᱱᱚᱶᱟ ᱟᱡᱷᱟᱴ ᱴᱮᱠᱟᱣ ᱞᱟᱹᱜᱤᱫ ᱩᱱᱤ ᱴᱷᱮᱱ ᱠᱤᱪᱷᱤ ᱨᱟᱹᱥᱠᱟᱹ ᱟᱱ ᱥᱚᱠ ᱠᱚ ᱥᱮᱞᱮᱫ ᱟᱭ ᱨᱮᱭᱟᱜ ᱨᱤᱠᱟᱹᱭ ᱢᱮ ᱾,ᱱᱚᱶᱟ ᱟᱱᱟᱴ ᱠᱷᱚᱱ ᱪᱷᱟᱹᱲ ᱧᱟᱢ ᱞᱟᱹᱜᱤᱫ ᱟᱢ ᱩᱱᱤ ᱠᱤᱪᱷᱩ ᱠᱷᱮᱹᱞᱳᱰ ᱟᱱᱟᱜ ᱠᱷᱮᱹᱞᱳᱰ ᱨᱮ ᱥᱮᱞᱮᱫ ᱞᱟᱹᱜᱤᱫ ᱮ ᱨᱤᱠᱟᱹᱭ ᱢᱮ ᱾
713,अच्छी हॉबी जैसे?,ᱡᱮᱞᱮᱠᱟ ᱱᱟᱯᱟᱭ ᱥᱚᱠ ?,ᱱᱟᱯᱟᱭ ᱦᱳᱵᱤ ᱞᱮᱠᱟ?
714,आप मुझे कुछ सुझाव दे सकते हैं क्या?,ᱟᱟᱢ ᱪᱮᱫ ᱠᱤᱪᱷᱤ ᱱᱟᱯᱟᱭ ᱫᱤᱥ ᱦᱩᱫᱤᱥᱮᱢ ᱮᱢ ᱫᱟᱲᱮᱭᱟᱹᱧᱟ ?,ᱟᱢ ᱠᱤ ᱤᱧ ᱠᱤᱪᱷᱩ ᱯᱚᱨᱟᱢᱚᱥ ᱮᱢ ᱫᱟᱲᱮᱭᱟᱜᱼᱟ?
715,आपको उसके खाली समय में उसे स्टोरी बुक पढ़ने के लिए बढ़ावा देना चाहिए।,ᱟᱢᱟᱜ ᱫᱚ ᱞᱟᱹᱠᱛᱤ ᱠᱟᱱᱟ ᱯᱷᱨᱤ ᱴᱟᱭᱤᱢᱨᱮ ᱩᱱᱤ ᱠᱟᱹᱦᱤᱱᱤ ᱯᱩᱛᱷᱤ ᱠᱚ ᱯᱟᱲᱦᱟᱣ ᱨᱮ ᱩᱫᱜᱟᱹᱣ ᱞᱟᱹᱜᱤᱫ ᱾,ᱟᱢ ᱫᱚ ᱩᱱᱤᱭᱟᱜ ᱪᱷᱟᱹᱲ ᱚᱠᱛᱚ ᱨᱮ ᱥᱴᱳᱨᱤᱵᱩᱠ ᱯᱟᱲᱦᱟᱣ ᱞᱟᱹᱜᱤᱫ ᱮ ᱯᱟᱥᱱᱟᱣ ᱦᱩᱭᱩᱜ ᱛᱟᱢᱟ ᱾
716,मेरे विचार से यह स्टूडेंट के लिए सबसे अच्छी हॉबी है।,"ᱤᱧᱟᱹᱜ ᱠᱟᱛᱷᱟ ᱞᱮᱠᱟᱛᱮ, ᱱᱚᱶᱟᱫᱚ ᱡᱚᱛᱚᱠᱷᱚᱱ ᱱᱟᱯᱟᱭ ᱥᱚᱠ ᱠᱟᱱᱟ, ᱯᱟᱹᱴᱷᱣᱟᱹ ᱠᱚ ᱞᱟᱹᱜᱤᱫ ᱾",ᱤᱧ ᱢᱚᱱᱮ ᱦᱩᱭᱩᱜ ᱠᱟᱱᱟ ᱱᱚᱶᱟ ᱫᱚ ᱥᱮᱪᱮᱫᱤᱭᱟᱹ ᱠᱚ ᱞᱟᱹᱜᱤᱫ ᱥᱚᱨᱮᱥ ᱦᱵᱤ ᱾
717,और उसे मोबाइल गेमिंग से दूर करने के लिए आप उसे स्पोर्ट्स अकादमी में भेज सकती हैं।,"ᱱᱚᱶᱟ ᱪᱷᱟᱰᱟ ᱠᱟᱛᱮᱜ, ᱩᱱᱤ ᱢᱳᱵᱟᱭᱤᱞ ᱜᱮᱢ ᱠᱷᱚᱱ ᱥᱟᱦᱟᱭᱮ ᱫᱚᱦᱚᱭ ᱞᱟᱹᱜᱤᱫ, ᱟᱢ ᱩᱱᱤ ᱥᱯᱳᱨᱴᱥ ᱮᱠᱟᱰᱮᱢᱤᱨᱮᱢ ᱵᱷᱚᱨᱛᱤ ᱫᱟᱲᱮᱟᱭᱟ ᱾",ᱟᱨ ᱢᱳᱵᱟᱭᱤᱞ ᱜᱮᱢᱤᱝ ᱠᱷᱚᱱ ᱩᱱᱤ ᱵᱚᱱᱚᱫᱚᱞ ᱞᱟᱹᱜᱤᱫ ᱟᱢ ᱩᱱᱤ ᱥᱯᱳᱨᱴᱥ ᱮᱠᱫᱟᱰᱤᱢᱤ ᱨᱮ ᱵᱷᱮᱡᱟ ᱫᱟᱲᱮᱭᱟᱜᱼᱟ ᱾
718,"मार्शल आर्ट, तैराकी, क्रिकेट, आदि कुछ अच्छे खेल हैं जिन्हें वह ट्राई कर सकता है।","ᱩᱱᱤᱫᱚ ᱢᱟᱨᱥᱟᱞ ᱟᱨᱴᱥ,ᱯᱟᱭᱨᱟᱜ,ᱠᱨᱤᱠᱮᱴ ᱮᱢᱟᱱ ᱛᱮᱭᱟᱜ ᱵᱷᱟᱜᱮ ᱠᱷᱮᱞᱚᱱᱰ ᱠᱚᱭ ᱨᱤᱠᱟᱹ ᱫᱟᱲᱮᱭᱟᱜᱼᱟ ᱾","ᱢᱟᱨᱥᱮᱞ ᱟᱨᱴ, ᱥᱩᱢᱤᱝ, ᱠᱨᱤᱠᱮᱴ ᱮᱢᱟᱱ ᱠᱤᱪᱷᱩ ᱱᱟᱯᱟᱭ ᱠᱷᱮᱞᱳᱰ ᱢᱮᱱᱟᱜᱼᱟ ᱡᱟᱦᱟᱸ ᱩᱱᱤ ᱵᱤᱰᱟᱹᱣ ᱫᱟᱲᱮᱭᱟᱜᱼᱟ ᱾"
719,इस तरह से वह फ़िट भी रहेगा।,"ᱱᱚᱶᱟᱛᱮ, ᱟᱡᱽᱦᱚᱸ ᱯᱷᱤᱴᱮ ᱛᱟᱦᱮᱸᱱᱟ ᱾",ᱱᱚᱶᱟ ᱞᱮᱠᱟᱛᱮ ᱩᱱᱤ ᱫᱚ ᱱᱟᱯᱟᱭ ᱮ ᱛᱟᱦᱮᱸ ᱠᱟᱱᱟ ᱾
720,"जब वो गेम नहीं खेलता है, तब अक्सर वो गाने के कुछ रियैलिटी शो देखता रहता है।","ᱩᱱᱤ ᱡᱚᱠᱷᱚᱱ ᱜᱮᱢ ᱵᱟᱭ ᱠᱷᱮᱞᱟ, ᱩᱱᱤᱫᱚ ᱥᱟᱫᱷᱟᱨᱚᱱᱚᱛᱚ ᱥᱮᱨᱮᱧ ᱨᱤᱭᱟᱞᱤᱴᱤ ᱥᱳ ᱨᱮᱭᱟᱜ ᱵᱷᱤᱰᱤᱳ ᱠᱚᱭ ᱧᱮᱞᱟ ᱾","ᱡᱚᱠᱷᱚᱱ ᱩᱱᱤ ᱠᱷᱮᱞᱳᱰ ᱫᱚ ᱵᱟᱝ ᱠᱚ ᱠᱷᱮᱞᱳᱜᱼᱟ, ᱩᱱᱫᱚ ᱩᱱᱤ ᱫᱚ ᱡᱟᱣᱜᱮ ᱥᱮᱨᱮᱧ ᱨᱮᱭᱟᱜ ᱠᱤᱪᱷᱩ ᱨᱤᱭᱮᱞᱤᱴᱤ ᱥᱳ ᱠᱚ ᱧᱮᱞᱚᱜᱼᱟ ᱾"
721,"तो, मुझे लगा कि उसे म्यूज़िक में रुचि हो सकती है।","ᱚᱱᱟᱛᱮ, ᱤᱧᱟᱹᱜ ᱢᱚᱱᱮ ᱦᱩᱭᱩᱜ ᱟᱠᱟᱱᱟ ᱩᱱᱤᱫᱚ ᱥᱮᱨᱮᱧ ᱪᱮᱛᱟᱱ ᱡᱷᱩᱸᱠ ᱢᱮᱱᱟᱜ ᱛᱟᱭᱟ ᱾","ᱚᱱᱟᱛᱮ, ᱤᱧ ᱢᱚᱱᱮ ᱦᱩᱭᱩᱜ ᱠᱟᱱᱟ ᱩᱱᱤ ᱫᱚ ᱥᱮᱹᱨᱮᱹᱧ ᱨᱮ ᱩᱭᱦᱟᱹᱨᱮ ᱧᱟᱢ ᱫᱟᱲᱮᱭᱟᱜᱼᱟ ᱾"
722,इसके बजाय क्या मुझे उसे म्यूज़िक स्कूल भेजना चाहिए?,ᱪᱮᱫ ᱩᱱᱤ ᱥᱮᱨᱮᱧ ᱤᱛᱩᱱ ᱟᱥᱲᱟᱨᱮ ᱵᱷᱚᱨᱛᱤ ᱠᱟᱭ ᱤᱧᱟᱹᱜ ᱞᱟᱹᱠᱛᱤ ᱠᱟᱱᱟ ?,ᱤᱧ ᱠᱤ ᱚᱱᱟ ᱵᱚᱫᱚᱞ ᱛᱮ ᱩᱱᱤ ᱥᱮᱹᱨᱮᱹᱧ ᱵᱤᱨᱫᱟᱹᱜᱟᱲ ᱨᱮ ᱵᱷᱮᱡᱟ ᱦᱩᱭᱩᱜ ᱛᱟᱢᱟ?
723,क्या वह उसके लिए पॉज़िटिव हॉबी होगी?,ᱪᱮᱫ ᱩᱱᱤ ᱞᱟᱹᱜᱤᱫ ᱵᱷᱟᱜᱮ ᱟᱱᱟᱜ ᱥᱚᱠ ᱦᱩᱭ ᱫᱟᱲᱮᱭᱟᱜᱼᱟ ?,ᱩᱱᱤ ᱫᱚ ᱪᱮᱫ ᱩᱱᱤᱭᱟᱜ ᱱᱟᱯᱟᱭ ᱦᱵᱤ ᱦᱳᱭᱳᱜᱼᱟ?
724,"वह अच्छी हॉबी होगी, इसमें कोई शक नहीं।","ᱱᱚᱶᱟᱫᱚ ᱢᱤᱫ ᱱᱟᱯᱟᱭ ᱦᱚᱵᱤ ᱦᱩᱭᱩᱜᱼᱟ, ᱱᱚᱶᱟᱨᱮ ᱫᱚ ᱪᱮᱫ ᱦᱤᱫᱤᱡᱽ ᱜᱮ ᱵᱟᱹᱱᱩᱜᱼᱟ ᱾","ᱩᱱᱤ ᱫᱚ ᱟᱹᱰᱤ ᱱᱟᱯᱟᱭ ᱦᱵᱤ ᱦᱳᱭᱳᱜᱼᱟ, ᱚᱱᱟ ᱨᱮ ᱡᱟᱦᱟᱱ ᱦᱤᱫᱤᱡ ᱵᱟᱝ ᱢᱮᱱᱟᱜᱼᱟ ᱾"
725,आप ऐसा कर सकती हैं।,ᱟᱢ ᱱᱚᱶᱟᱢ ᱠᱚᱨᱟᱣ ᱫᱟᱲᱮᱭᱟᱜᱼᱟ ᱾,ᱟᱢ ᱱᱚᱶᱟ ᱠᱚᱨᱟᱣ ᱫᱟᱲᱮᱭᱟᱜᱼᱟ ᱾
726,लेकिन आपको यह भी देखना चाहिए कि वह बाहर जाए और दूसरे बच्चों के साथ खेलें।,ᱢᱮᱱᱠᱷᱟᱱ ᱟᱢ ᱱᱚᱶᱟᱦᱚᱸ ᱴᱷᱟᱹᱣᱠᱟᱹ ᱦᱩᱭᱩᱜ ᱛᱟᱢᱟ ᱡᱮ ᱩᱱᱤ ᱵᱟᱨᱦᱮᱭ ᱪᱟᱞᱟᱜᱼᱟ ᱟᱨ ᱮᱴᱟᱜ ᱜᱤᱫᱨᱟᱹ ᱠᱚ ᱥᱟᱶᱛᱮᱭ ᱠᱷᱮᱞᱼᱟ ᱾,ᱢᱮᱱᱠᱷᱟᱱ ᱟᱢ ᱱᱚᱶᱟ ᱦᱚᱸ ᱧᱮᱞ ᱦᱩᱭᱩᱜ ᱛᱟᱢᱟ ᱡᱮ ᱩᱱᱤ ᱮᱴᱟᱜ ᱜᱤᱫᱽᱨᱟᱹ ᱠᱚ ᱥᱟᱶ ᱮ ᱪᱟᱞᱟᱣ ᱮᱱᱟ ᱟᱨ ᱠᱷᱮᱞᱳᱰ ᱞᱮᱫᱟᱭ ᱾
727,उसे बाहरी दुनिया और उसका आनंद देखना होगा।,ᱩᱱᱤ ᱫᱚ ᱵᱟᱨᱦᱮ ᱨᱮᱭᱟᱜ ᱡᱮᱜᱮᱫ ᱟᱨ ᱚᱱᱟ ᱨᱮᱭᱟᱜ ᱨᱟᱹᱥᱠᱟᱹᱭ ᱧᱮᱞ ᱢᱟ ᱾,ᱩᱱᱤ ᱫᱚ ᱵᱤᱞᱟᱹᱛ ᱨᱮᱭᱟᱜ ᱡᱮᱜᱮᱫ ᱟᱨ ᱚᱱᱟ ᱨᱮᱭᱟᱜ ᱱᱟᱯᱟᱭ ᱧᱮᱞ ᱦᱩᱭᱩᱜ ᱛᱟᱢᱟ ᱾
728,"हाँ, मैं उसे हर शाम अपने घर के पास वाले खेल के मैदान में ले जाने की सोच रही हूँ।","ᱦᱮᱸ, ᱤᱧ ᱢᱚᱱᱮᱭᱮᱫᱟ ᱟᱞᱮ ᱥᱩᱨ ᱨᱮᱭᱟᱜ ᱠᱷᱮᱞᱚᱸᱰ ᱢᱟᱴᱷᱨᱮ ᱩᱱᱤ ᱤᱫᱤᱭ ᱨᱮᱭᱟᱜ ᱠᱟᱛᱷᱟ ᱾","ᱦᱩᱭᱩᱜ ᱠᱟᱱᱟ, ᱤᱧ ᱡᱚᱛᱚ شام ᱜᱮ ᱩᱱᱤ ᱤᱧᱟᱹᱜ ᱚᱲᱟᱜ ᱥᱳᱨᱥᱳᱯᱳᱨ ᱠᱷᱮᱞᱳᱰ ᱴᱷᱟᱶ ᱨᱮ ᱤᱫᱤ ᱞᱟᱹᱜᱤᱫ ᱮ ᱩᱭᱦᱟᱹᱨ ᱞᱮᱫᱟ ᱾"
729,और मैं म्यूज़िक स्कूल में नाम लिखवा दूंगी।,ᱟᱨ ᱤᱧ ᱩᱱᱤᱤ ᱢᱤᱫᱴᱟᱝ ᱥᱮᱨᱮᱧ ᱟᱥᱲᱟᱨᱮᱧ ᱵᱷᱩᱨᱛᱤ ᱮᱭᱟ ᱾,ᱟᱨ ᱤᱧ ᱥᱮᱹᱨᱮᱹᱧ ᱵᱤᱨᱫᱟᱹᱜᱟᱲ ᱨᱮ ᱥᱮᱞᱮᱫ ᱞᱟᱹᱜᱤᱫ ᱮ ᱮᱢ ᱮᱢ ᱮᱫᱟ ᱾
730,मुझे उम्मीद है कि इससे कुछ फ़र्क पड़ेगा।,ᱤᱧ ᱟᱥᱚᱜ ᱠᱟᱹᱱᱟᱹᱧ ᱱᱚᱶᱟᱫᱚ ᱱᱟᱥᱮ ᱱᱟᱜ ᱮ ᱵᱷᱮᱜᱟᱨᱟ ᱾,ᱤᱧ ᱟᱭᱩᱢᱟᱹᱱ ᱮᱫᱟ ᱡᱮ ᱱᱚᱶᱟ ᱫᱚ ᱠᱤᱪᱷᱩ ᱵᱷᱮᱜᱟᱨ ᱮ ᱵᱮᱱᱟᱣᱼᱟ ᱾
731,मैं उसे कुछ अच्छी कॉमिक बुक्स भी ख़रीदकर दूँगी ताकि उसे किताबें पढ़ने का शौक हो जाए।,ᱤᱧ ᱩᱱᱤ ᱠᱤᱪᱷᱤ ᱵᱷᱟᱜᱮ ᱠᱚᱢᱤᱠ ᱯᱚᱛᱚᱵ ᱤᱧ ᱠᱤᱨᱤᱧᱟᱭᱟ ᱡᱟᱦᱟᱸᱛᱮ ᱩᱱᱤ ᱯᱚᱛᱚᱵ ᱯᱟᱲᱦᱟᱣ ᱥᱮᱡᱽᱼᱮ ᱞᱟᱣᱮᱨᱚᱜ ᱾,ᱤᱧ ᱩᱱᱤ ᱠᱤᱪᱷᱩ ᱱᱟᱯᱟᱭ ᱠᱟᱢᱤᱠ ᱯᱚᱛᱚᱵ ᱠᱤᱨᱤᱧ ᱠᱟᱛᱮ ᱮᱢ ᱤᱧᱢᱮ ᱡᱟᱦᱟᱸᱛᱮ ᱩᱱᱤ ᱯᱚᱛᱚᱵ ᱯᱟᱲᱦᱟᱣ ᱨᱮᱭᱟᱜ ᱥᱩᱪᱤ ᱧᱟᱢ ᱫᱟᱲᱮᱭᱟᱜᱼᱟ ᱾
732,"हाँ, यह आपका पहला कदम होना चाहिए।","ᱦᱮᱸ, ᱱᱚᱶᱟᱫᱚ ᱟᱢᱟᱜ ᱯᱳᱭᱞᱳ ᱯᱟᱹᱣᱲᱤ ᱦᱩᱭᱩᱜ ᱛᱟᱢᱟ ᱾","ᱦᱩᱭᱩᱜ ᱠᱟᱱᱟ, ᱱᱚᱶᱟ ᱫᱚ ᱟᱢᱟᱜ ᱯᱳᱭᱞᱳ ᱟᱠᱷᱟᱲᱟ ᱦᱳᱭᱳᱜᱼᱟ ᱾"
733,मुझे लगता है कि ऐसा करने के बाद उसकी इन चीज़ों में रुचि बढ़ेगी।,"ᱤᱧ ᱢᱚᱱᱮᱭᱟ ᱱᱤᱭᱟᱹ ᱠᱚᱨᱟᱣ ᱛᱟᱭᱚᱢ, ᱩᱱᱤ ᱱᱚᱶᱟᱨᱮ ᱜᱚᱨᱚᱡᱮ ᱯᱟᱸᱡᱟ ᱧᱟᱢᱼᱟ ᱾",ᱤᱧ ᱢᱚᱱᱮ ᱦᱩᱭᱩᱜ ᱠᱟᱱᱟ ᱱᱚᱶᱟ ᱠᱚᱨᱟᱣ ᱛᱟᱭᱚᱢ ᱩᱱᱤ ᱱᱚᱣᱟ ᱠᱚ ᱪᱮᱛᱟᱱ ᱨᱮ ᱩᱭᱦᱟᱹᱨᱮ ᱧᱟᱢᱼᱟ ᱾
734,क्या आप कुछ और भी पूछना चाहती हैं?,ᱟᱢᱟᱜ ᱪᱮᱫ ᱟᱨ ᱡᱟᱦᱟᱱ ᱠᱩᱠᱞᱤ ᱢᱮᱱᱟᱜᱼᱟ ?,ᱟᱢ ᱠᱤ ᱟᱨᱦᱚᱸ ᱠᱤᱪᱷᱩ ᱵᱟᱰᱟᱭ ᱠᱷᱚᱡ ᱠᱟᱱᱟ?
735,"नहीं सर, मैं बस इसी बारे में बात करना चाहती थी।","ᱵᱟᱝ, ᱥᱮᱨ, ᱱᱚᱶᱟᱠᱚ ᱜᱮ ᱤᱧ ᱜᱟᱯᱟᱞᱢᱟᱨᱟᱣ ᱤᱧ ᱠᱷᱚᱡᱚᱜ ᱠᱟᱱ ᱛᱟᱦᱮᱸᱜ ᱾","ᱵᱟᱝ, ᱤᱧ ᱱᱚᱶᱟ ᱵᱟᱨᱮᱛᱮ ᱠᱟᱛᱷᱟ ᱞᱟᱹᱭ ᱞᱟᱹᱜᱤᱫ ᱮ ᱠᱷᱚᱡ ᱞᱮᱱᱟ ᱾"
736,आपके सुझावों के लिए बहुत-बहुत धन्यवाद।,ᱟᱭᱢᱟ ᱥᱟᱨᱦᱟᱣ ᱟᱢᱟᱜ ᱥᱟᱞᱦᱟ ᱞᱟᱹᱜᱤᱫ ᱾,ᱟᱢᱟᱜ ᱯᱚᱨᱟᱢᱚᱥ ᱞᱟᱹᱜᱤᱫ ᱟᱹᱰᱤ ᱜᱟᱱ ᱥᱟᱨᱦᱟᱰ ᱾
737,इसमें धन्यवाद की क्या बात है।,ᱟᱢᱟᱜ ᱥᱟᱹᱜᱩᱱ ᱫᱟᱨᱟᱢ ᱾,ᱱᱚᱶᱟ ᱨᱮ ᱪᱮᱫ ᱞᱟᱹᱜᱤᱫ ᱛᱮ ᱥᱟᱨᱦᱟᱰ ᱮᱢ ᱦᱩᱭᱩᱜ ᱠᱟᱱᱟ ᱾
738,"अगर परेशानी बनी रहती है, तो फिर आइए।",ᱟᱨᱦᱚᱸ ᱦᱤᱡᱩᱜ ᱡᱩᱫᱤ ᱮᱴᱠᱮᱴᱚᱸᱲᱮ ᱱᱚᱝᱠᱟᱜᱮ ᱛᱟᱦᱮᱸᱱ ᱠᱷᱟᱱ ᱾,"ᱡᱩᱫᱤ ᱟᱱᱟᱴ ᱛᱟᱦᱮᱸᱱᱟ, ᱮᱱᱠᱷᱟᱱ ᱦᱮᱡ ᱢᱮ ᱾"
739,"जी, ज़रूर।","ᱦᱮᱸ, ᱥᱟᱹᱨᱤᱜᱮ ᱾","ᱦᱩᱭᱩᱜ ᱠᱟᱱᱟ, ᱜᱚᱴᱟ ᱜᱮ ᱾"
740,"हाय, क्या आप इस यूनिवर्सिटी में नए हैं?","ᱮᱭ, ᱟᱢ ᱪᱮᱫ ᱱᱚᱶᱟ ᱡᱮᱜᱮᱫ ᱵᱤᱨᱫᱟᱹᱜᱟᱲᱨᱮᱢ ᱱᱟᱶᱟ ᱜᱮᱭ ? ?ᱟ ?","ᱦᱟᱭ, ᱟᱢ ᱠᱤ ᱱᱚᱶᱟ ᱡᱮᱜᱮᱫ ᱵᱤᱨᱫᱟᱹᱜᱟᱲ ᱨᱮ ᱱᱟᱶᱟ?"
741,"हाँ, मैंने इस साल दाखिला लिया है।","ᱦᱮ, ᱤᱧ ᱱᱤᱭᱟᱹ ᱥᱮᱨᱢᱟ ᱜᱮᱧ ᱵᱷᱩᱨᱛᱤ ᱟᱠᱟᱱᱟ ᱾","ᱦᱩᱭᱩᱜ ᱠᱟᱱᱟ, ᱤᱧ ᱱᱚᱶᱟ ᱥᱮᱨᱢᱟ ᱨᱮ ᱥᱮᱞᱮᱫ ᱟᱠᱟᱱᱟ ᱾"
742,और आप?,ᱟᱨ ᱟᱢᱟᱜ ᱠᱷᱚᱵᱚᱨ ᱫᱚ ᱪᱮᱫ ?,ᱟᱨ ᱟᱢ?
743,मैं भी।,ᱤᱧᱦᱚᱸ ᱾,ᱤᱧ ᱦᱚᱸ ᱾
744,मैंने भी इसी साल दाखिला लिया है।,ᱤᱧᱦᱚᱸ ᱱᱤᱭᱟᱹ ᱥᱮᱨᱢᱟ ᱜᱮᱧ ᱥᱮᱞᱮᱫ ᱟᱠᱟᱱᱟ ᱾,ᱤᱧ ᱦᱚᱸ ᱱᱚᱶᱟ ᱥᱮᱨᱢᱟ ᱜᱮ ᱥᱮᱞᱮᱫ ᱟᱠᱟᱱᱟ ᱾
745,आपका नाम क्या है?,ᱪᱮᱫ ᱛᱟᱢ ᱧᱩᱛᱩᱢ ?,ᱟᱢᱟᱜ ᱧᱩᱛᱩᱢ ᱪᱮᱫ?
746,और आपने कौन-सा क्लब जॉइन किया है?,ᱟᱨ ᱚᱠᱟᱴᱟᱜ ᱠᱞᱟᱵᱽ ᱨᱮᱢ ᱥᱮᱞᱮᱫ ᱟᱠᱟᱱᱟ ?,ᱟᱨ ᱟᱢ ᱪᱮᱫ ᱠᱚᱞᱵ ᱨᱮᱭ ᱥᱮᱞᱮᱫ ᱟᱠᱟᱱᱟ?
747,"मैं देबेंद्र हूँ, और मैंने स्पोर्ट्स क्लब जॉइन किया है।","ᱤᱧᱫᱚ ᱫᱮᱵᱮᱱᱫᱨᱚ, ᱟᱨ ᱤᱧᱫᱚ ᱥᱯᱳᱨᱴ ᱠᱞᱟᱵᱽ ᱨᱮᱧ ᱥᱮᱞᱮᱫ ᱟᱠᱟᱱᱟ ᱾",ᱤᱧ ᱦᱩᱭᱩᱜ ᱠᱟᱱᱟ ᱰᱮᱵᱷᱮᱱᱫᱨᱚ ᱟᱨ ᱤᱧ ᱥᱯᱳᱨᱴᱥ ᱠᱚᱞᱵ ᱨᱮᱭ ᱥᱮᱞᱮᱫ ᱟᱠᱟᱱᱟ ᱾
748,और आपने?,ᱟᱢᱟᱜ ᱠᱷᱚᱵᱚᱨ ᱫᱚ ᱪᱮᱫ ?,ᱟᱨ ᱟᱢ ᱪᱮᱫ?
749,मैंने म्यूज़िक क्लब जॉइन किया है।,ᱤᱧᱫᱚ ᱥᱮᱨᱮᱧ ᱠᱞᱟᱵᱽ ᱨᱮᱧ ᱥᱮᱞᱮᱫ ᱟᱠᱟᱱᱟ ᱾,ᱤᱧ ᱢᱤᱫᱴᱟᱝ ᱢᱤᱭᱩᱡᱤᱠ ᱠᱚᱞᱵ ᱨᱮᱭ ᱥᱮᱞᱮᱫ ᱟᱠᱟᱱᱟ ᱾
750,क्या आपको सभी तरह के खेल पसंद हैं?,ᱟᱢᱫᱚ ᱥᱟᱱᱟᱢ ᱞᱮᱠᱟᱱ ᱠᱷᱮᱞᱚᱸᱰ ᱜᱮᱢ ᱜᱚᱨᱚᱡᱟᱜᱼᱟ ?,ᱟᱢ ᱪᱮᱫ ᱥᱟᱱᱟᱢ ᱞᱮᱠᱟᱱ ᱠᱷᱮᱞᱳᱰ ᱠᱚ ᱱᱟᱯᱟᱭᱼᱟ?
751,"नहीं, दर असल मुझे खेल से ज़्यादा बाइक चलाना पसंद है।","ᱵᱟᱝ, ᱤᱧᱫᱚ ᱥᱟᱨᱤᱭᱟᱜ ᱨᱮ ᱠᱦᱮᱞᱚᱸᱰ ᱠᱷᱚᱱ ᱵᱟᱭᱤᱠ ᱪᱟᱞᱟᱣ ᱨᱮ ᱵᱟᱹᱲᱛᱤ ᱜᱚᱨᱚᱡᱽ ᱢᱮᱱᱟᱜ ᱛᱤᱧᱟ ᱾","ᱵᱟᱝ, ᱤᱧ ᱠᱷᱮᱹᱞᱳᱰ ᱠᱷᱚᱱ ᱦᱚᱸ بائیᱠ ᱪᱟᱞᱟᱣ ᱫᱚ ᱤᱧ ᱡᱟᱹᱥᱛᱤ ᱤᱧᱟᱹᱜ ᱟᱠᱷᱟᱲᱟ ᱾"
752,"मुझे मीलों दूर तक बाइक चलाना पसंद है, यह मेरा शौक है।","ᱤᱧᱫᱚ ᱡᱮᱞᱮᱧ ᱢᱟᱭᱤᱞ ᱦᱟᱹᱵᱤᱡᱽ ᱨᱟᱭᱤᱰ ᱤᱧ ᱠᱩᱥᱤᱭᱟᱜᱼᱟ, ᱱᱚᱶᱟᱫᱚ ᱤᱧᱟᱹᱜ ᱥᱚᱠ ᱠᱟᱱᱟ ᱾",ᱤᱧ ᱢᱟᱭᱤᱞ ᱫᱷᱟᱹᱵᱤᱡ بائیᱠ ᱪᱟᱞᱟᱣ ᱤᱧ ᱤᱧ ᱤᱧ ᱤᱧ ᱤᱧ ᱤᱧ ᱤᱧ ᱤᱧ ᱤᱧ ᱤᱧ ᱤᱧ ᱤᱧ ᱤᱧ ᱤᱧ ᱤᱧ ᱤᱧ ᱤᱧ ᱤᱧ ᱤᱧ ᱤᱧ ᱤᱧ ᱤᱧ ᱤᱧ ᱤᱧ ᱤᱧ ᱤᱧ ᱤᱧ ᱤᱧ ᱤᱧ ᱤᱧ ᱤᱧ ᱤᱧ ᱤᱧ ᱤᱧ ᱤᱧ ᱤᱧ ᱤᱧ ᱤᱧ ᱤᱧ ᱤᱧ ᱤᱧ ᱤᱧ ᱤᱧ ᱤᱧ ᱤᱧ ᱤᱧ ᱤᱧ ᱤᱧ ᱤᱧ ᱤᱧ ᱤᱧ ᱤᱧ ᱤᱧ ᱤᱧ ᱤᱧ ᱤᱧ ᱤᱧ ᱤᱧ ᱤᱧ ᱤᱧ ᱤᱧ ᱤᱧ ᱤᱧ ᱤᱧ ᱤᱧ ᱤᱧ ᱤᱧ ᱤᱧ ᱤᱧ ᱤᱧ ᱤᱧ ᱤᱧ ᱤᱧ ᱤᱧ ᱤᱧ ᱤᱧ ᱤᱧ ᱤᱧ ᱤᱧ ᱤᱧ ᱤᱧ ᱤᱧ ᱤᱧ ᱤᱧ ᱤᱧ ᱤᱧ ᱤᱧ ᱤᱧ ᱤᱧ ᱤᱧ ᱤᱧ ᱤᱧ ᱤᱧ ᱤᱧ ᱤᱧ ᱤᱧ ᱤᱧ ᱤᱧ ᱤᱧ ᱤᱧ ᱤᱧ ᱤᱧ ᱤᱧ ᱤᱧ ᱤᱧ ᱤᱧ ᱤᱧ ᱤᱧ ᱤᱧ ᱤᱧ ᱤᱧ ᱤᱧ ᱤᱧ ᱤᱧ ᱤᱧ ᱤᱧ ᱤᱧ ᱤᱧ ᱤᱧ ᱤᱧ ᱤᱧ ᱤᱧ
753,"लेकिन यहाँ खेल के अलावा ऐसी कोई चीज़ नहीं दिखी जो मुझे दिलचस्प लगे, तो मैंने इसे ही जॉइन कर लिया।","ᱢᱮᱱᱠᱷᱟᱱ ᱠᱷᱮᱞᱚᱸᱰ ᱪᱷᱟᱰᱟ ᱱᱚᱰᱮ ᱤᱧᱟᱹᱜ ᱠᱩᱥᱤᱭᱟᱜ ᱞᱮᱠᱟ ᱪᱮᱫ ᱦᱚᱸ ᱵᱟᱹᱱᱩᱜᱼᱟ, ᱚᱱᱟᱛᱮ ᱤᱧ ᱱᱚᱣᱟᱨᱮᱧ ᱥᱮᱞᱮᱫ ᱟᱠᱟᱱᱟ ᱾","ᱢᱮᱱᱠᱷᱟᱱ ᱱᱚᱶᱟ ᱠᱷᱮᱞᱳᱰ ᱵᱮᱜᱚᱨ ᱮᱴᱟᱜ ᱪᱮᱫ ᱦᱚᱸ ᱵᱟᱝ ᱧᱮᱞᱧᱟᱢ ᱟᱠᱟᱱᱟ ᱡᱟᱦᱟᱸ ᱫᱚ ᱤᱧ ᱱᱟᱯᱟᱭ ᱢᱚᱱᱮ ᱦᱩᱭᱩᱜ ᱠᱟᱱᱟ, ᱚᱱᱟᱛᱮ ᱤᱧ ᱚᱱᱟ ᱜᱮ ᱥᱮᱞᱮᱫ ᱟᱠᱟᱫᱟ ᱾"
754,मैं कभी-कभी फुटबॉल खेलता हूँ।,ᱤᱧᱫᱚ ᱡᱟᱦᱟᱸ ᱛᱤᱱᱠᱚᱨᱮ ᱯᱷᱩᱴᱵᱚᱞ ᱤᱧ ᱠᱷᱮᱞᱟ ᱾,ᱤᱧ ᱠᱤᱪᱷᱩ ᱚᱠᱛᱮ ᱯᱷᱩᱴᱵᱚᱞ ᱠᱚ ᱠᱷᱮᱞᱳᱜᱼᱟ ᱾
755,सही में?,"ᱳᱦ, ᱥᱟᱹᱨᱤᱜᱮ ?",ᱜᱚᱴᱟ ᱜᱮ?
756,तब तो आपको रोमांच बहुत पसंद आता होगा!,ᱟᱢᱫᱚ ᱮᱱᱠᱷᱟᱱ ᱟᱹᱰᱤ ᱫᱤᱞᱼᱟᱱ ᱦᱩᱭ ᱟᱢᱟ !,ᱚᱱᱟ ᱛᱟᱭᱚᱢ ᱟᱢ ᱟᱹᱰᱤ ᱱᱟᱯᱟᱭ ᱮ ᱧᱟᱢᱼᱟ ᱾
757,"हाँ, ऐसा कहा जा सकता है।","ᱦᱮᱸ, ᱟᱢᱮᱢ ᱞᱟᱹᱭ ᱫᱟᱲᱮᱭᱟᱜᱼᱟ ᱾","ᱦᱩᱭᱩᱜ ᱠᱟᱱᱟ, ᱱᱚᱶᱟ ᱞᱟᱹᱭ ᱦᱩᱭ ᱫᱟᱲᱮᱭᱟᱜᱼᱟ ᱾"
758,मेरी वैसे इन रोमांचक खेलों में कोई खास रुचि नहीं है।,ᱤᱧᱫᱚ ᱱᱚᱝᱠᱟᱱ ᱫᱤᱞᱼᱟᱱ ᱠᱷᱮᱞᱚᱸᱰ ᱨᱮᱫᱚ ᱵᱟᱹᱱᱩᱧᱟ ᱾,"ᱤᱧᱟᱹᱜ ᱞᱮᱠᱟᱛᱮ, ᱱᱚᱶᱟ ᱠᱷᱮᱹᱞᱳᱰ ᱠᱚ ᱪᱮᱛᱟᱱ ᱨᱮ ᱟᱹᱰᱤ ᱰᱷᱮᱨ ᱩᱭᱦᱟᱹᱨᱮ ᱵᱟᱝ ᱢᱮᱱᱟᱜᱼᱟ ᱾"
759,आप लोग कैसे कर लेते हैं?,ᱟᱯᱮᱫᱚ ᱪᱮᱫ ᱞᱮᱠᱟᱛᱮ ᱯᱮ ᱠᱚᱨᱟᱣᱼᱟ ᱾,ᱟᱢ ᱪᱮᱫ ᱞᱮᱠᱟᱛᱮ ᱟᱢ ᱦᱚᱲ ᱠᱚ ᱮᱢ ᱠᱚᱨᱟᱣᱼᱟ?
760,आपको डर नहीं लगता?,ᱵᱟᱯᱮ ᱵᱚᱛᱚᱨᱚᱜᱼᱟ ?,ᱟᱢ ᱪᱮᱫᱦᱚᱸ ᱵᱟᱝ ᱮ ᱫᱟᱨᱤ ᱠᱟᱱᱟ?
761,"नहीं, बाइक चलाना इतना भयंकर नहीं है और मैं भी लापरवाही से चलाने वालों में से नहीं हूँ।","ᱵᱟᱝ, ᱵᱟᱭᱤᱠ ᱪᱟᱞᱟᱣ ᱫᱚ ᱵᱟᱝ ᱵᱚᱛᱚᱨᱟ ᱟᱨ ᱤᱧᱫᱚ ᱚᱱᱠᱟᱱ ᱵᱚᱛᱚᱨᱟᱱ ᱵᱟᱭᱤᱠ ᱪᱟᱞᱟᱣᱤᱡᱽ ᱫᱚ ᱵᱟᱝ ᱠᱟᱱᱟᱹᱧ ᱾","ᱵᱟᱝ, بائیᱠ ᱪᱟᱞᱟᱣ ᱫᱚ ᱟᱹᱰᱤ ᱜᱟᱹᱨᱰᱩ ᱫᱚ ᱵᱟᱝ ᱠᱟᱱᱟ ᱟᱨ ᱤᱧ ᱦᱚᱸ ᱵᱟᱝ ᱩᱭᱦᱟᱹᱨ ᱟᱱ ᱦᱚᱲ ᱠᱚ ᱢᱩᱫᱽᱨᱮ ᱵᱟᱝ ᱠᱟᱱᱟ ᱾"
762,"आपको कभी ट्राई करना चाहिए; रास्ता खाली और सुंदर हो, तो इससे बहुत सुकून मिलता है।",ᱟᱢ ᱱᱚᱶᱟᱢ ᱠᱚᱨᱟᱣ ᱫᱟᱲᱮᱭᱟᱜᱼᱟ ; ᱰᱟᱦᱟᱨ ᱡᱚᱠᱷᱚᱱ ᱯᱷᱟᱸᱠᱟ ᱟᱨ ᱢᱚᱡᱽ ᱦᱩᱭ ᱞᱮᱱᱠᱷᱟᱱ ᱱᱚᱶᱟᱫᱚ ᱱᱟᱯᱟᱭᱚᱜᱼᱟ ᱾,"ᱟᱢ ᱡᱟᱦᱟᱸ ᱚᱠᱛᱮ ᱜᱮ ᱵᱤᱰᱟᱹᱣ ᱠᱚᱨᱟᱣ ᱞᱟᱹᱠᱛᱤ; ᱰᱟᱦᱟᱨ ᱫᱚ ᱵᱮᱼᱵᱟᱹᱛᱤᱞ ᱟᱨ ᱱᱟᱯᱟᱭ, ᱚᱱᱟᱛᱮ ᱱᱚᱶᱟ ᱫᱚ ᱟᱹᱰᱤ ᱱᱟᱯᱟᱭ ᱮᱢᱼᱟ ᱾"
763,वैसे आपकी रुचि गायन में है?,"ᱡᱟᱦᱟᱸᱭᱮᱱᱜᱮ, ᱥᱮᱨᱮᱧᱫᱚ ᱟᱢᱟᱜ ᱥᱚᱠ ᱠᱟᱱᱟ ?",ᱟᱢ ᱪᱮᱫ ᱥᱮᱨᱮᱧ ᱨᱮ ᱱᱟᱯᱟᱭ ᱮᱢ ᱧᱟᱢ ᱟᱠᱟᱫᱟ?
764,"हाँ, मुझे गाना गाना पसंद है।","ᱦᱮᱸ, ᱤᱧᱫᱚ ᱥᱮᱨᱮᱧ ᱤᱧ ᱠᱩᱥᱤᱭᱟᱜᱼᱟ ᱾","ᱦᱩᱭᱩᱜ ᱠᱟᱱᱟ, ᱤᱧ ᱥᱮᱨᱮᱧ ᱫᱚ ᱤᱧ ᱤᱧ ᱤᱧ ᱤᱧ ᱤᱧ ᱤᱧ ᱤᱧ ᱤᱧ ᱤᱧ ᱤᱧ ᱤᱧ ᱤᱧ ᱤᱧ ᱤᱧ ᱤᱧ ᱤᱧ ᱤᱧ ᱤᱧ ᱤᱧ ᱤᱧ ᱤᱧ ᱤᱧ ᱤᱧ ᱤᱧ ᱤᱧ ᱤᱧ ᱤᱧ ᱤᱧ ᱤᱧ ᱤᱧ ᱤᱧ ᱤᱧ ᱤᱧ ᱤᱧ ᱤᱧ ᱤᱧ ᱤᱧ ᱤᱧ ᱤᱧ ᱤᱧ ᱤᱧ ᱤᱧ ᱤᱧ ᱤᱧ ᱤᱧ ᱤᱧ ᱤᱧ ᱤᱧ ᱤᱧ ᱤᱧ ᱤᱧ ᱤᱧ ᱤᱧ ᱤᱧ ᱤᱧ ᱤᱧ ᱤᱧ ᱤᱧ ᱤᱧ ᱤᱧ ᱤᱧ ᱤᱧ ᱤᱧ ᱤᱧ ᱤᱧ ᱤᱧ ᱤᱧ ᱤᱧ ᱤᱧ ᱤᱧ ᱤᱧ ᱤᱧ ᱤᱧ ᱤᱧ ᱤᱧ ᱤᱧ ᱤᱧ ᱤᱧ ᱤᱧ ᱤᱧ ᱤᱧ ᱤᱧ ᱤᱧ ᱤᱧ ᱤᱧ ᱤᱧ ᱤᱧ ᱤᱧ ᱤᱧ ᱤᱧ ᱤᱧ ᱤᱧ ᱤᱧ ᱤᱧ ᱤᱧ ᱤᱧ ᱤᱧ ᱤᱧ ᱤᱧ ᱤᱧ ᱤᱧ ᱤᱧ ᱤᱧ ᱤᱧ ᱤᱧ ᱤᱧ ᱤᱧ ᱤᱧ ᱤᱧ ᱤᱧ ᱤᱧ ᱤᱧ ᱤᱧ ᱤᱧ ᱤᱧ ᱤᱧ ᱤᱧ ᱤᱧ ᱤᱧ ᱤᱧ ᱤᱧ ᱤᱧ"
765,पर आपको कैसे पता?,"ᱡᱟᱦᱟᱸᱭᱮᱱ ᱜᱮ, ᱟᱢᱫᱚ ᱪᱮᱠᱟᱛᱮᱢ ᱵᱟᱰᱟᱭ ᱠᱮᱫᱟ ?",ᱢᱮᱱᱠᱷᱟᱱ ᱟᱢ ᱪᱮᱫ ᱞᱮᱠᱟᱛᱮ ᱵᱟᱰᱟᱭ ᱧᱟᱢᱼᱟ?
766,"नहीं, मैंने बस पूछा, आपने कहा था न कि आपने म्यूज़िक क्लब जॉइन किया है।","ᱵᱟᱝ, ᱤᱧᱫᱚ ᱠᱷᱟᱹᱞᱤᱧ ᱠᱩᱞᱤᱭᱮᱫ ᱢᱮᱭᱟ, ᱟᱢᱮᱢ ᱞᱟᱹᱭ ᱞᱮᱫᱟ, ᱤᱧᱫᱚ ᱥᱮᱨᱮᱧ ᱠᱞᱟᱵ ᱨᱮᱧ ᱥᱮᱞᱮᱫ ᱟᱠᱟᱱᱟ ᱾","ᱵᱟᱝ, ᱤᱧ ᱥᱩᱢᱩᱝ ᱢᱮᱱ ᱟᱠᱟᱫᱟ, ᱟᱢ ᱞᱟᱹᱭ ᱟᱠᱟᱫᱟ ᱡᱮ ᱟᱢ ᱥᱮᱹᱨᱮᱹᱧ ᱠᱚᱞᱵ ᱨᱮᱭ ᱥᱮᱞᱮᱫ ᱟᱠᱟᱱᱟ ᱾"
767,आपको किस तरह का म्यूज़िक परफ़ॉर्म करते हैं?,ᱚᱠᱟ ᱞᱮᱠᱟᱱ ᱥᱮᱨᱮᱧ ᱠᱚ ᱟᱢᱮᱢ ᱥᱮᱨᱮᱧᱟ ?,ᱟᱢ ᱪᱮᱫ ᱞᱮᱠᱟᱱ ᱥᱮᱹᱨᱮᱹᱧ ᱮᱢ ᱠᱚᱨᱟᱣᱼᱟ?
768,मुझे असमिया गाने गाना पसंद है।,ᱤᱧᱫᱚ ᱥᱟᱱᱛᱟᱞᱤ ᱥᱮᱨᱮᱧᱤᱧ ᱠᱩᱥᱤᱭᱟᱜᱼᱟ ᱾,ᱤᱧ ᱚᱥᱚᱢᱤᱭᱟ ᱥᱮᱹᱨᱮᱹᱧ ᱥᱮᱨᱮᱧ ᱤᱧ ᱤᱧ ᱤᱧ ᱤᱧ ᱤᱧ ᱤᱧ ᱤᱧ ᱤᱧ ᱤᱧ ᱤᱧ ᱤᱧ ᱤᱧ ᱤᱧ ᱤᱧ ᱤᱧ ᱤᱧ ᱤᱧ ᱤᱧ ᱤᱧ ᱤᱧ ᱤᱧ ᱤᱧ ᱤᱧ ᱤᱧ ᱤᱧ ᱤᱧ ᱤᱧ ᱤᱧ ᱤᱧ ᱤᱧ ᱤᱧ ᱤᱧ ᱤᱧ ᱤᱧ ᱤᱧ ᱤᱧ ᱤᱧ ᱤᱧ ᱤᱧ ᱤᱧ ᱤᱧ ᱤᱧ ᱤᱧ ᱤᱧ ᱤᱧ ᱤᱧ ᱤᱧ ᱤᱧ ᱤᱧ ᱤᱧ ᱤᱧ ᱤᱧ ᱤᱧ ᱤᱧ ᱤᱧ ᱤᱧ ᱤᱧ ᱤᱧ ᱤᱧ ᱤᱧ ᱤᱧ ᱤᱧ ᱤᱧ ᱤᱧ ᱤᱧ ᱤᱧ ᱤᱧ ᱤᱧ ᱤᱧ ᱤᱧ ᱤᱧ ᱤᱧ ᱤᱧ ᱤᱧ ᱤᱧ ᱤᱧ ᱤᱧ ᱤᱧ ᱤᱧ ᱤᱧ ᱤᱧ ᱤᱧ ᱤᱧ ᱤᱧ ᱤᱧ ᱤᱧ ᱤᱧ ᱤᱧ ᱤᱧ ᱤᱧ ᱤᱧ ᱤᱧ ᱤᱧ ᱤᱧ ᱤᱧ ᱤᱧ ᱤᱧ ᱤᱧ ᱤᱧ ᱤᱧ ᱤᱧ ᱤᱧ ᱤᱧ ᱤᱧ ᱤᱧ ᱤᱧ ᱤᱧ ᱤᱧ ᱤᱧ ᱤᱧ ᱤᱧ ᱤᱧ ᱤᱧ ᱤᱧ ᱤᱧ ᱤᱧ ᱤᱧ ᱤᱧ ᱤᱧ ᱤᱧ
769,लेकिन मैं दूसरी भाषाओं में भी गाने गाता हूँ।,ᱢᱮᱱᱠᱷᱟᱱ ᱤᱧᱫᱚ ᱮᱴᱟᱜ ᱯᱟᱹᱨᱥᱤᱛᱮ ᱦᱚᱸᱧ ᱥᱮᱨᱮᱧᱟ ᱾,ᱢᱮᱱᱠᱷᱟᱱ ᱤᱧ ᱮᱴᱟᱜ ᱯᱟᱹᱨᱥᱤᱛᱮ ᱦᱚᱸ ᱥᱮᱨᱮᱧᱼᱟ ᱾
770,गायन से मेरे मन को शांति मिलती है।,ᱥᱮᱨᱮᱧᱫᱚ ᱤᱧᱟᱹᱜ ᱢᱚᱱᱮ ᱢᱟᱹᱦᱤᱨᱟ ᱾,ᱥᱮᱨᱮᱧ ᱫᱚ ᱤᱧᱟᱹᱜ ᱢᱚᱱ ᱨᱮ ᱥᱩᱛᱚᱱᱛᱤ ᱮ ᱮᱢ ᱞᱮᱫᱟ ᱾
771,मुझे गाने सुनना पसंद है और इस तरह गायन मेरा शौक बन गया।,ᱤᱧᱫᱚ ᱥᱮᱨᱮᱧ ᱟᱸᱡᱚᱢᱤᱧ ᱠᱩᱥᱤᱭᱟᱜᱼᱟ ᱟᱨ ᱱᱚᱝᱠᱟ ᱛᱮᱜᱮ ᱥᱮᱨᱮᱧ ᱫᱚ ᱤᱧᱟᱹᱜ ᱥᱚᱠ ᱦᱩᱭᱟᱠᱟᱱᱟ ᱾,ᱤᱧ ᱥᱮᱹᱨᱮᱹᱧ ᱵᱟᱰᱟᱭ ᱤᱧ ᱤᱧ ᱤᱧ ᱤᱧ ᱤᱧ ᱤᱧ ᱤᱧ ᱤᱧ ᱤᱧ ᱤᱧ ᱤᱧ ᱤᱧ ᱤᱧ ᱤᱧ ᱤᱧ ᱤᱧ ᱤᱧ ᱤᱧ ᱤᱧ ᱤᱧ ᱤᱧ ᱤᱧ ᱤᱧ ᱤᱧ ᱤᱧ ᱤᱧ ᱤᱧ ᱤᱧ ᱤᱧ ᱤᱧ ᱤᱧ ᱤᱧ ᱤᱧ ᱤᱧ ᱤᱧ ᱤᱧ ᱤᱧ ᱤᱧ ᱤᱧ ᱤᱧ ᱤᱧ ᱤᱧ ᱤᱧ ᱤᱧ ᱤᱧ ᱤᱧ ᱤᱧ ᱤᱧ ᱤᱧ ᱤᱧ ᱤᱧ ᱤᱧ ᱤᱧ ᱤᱧ ᱤᱧ ᱤᱧ ᱤᱧ ᱤᱧ ᱤᱧ ᱤᱧ ᱤᱧ ᱤᱧ ᱤᱧ ᱤᱧ ᱤᱧ ᱤᱧ ᱤᱧ ᱤᱧ ᱤᱧ ᱤᱧ ᱤᱧ ᱤᱧ ᱤᱧ ᱤᱧ ᱤᱧ ᱤᱧ ᱤᱧ ᱤᱧ ᱤᱧ ᱤᱧ ᱤᱧ ᱤᱧ ᱤᱧ ᱤᱧ ᱤᱧ ᱤᱧ ᱤᱧ ᱤᱧ ᱤᱧ ᱤᱧ ᱤᱧ ᱤᱧ ᱤᱧ ᱤᱧ ᱤᱧ ᱤᱧ ᱤᱧ ᱤᱧ ᱤᱧ ᱤᱧ ᱤᱧ ᱤᱧ ᱤᱧ ᱤᱧ ᱤᱧ ᱤᱧ ᱤᱧ ᱤᱧ ᱤᱧ ᱤᱧ ᱤᱧ ᱤᱧ ᱤᱧ ᱤᱧ ᱤᱧ ᱤᱧ ᱤᱧ ᱤᱧ ᱤᱧ ᱤᱧ ᱤᱧ ᱤᱧ ᱤᱧ
772,मुझे अपने हॉबी के बारे में और बताएँ।,ᱟᱢᱟᱜ ᱥᱚᱠ ᱤᱫᱤ ᱠᱟᱛᱮᱜ ᱟᱨᱦᱚᱸ ᱞᱟᱹᱭᱟᱹᱧ ᱢᱮ ᱾,ᱤᱧ ᱟᱢᱟᱜ ᱦᱳᱵᱤ ᱵᱟᱨᱮᱛᱮ ᱟᱨᱦᱚᱸ ᱞᱟᱹᱭ ᱢᱮ ᱾
773,"वाह, यह तो बहुत अच्छा है।","ᱵᱟᱵᱼᱵᱟ, ᱪᱮᱫ ᱦᱟᱦᱟᱲᱟ ᱾","ᱳᱣᱟ, ᱱᱚᱶᱟ ᱫᱚ ᱟᱹᱰᱤ ᱱᱟᱯᱟᱭ ᱠᱟᱱᱟ ᱾"
774,"जैसा मैंने आपको बताया, मुझे अपनी मोटरसाइकिल पर लंबी दूरी तक राइड करना पसंद है।","ᱟᱢᱤᱧ ᱞᱟᱹᱭ ᱟᱠᱟᱫ ᱢᱮᱭᱟ, ᱤᱧᱫᱚ ᱤᱧᱟᱹᱜ ᱢᱚᱴᱚᱨᱜᱟᱹᱰᱤᱛᱮ ᱟᱹᱰᱤ ᱥᱟᱹᱜᱤᱧ ᱢᱟᱭᱤᱞ ᱪᱟᱞᱟᱜ ᱤᱧ ᱠᱩᱥᱤᱭᱟᱜᱼᱟ ᱾","ᱤᱧ ᱟᱢ ᱞᱟᱹᱭ ᱟᱠᱟᱫᱟ, ᱤᱧ ᱤᱧᱟᱹᱜ ᱢᱳᱥᱟᱭᱠᱮᱞ ᱨᱮ ᱟᱭᱢᱟ ᱥᱟᱹᱜᱤᱧ ᱫᱷᱟᱹᱵᱤᱡ ᱪᱟᱞᱟᱣ ᱞᱟᱹᱜᱤᱫ ᱤᱧ ᱤᱧ ᱤᱧ ᱤᱧ ᱤᱧ ᱤᱧ ᱤᱧ ᱤᱧ ᱤᱧ ᱤᱧ ᱤᱧ ᱤᱧ ᱤᱧ ᱤᱧ ᱤᱧ ᱤᱧ ᱤᱧ ᱤᱧ ᱤᱧ ᱤᱧ ᱤᱧ ᱤᱧ ᱤᱧ ᱤᱧ ᱤᱧ ᱤᱧ ᱤᱧ ᱤᱧ ᱤᱧ ᱤᱧ ᱤᱧ ᱤᱧ ᱤᱧ ᱤᱧ ᱤᱧ ᱤᱧ ᱤᱧ ᱤᱧ ᱤᱧ ᱤᱧ ᱤᱧ ᱤᱧ ᱤᱧ ᱤᱧ ᱤᱧ ᱤᱧ ᱤᱧ ᱤᱧ ᱤᱧ ᱤᱧ ᱤᱧ ᱤᱧ ᱤᱧ ᱤᱧ ᱤᱧ ᱤᱧ ᱤᱧ ᱤᱧ ᱤᱧ ᱤᱧ ᱤᱧ ᱤᱧ ᱤᱧ ᱤᱧ ᱤᱧ ᱤᱧ ᱤᱧ ᱤᱧ ᱤᱧ ᱤᱧ ᱤᱧ ᱤᱧ ᱤᱧ ᱤᱧ ᱤᱧ ᱤᱧ ᱤᱧ ᱤᱧ ᱤᱧ ᱤᱧ ᱤᱧ ᱤᱧ ᱤᱧ ᱤᱧ ᱤᱧ ᱤᱧ ᱤᱧ ᱤᱧ ᱤᱧ ᱤᱧ ᱤᱧ ᱤᱧ ᱤᱧ ᱤᱧ ᱤᱧ ᱤᱧ ᱤᱧ ᱤᱧ ᱤᱧ ᱤᱧ ᱤᱧ ᱤᱧ ᱤᱧ ᱤᱧ ᱤᱧ ᱤᱧ ᱤᱧ ᱤᱧ ᱤᱧ ᱤᱧ ᱤᱧ"
775,मैं अक्सर वीकेंड में अपने ग्रुप के साथ बाहर जाता हूँ।,ᱤᱧ ᱟᱹᱰᱤ ᱚᱠᱛᱚᱜᱮ ᱦᱟᱯᱛᱟᱨᱮ ᱤᱧᱟᱹᱜ ᱜᱟᱫᱮᱞ ᱥᱟᱶᱛᱮᱧ ᱳᱰᱳᱠᱚᱜᱼᱟ ᱾,ᱤᱧ ᱡᱟᱣᱜᱮ ᱦᱟᱯᱛᱟ ᱢᱩᱪᱟᱹᱫ ᱨᱮ ᱤᱧᱟᱹᱜ ᱜᱟᱫᱮᱞ ᱥᱟᱶᱛᱮ ᱮ ᱪᱟᱞᱟᱣᱚᱜᱼᱟ ᱾
776,क्या आप कभी हमारे साथ चलना पसंद करेंगे?,ᱟᱢ ᱡᱟᱦᱟᱸ ᱛᱤᱱ ᱠᱚᱨᱮ ᱟᱞᱮ ᱥᱟᱶᱛᱮᱢ ᱦᱤᱡᱩᱜᱼᱟ ?,ᱟᱢ ᱪᱮᱫ ᱤᱧᱟᱹᱜ ᱥᱟᱶ ᱪᱟᱞᱟᱜ ᱮᱢ ᱠᱷᱚᱡᱟ?
777,"हाँ, बिल्कुल, क्यों नहीं?","ᱦᱮᱸ, ᱥᱟᱹᱨᱤᱜᱮ, ᱪᱮᱫᱟᱜ ᱵᱟᱝ ?","ᱦᱩᱭᱩᱜ ᱠᱟᱱᱟ, ᱜᱚᱴᱟ ᱜᱮ, ᱪᱮᱫ ᱞᱟᱹᱜᱤᱫ ᱵᱟᱝ?"
778,मुझे किसी दिन ऐसा करना अच्छा लगेगा।,ᱤᱧ ᱡᱟᱦᱟᱸᱛᱤᱥ ᱱᱚᱶᱟ ᱨᱤᱠᱟᱹᱧ ᱠᱷᱚᱡᱽ ᱠᱟᱱᱟ ᱾,ᱤᱧ ᱠᱤᱪᱷᱩ ᱫᱤᱱ ᱱᱚᱶᱟ ᱠᱚᱨᱟᱣ ᱞᱟᱹᱜᱤᱫ ᱤᱧ ᱱᱟᱯᱟᱭᱧᱟᱢᱚᱜᱼᱟ ᱾
779,"ठीक है, अगली बार जब हम राइड पर बाहर जाएँगे तो मैं आपको बता दूँगा।","ᱴᱷᱤᱠ ᱜᱮᱭᱟ, ᱤᱧ ᱞᱟᱹᱭ ᱟᱢᱟ ᱛᱟᱭᱚᱢᱛᱮ ᱟᱞᱮ ᱵᱟᱨᱦᱮ ᱨᱟᱭᱤᱰ ᱞᱮ ᱪᱟᱞᱟᱜ ᱠᱷᱟᱱ ᱾",ᱤᱧ ᱟᱢ ᱮ ᱞᱟᱹᱭ ᱤᱧᱢᱮ ᱛᱟᱭᱚᱢ ᱫᱟᱨᱟᱢ ᱚᱠᱛᱮ ᱤᱧᱟᱹᱜ ᱨᱟᱭᱰ ᱨᱮ ᱪᱟᱞᱟᱣ ᱚᱠᱛᱚ ᱾
780,"वैसे, आपकी पसंदीदा जगह कौन-सी है?","ᱡᱟᱦᱟᱸᱭᱮᱱ ᱜᱮ, ᱟᱢᱟᱜ ᱠᱩᱥᱤᱭᱟᱜ ᱡᱚᱥᱼᱴᱷᱟᱶ ᱫᱚ ᱪᱮᱫ ᱠᱟᱱᱟ ?","ᱦᱚᱭᱦᱩᱫᱤᱥᱛᱮ, ᱟᱢᱟᱜ ᱥᱚᱨᱮᱥ ᱴᱷᱟᱶ ᱫᱚ ᱪᱮᱫ?"
781,हम अक्सर मेघालय जाते हैं क्योंकि वहाँ की सड़कें और जगहें दोनों ही सुंदर हैं।,ᱟᱞᱮᱫᱚ ᱡᱟᱣᱜᱮ ᱢᱮᱜᱷᱟᱞᱚᱭᱞᱮ ᱪᱟᱞᱟᱜᱼᱟ ᱪᱮᱫᱟᱜ ᱥᱮ ᱚᱸᱰᱮᱫᱚ ᱦᱚᱨ ᱟᱨ ᱴᱷᱟᱶ ᱵᱟᱱᱟᱨᱜᱮ ᱱᱟᱯᱟᱭᱟ ᱾,ᱤᱧᱟᱹᱜ ᱡᱟᱣᱜᱮ ᱢᱮᱜᱷᱟᱞᱚᱭ ᱪᱟᱞᱟᱣᱚᱜ ᱠᱟᱱᱟ ᱪᱮᱫᱟᱜ ᱥᱮ ᱚᱱᱟ ᱨᱮᱭᱟᱜ ᱰᱟᱦᱟᱨ ᱟᱨ ᱴᱷᱟᱶ ᱵᱟᱱᱟᱨ ᱜᱮ ᱱᱟᱯᱟᱭ ᱠᱟᱱᱟ ᱾
782,"वाह, यह तो बहुत अच्छा है।","ᱳ, ᱟᱹᱰᱤ ᱱᱟᱯᱟᱭ ᱾","ᱳᱣᱟ, ᱱᱚᱶᱟ ᱫᱚ ᱟᱹᱰᱤ ᱱᱟᱯᱟᱭ ᱠᱟᱱᱟ ᱾"
783,तब मैं अगली बार ज़रूर आउंगा।,"ᱮᱱᱠᱷᱟᱱ ᱤᱧᱫᱚ ᱛᱟᱭᱚᱢ ᱫᱟᱨᱟᱢ ᱫᱚᱧ ᱦᱤᱡᱩᱜ ᱠᱟᱱ ᱜᱮᱭᱟ,ᱥᱟᱹᱨᱤᱜᱮ !",ᱚᱱᱟ ᱛᱟᱭᱚᱢ ᱤᱧ ᱛᱟᱭᱚᱢ ᱫᱟᱨᱟᱢ ᱚᱠᱛᱮ ᱨᱮ ᱦᱮᱡᱚᱜᱼᱟ ᱾
784,बिल्कुल!,ᱥᱟᱹᱨᱤ ᱜᱮ !,ᱜᱚᱴᱟ ᱜᱮ ᱾
785,सभी को गुड मॉर्निंग।,"ᱥᱮᱛᱟᱜ ᱡᱚᱦᱟᱨ, ᱡᱚᱛᱚᱠᱩᱜᱤ ᱾",ᱡᱚᱛᱚ ᱦᱚᱲ ᱠᱚ ᱞᱟᱹᱜᱤᱫ ᱱᱟᱯᱟᱭ ꯑꯌꯨꯛ ᱾
786,"जैसा कि आप सब को पता है, आज 5 जून है जिसे विश्व पर्यावरण दिवस के रूप में मनाया जाता है।","ᱡᱚᱛᱚ ᱦᱚᱲᱯᱮ ᱵᱟᱰᱟᱭᱞᱮᱠᱟ, ᱛᱤᱦᱤᱧ ᱫᱚ ᱕ ᱡᱩᱱ ᱠᱟᱱᱟ, ᱡᱟᱦᱟᱸ ᱫᱚ ᱳᱣᱟᱨᱞᱰ ᱮᱱᱵᱷᱟᱭᱨᱚᱱᱢᱮᱱᱴ ᱰᱮ ᱞᱮᱠᱟᱛᱮ ᱢᱟᱱᱟᱜᱽᱠᱟᱱᱟ ᱾","ᱟᱢ ᱥᱟᱱᱟᱢᱟᱜ ᱵᱟᱰᱟᱭ ᱞᱮᱠᱟᱛᱮ, ᱛᱮᱦᱮᱧ 5 ᱡᱩᱱ, ᱡᱟᱦᱟᱸ ᱫᱚ ᱡᱮᱜᱮᱫ ᱦᱚᱭᱦᱩᱫᱤᱥ ᱢᱟᱦᱟ ᱞᱮᱠᱟᱛᱮ ᱯᱟᱞᱟᱣ ᱦᱩᱭᱩᱜᱼᱟ ᱾"
787,मिस्टर बालासुब्रण्यम यहाँ पूर्वी क्षेत्र के वन विभाग के हेड हैं।,ᱮᱢᱟᱨᱹ ᱵᱟᱞᱟᱥᱩᱵᱨᱟᱢᱟᱱᱤᱭᱟᱢ ᱫᱚ ᱱᱚᱸᱰᱮᱱᱤᱡᱽ ᱯᱩᱨᱩᱵ ᱡᱳᱱᱨᱮᱭᱟᱜ ᱯᱷᱚᱨᱮᱥᱴ ᱰᱤᱯᱟᱨᱴᱢᱮᱱᱴᱨᱮᱱ ᱢᱩᱠᱷᱭᱟᱹ ᱠᱟᱱᱟᱭ ᱾,ᱢᱤᱥᱴᱟᱨ ᱵᱟᱞᱟᱥᱩᱵᱨᱚᱱᱟᱢ ᱫᱚ ᱱᱚᱶᱟ ᱨᱮᱭᱟᱜ ᱯᱩᱨᱵᱚ ᱴᱚᱴᱷᱟ ᱨᱮᱭᱟᱜ ᱵᱤᱨ ᱛᱷᱚᱱᱚᱛ ᱨᱮᱱ ᱢᱩᱲᱩᱫ ᱾
788,अब उनसे सुनते हैं।,ᱱᱤᱛ ᱫᱚ ᱩᱱᱤᱭ ᱢᱮᱱᱠᱮᱫᱟ ᱾,ᱱᱤᱛ ᱩᱱᱠᱩ ᱴᱷᱮᱱ ᱠᱷᱚᱱ ᱵᱟᱰᱟᱭᱧᱟᱢᱚᱜᱼᱟ ᱾
789,गुड मॉर्निंग। उम्मीद है आप सब ठीक हैं।,ᱥᱮᱛᱟᱜ ᱡᱚᱦᱟᱨ ᱾ ᱟᱥᱚᱜᱽᱟᱹᱧ ᱟᱯᱮ ᱡᱚᱛᱚᱠᱩ ᱢᱚᱡᱽᱜᱤ ᱢᱮᱱᱟᱜᱽᱯᱮᱭᱟ ᱾,ᱜᱩᱰ مارنᱤᱝ ᱾ ᱟᱭᱢᱟᱜᱟᱱ ᱟᱢ ᱥᱟᱱᱟᱢᱟᱜ ᱜᱮ ᱱᱟᱯᱟᱭ ᱠᱟᱱᱟ ᱾
790,मैं वन विभाग से हूँ।,ᱤᱧ ᱫᱚ ᱵᱤᱨ ᱰᱤᱯᱟᱨᱴᱢᱮᱱᱴ ᱠᱷᱚᱱᱤᱧ ᱦᱮᱡᱽᱟᱠᱟᱱᱟ ᱾,ᱤᱧ ᱵᱤᱨ ᱛᱷᱚᱱᱚᱛ ᱨᱮᱱ ᱾
791,"मेरा काम है इस ग्रह के पर्यावरण के सबसे महत्वपूर्ण पहलुओ में से एक, या यूँ कहें कि सबसे अपूरणीय पहलू का संरक्षण करना।",ᱤᱧᱟᱜ ᱠᱟᱹᱢᱤ ᱫᱚ ᱮᱸᱝᱜᱮᱞ ᱞᱟᱭᱚᱧ ᱨᱮᱭᱟᱜ ᱡᱚᱛᱚᱠᱷᱚᱱ ᱵᱟᱝᱵᱚᱫᱚᱞᱚᱜ ᱱᱟᱠᱷᱟ ᱵᱟᱝ ᱦᱩᱭᱞᱮᱱ ᱨᱮᱦᱚᱸ ᱢᱩᱰᱩᱛ ᱢᱤᱫᱴᱟᱝ ᱵᱟᱝ ᱵᱚᱫᱚᱞᱚᱜ ᱵᱮᱯᱟᱨᱨᱮ ᱡᱚᱜᱟᱣ ᱫᱚᱦᱚᱭ ᱾,"ᱤᱧᱟᱹᱜ ᱠᱟᱹᱢᱤ ᱦᱩᱭᱩᱜ ᱠᱟᱱᱟ ᱱᱚᱶᱟ ᱡᱮᱜᱮᱫ ᱨᱮᱭᱟᱜ ᱦᱚᱭᱦᱩᱫᱤᱥ ᱨᱮᱭᱟᱜ ᱡᱚᱛᱚ ᱠᱷᱚᱱ ᱞᱟᱹᱠᱛᱤᱭᱟᱱ ᱦᱤᱸᱥ ᱠᱚ ᱢᱩᱫᱨᱮ ᱢᱤᱫᱴᱟᱝ ᱥᱮ ᱞᱟᱹᱭ ᱢᱮ, ᱡᱚᱛᱚ ᱠᱷᱚᱱ ᱰᱷᱮᱨ ᱵᱟᱝ ᱧᱟᱢᱟᱱ ᱦᱤᱸᱥ ᱠᱚ ᱫᱚᱦᱚ ᱾"
792,"प्रदूषण जिस खतरनाक दर से बढ़ रहा है, उसमें जरूरी है कि हम उस चीज का संरक्षण करें जो इस ग्रह पर ऑक्सीजन के लगभग एक-तिहाई भाग का उत्पादन करता है।","ᱫᱩᱥᱱᱟᱹᱣ ᱡᱟᱹᱥᱛᱤᱜ ᱨᱮᱭᱟᱜ ᱦᱩᱫᱤᱥᱟᱱ ᱚᱡᱮ ᱞᱟᱹᱜᱤᱫᱛᱮ, ᱮᱸᱝᱜᱮᱞ ᱞᱟᱹᱜᱤᱫᱛᱮ ᱡᱟᱦᱟᱸᱭ ᱫᱚ ᱯᱨᱟᱭ ᱢᱤᱫᱽᱼᱛᱮᱥᱟᱨ ᱚᱠᱥᱤᱡᱮᱱ ᱟᱨᱡᱟᱣᱠᱟᱛᱮ ᱚᱱᱟᱠᱩ ᱡᱚᱛᱱᱟᱣ ᱫᱚ ᱞᱟᱹᱜᱛᱤᱭᱟᱱᱠᱟᱱᱟ ᱾","ᱱᱚᱶᱟ ᱡᱮᱜᱮᱫ ᱨᱮ ᱚᱱᱢᱟᱱ ᱢᱤᱫ ᱯᱮ ᱥᱟᱭᱦᱤᱸᱥ ᱚᱥᱤᱜᱮᱱ ᱵᱮᱱᱟᱣ ᱞᱟᱹᱜᱤᱫ ᱡᱟᱦᱟᱸ ᱫᱚ ᱟᱹᱰᱤ ᱱᱟᱯᱟᱭ ᱠᱟᱱᱟ, ᱚᱱᱟ ᱫᱚ ᱦᱩᱭᱩᱜ ᱠᱟᱱᱟ ᱚᱱᱟ ᱨᱮᱭᱟᱜ ᱨᱩᱠᱷᱟᱹᱭᱟᱹ, ᱡᱟᱦᱟᱸ ᱫᱚ ᱟᱹᱰᱤ ᱱᱟᱯᱟᱭ ᱛᱮ ᱯᱚᱨᱟᱢᱚᱥ ᱨᱮᱭᱟᱜ ᱦᱟᱨ ᱰᱷᱮᱨᱚᱜ ᱠᱟᱱᱟ ᱾"
793,"इसलिए, इस पर्यावरण दिवस पर हम चाहते हैं कि आप इस क्षेत्र के वन को बढ़ाने में योगदान दें।",ᱚᱱᱟ ᱤᱭᱟᱹᱛᱮ ᱱᱤᱭᱟᱹ ᱯᱚᱨᱤᱵᱮᱥ ᱫᱤᱵᱚᱥ ᱨᱮ ᱟᱞᱮᱞᱮ ᱠᱷᱚᱡᱟ ᱟᱯᱮ ᱱᱤᱭᱟᱹ ᱮᱞᱟᱠᱟ ᱨᱮᱭᱟᱜ ᱵᱤᱨᱦᱟᱥᱟ ᱞᱟᱹᱜᱤᱫᱛᱮ ᱮᱱᱮᱢᱯᱮ ᱫᱚᱦᱚᱭᱢᱟ ᱾,"ᱚᱱᱟᱛᱮ, ᱱᱚᱶᱟ ᱦᱚᱭᱦᱩᱫᱤᱥ ᱢᱟᱦᱟ ᱨᱮ, ᱟᱢ ᱱᱚᱶᱟ ᱴᱚᱴᱷᱟ ᱨᱮᱭᱟᱜ ᱵᱤᱨ ᱯᱟᱥᱱᱟᱣ ᱨᱮ ᱜᱚᱲᱚ ᱮᱢ ᱠᱷᱚᱡ ᱠᱟᱱᱟ ᱾"
794,हम मिल कर पेड़ लगाएंगे।,ᱟᱵᱩ ᱫᱚ ᱢᱤᱫᱽᱥᱟᱶᱛᱮ ᱫᱟᱨᱮᱵᱚᱱ ᱨᱚᱦᱚᱭᱟ ᱾,ᱟᱢ ᱢᱤᱫ ᱥᱟᱶᱛᱮ ᱚᱛᱢᱚᱱ ᱠᱚ ᱛᱷᱟᱯᱚᱱᱼᱟ ᱾
795,मुझे आशा है कि आप सब सहयोग करेंगे।,ᱤᱧ ᱠᱷᱚᱡᱽᱚᱜᱼᱟ ᱡᱚᱛᱚᱠᱩ ᱜᱤ ᱯᱮ ᱜᱚᱲᱚᱜᱼᱟ ᱾,ᱤᱧ ᱟᱭᱩᱢᱟᱹᱱ ᱮᱫᱟ ᱡᱮ ᱟᱢ ᱥᱟᱱᱟᱢᱟᱜ ᱜᱚᱲᱚ ᱮᱢ ᱢᱮ ᱾
796,हम मुख्य रूप से बरगद के पेड़ लगाएंगे।,ᱟᱵᱩ ᱫᱚ ᱢᱩᱰᱩᱛ ᱞᱮᱠᱟᱛᱮ ᱵᱟᱲᱮ ᱫᱟᱨᱤᱵᱩᱱ ᱨᱚᱦᱚᱭᱟ ᱾,ᱤᱧᱟᱹᱜ ᱢᱩᱲᱩᱫ ᱞᱮᱠᱟᱛᱮ ᱵᱟᱨᱠ ᱨᱮᱭᱟᱜ ᱵᱤᱨᱟᱣᱟᱱ ᱦᱩᱭᱩᱜᱼᱟ ᱾
797,इसके अलावा कुछ आम और अन्य प्रजातियों के नमूने भी हैं।,ᱩᱞ ᱟᱨ ᱮᱴᱟᱜ ᱪᱚᱞ ᱢᱮᱱᱟᱜ ᱯᱨᱚᱡᱟᱹᱛᱤᱠᱩ ᱨᱮᱭᱟᱜ ᱦᱚᱸ ᱱᱟᱹᱢᱩᱱᱟ ᱢᱮᱱᱟᱜᱼᱟ ᱾,ᱱᱚᱶᱟ ᱵᱮᱜᱚᱨ ᱦᱚᱸ ᱠᱤᱪᱷᱩᱜᱟᱱ ᱥᱟᱫᱷᱟᱨᱚᱱ ᱟᱨ ᱮᱴᱟᱜ ᱞᱮᱠᱟᱱ ᱞᱮᱠᱟᱱ ᱪᱤᱱᱦᱟᱹ ᱢᱮᱱᱟᱜᱼᱟ ᱾
798,अगर आप चाहें तो हम टीमों में मिल कर काम कर सकते हैं।,ᱟᱢᱮᱢ ᱠᱩᱥᱤᱜ ᱠᱷᱟᱱ ᱟᱞᱮ ᱫᱚ ᱴᱤᱢ ᱨᱮᱞᱮ ᱠᱟᱹᱢᱤ ᱫᱟᱲᱮᱭᱟᱜᱼᱟ ᱾,"ᱟᱢ ᱡᱩᱫᱤ ᱮᱢ ᱠᱷᱚᱡᱟ, ᱮᱱᱠᱷᱟᱱ ᱟᱢ ᱜᱟᱫᱮᱞ ᱨᱮ ᱢᱤᱫ ᱥᱟᱶᱛᱮ ᱠᱟᱹᱢᱤ ᱫᱟᱲᱮᱭᱟᱜᱼᱟᱢ ᱾"
799,लेकिन इनको लगाना बहुत आसान है।,ᱢᱮᱱᱠᱷᱟᱱ ᱱᱤᱭᱟᱹᱠᱩ ᱨᱚᱦᱚᱭ ᱫᱚ ᱟᱹᱰᱤᱜᱤ ᱟᱞᱜᱟᱣᱟ ᱾,ᱢᱮᱱᱠᱷᱟᱱ ᱱᱚᱶᱟ ᱠᱚ ᱛᱷᱟᱯᱚᱱ ᱫᱚ ᱟᱹᱰᱤ ᱟᱞᱜᱟ ᱠᱟᱱᱟ ᱾
800,आप में से हर कोई बिना किसी मदद के एक-एक लगा सकता है।,ᱟᱯᱮ ᱠᱩ ᱢᱩᱫᱨᱮ ᱢᱤᱢᱤᱫᱽ ᱦᱚᱲ ᱡᱟᱦᱟᱸᱭᱟᱜ ᱜᱚᱲᱚ ᱫᱟᱨᱟᱭᱛᱮ ᱜᱤᱯᱮ ᱥᱟᱢᱲᱟᱣ ᱫᱟᱲᱤᱭᱟᱜᱼᱟ ᱾,ᱟᱢ ᱥᱟᱱᱟᱢᱟᱜ ᱜᱮ ᱡᱟᱦᱟᱱ ᱜᱚᱲᱚ ᱵᱟᱝ ᱮᱢ ᱠᱟᱛᱮ ᱢᱤᱫ ᱦᱚᱲ ᱟᱨ ᱢᱤᱫ ᱦᱚᱲ ᱠᱚ ᱛᱷᱟᱯᱚᱱ ᱫᱟᱲᱮᱭᱟᱜᱼᱟ ᱾
801,हर छात्र को कम से कम एक पौधा लगाना होगा।,ᱢᱤᱢᱤᱫᱽ ᱯᱟᱹᱴᱷᱣᱟᱹ ᱠᱚᱢᱠᱟᱛᱮ ᱢᱤᱫᱴᱟᱝ ᱯᱳᱦᱟ ᱞᱟᱜᱟᱣᱛᱮᱜᱤ ᱦᱩᱭᱩᱜᱼᱟ ᱾,ᱡᱚᱛᱚ ᱥᱮᱪᱮᱫᱤᱭᱟᱹ ᱠᱚ ᱠᱚᱢ ᱠᱷᱚᱱ ᱠᱚᱢ ᱢᱤᱫᱴᱟᱝ ᱚᱛᱢᱚᱱ ᱛᱷᱟᱯᱚᱱ ᱦᱩᱭᱩᱜ ᱛᱟᱢᱟ ᱾
802,दिए गए निर्देशों का पालन ज़रूर करें।,ᱦᱚᱨᱟᱠᱩ ᱯᱟᱸᱡᱟᱭᱢᱮ ᱾,"ᱮᱢᱚᱱ ᱪᱮᱫ, ᱮᱢᱚᱱ ᱪᱮᱫ, ᱮᱢᱚᱱ ᱪᱮᱫ, ᱮᱢᱚᱱ ᱪᱮᱫ, ᱮᱢᱚᱱ ᱪᱮᱫ, ᱮᱢᱚᱱ ᱪᱮᱫ, ᱮᱢᱚᱱ ᱪᱮᱫ, ᱮᱢᱚᱱ ᱪᱮᱫ, ᱮᱢᱚᱱ ᱪᱮᱫ, ᱮᱢᱚᱱ ᱪᱮᱫ, ᱮᱢᱚᱱ ᱪᱮᱫ, ᱮᱢᱚᱱ ᱪᱮᱫ, ᱮᱢᱚᱱ ᱪᱮᱫ, ᱮᱢᱚᱱ ᱪᱮᱫ, ᱮᱢᱚᱱ ᱪᱮᱫ, ᱮᱢᱚᱱ ᱪᱮᱫ, ᱮᱢᱚᱱ ᱪᱮᱫ, ᱮᱢᱚᱱ ᱪᱮᱫ, ᱮᱢᱚᱱ ᱪᱮᱫ, ᱮᱢᱚᱱ ᱪᱮᱫ, ᱮᱢᱚᱱ ᱪᱮᱫ, ᱮᱢᱚᱱ ᱪᱮᱫ, ᱮᱢᱚᱱ ᱪᱮᱫ, ᱮᱢᱚᱱ ᱪᱮᱫ, ᱮᱢᱚᱱ ᱪᱮᱫ, ᱮᱢᱚᱱ ᱪᱮᱫ, ᱮᱢᱚᱱ ᱪᱮᱫ, ᱮᱢᱚᱱ ᱪᱮᱫ, ᱮᱢᱚᱱ ᱪᱮᱫ, ᱮᱢᱚᱱ ᱪᱮᱫ, ᱮᱢᱚᱱ ᱪᱮᱫ, ᱮᱢᱚᱱ ᱪᱮᱫ,"
803,मुझे आशा है कि आप सब को आज मजा आएगा।,ᱤᱧ ᱥᱟᱹᱨᱤᱱᱟᱜ ᱜᱤ ᱟᱥᱤᱧ ᱫᱚᱦᱚᱭᱮᱫᱟ ᱟᱯᱮᱠᱩ ᱫᱚ ᱢᱟᱦᱟᱴᱟᱜᱽᱯᱮ ᱨᱟᱹᱥᱠᱟᱹᱭᱟ ᱾,"ᱤᱧ ᱟᱭᱩᱢᱟᱹᱱ ᱮᱫᱟ ᱡᱮ, ᱟᱢ ᱥᱟᱱᱟᱢᱟᱜ ᱜᱮ ᱛᱮᱦᱮᱧ ᱱᱟᱯᱟᱭ ᱦᱩᱭᱩᱜᱼᱟ ᱾"
804,मिस्टर बालासुब्रण्यम जैसे ज्ञानी व्यक्ति ने यहाँ आ कर हमें अनुगृहीत किया है।,ᱢᱨᱹ ᱵᱟᱞᱟᱥᱩᱵᱨᱟᱢᱟᱱᱤᱟᱢ ᱞᱮᱠᱟᱱ ᱟᱹᱠᱤᱞᱟᱱ ᱢᱤᱫᱽᱦᱚᱲ ᱩᱱᱤᱭᱟᱜ ᱦᱟᱹᱡᱤᱨ ᱦᱚᱛᱮᱛᱮ ᱟᱵᱩᱭ ᱥᱟᱨᱦᱟᱣᱟᱠᱟᱫᱽᱵᱩᱱᱟ ᱾,ᱢᱤᱥᱴᱟᱨ ᱵᱟᱞᱟᱥᱩᱵᱨᱚᱱᱤᱭᱟᱢ ᱞᱮᱠᱟᱱ ᱢᱤᱫ ᱦᱚᱲ ᱩᱭᱦᱟᱹᱨᱤᱭᱟᱹ ᱱᱚᱶᱟ ᱨᱮ ᱦᱮᱡ ᱠᱟᱛᱮ ᱤᱧᱟᱹᱜ ᱥᱟᱸᱫᱮᱥ ᱮᱢ ᱟᱠᱟᱫᱟ ᱾
805,"मिस्टर देसाई, जरूरी है कि बच्चे पर्यावरण का संरक्षण करना सीखें।","ᱢᱨᱹ ᱫᱮᱥᱟᱭ, ᱱᱤᱭᱟᱹ ᱫᱚ ᱞᱟᱹᱜᱛᱤᱭᱟᱱᱟᱜᱠᱟᱱᱟ ᱡᱮ ᱯᱟᱴᱷᱚᱠᱯᱟᱴᱷᱚᱠᱤᱭᱟᱹ ᱠᱩ ᱡᱚᱛᱱᱟᱣᱠᱩ ᱪᱮᱫᱽᱢᱟ ᱾","ᱢᱤᱥᱴᱟᱨ ᱫᱮᱥᱟᱭ, ᱜᱤᱫᱽᱨᱟᱹ ᱠᱚ ᱦᱚᱭᱦᱩᱫᱤᱥ ᱨᱩᱠᱷᱟᱹᱭ ᱞᱟᱹᱜᱤᱫ ᱥᱮᱪ ᱦᱩᱭᱩᱜ ᱞᱟᱹᱠᱛᱤ ᱠᱟᱱᱟ ᱾"
806,मुझे खुशी है कि मैं मदद कर सका।,ᱜᱚᱲᱚᱫᱟᱲᱮᱭᱟᱫᱽᱯᱮᱛᱮ ᱠᱩᱥᱤᱧ ᱵᱩᱡᱷᱮᱫᱟ ᱾,ᱤᱧ ᱱᱟᱯᱟᱭ ᱠᱟᱱᱟ ᱡᱮ ᱤᱧ ᱜᱚᱲᱚ ᱮᱢ ᱫᱟᱲᱮᱹᱭᱟᱜᱼᱟ ᱾
807,"चलो बच्चो, काम शुरू करें।",ᱯᱟᱹᱴᱷᱣᱟᱹᱠᱩ ᱫᱮᱞᱟ ᱞᱟᱜᱟᱜᱽᱯᱮ ᱾,"ᱜᱤᱫᱽᱨᱟᱹᱠᱚ, ᱠᱟᱹᱢᱤ ᱮᱦᱚᱵ ᱢᱮ ᱾"
808,एक-एक पौधा उठाओ और उसे फलने-फूलने की जगह दो।,ᱢᱤᱫᱴᱟᱝ ᱯᱳᱦᱟ ᱨᱟᱠᱟᱵᱽᱢᱮ ᱟᱨ ᱟᱥᱨᱟᱭ ᱮᱢᱟᱭᱢᱮ ᱾,ᱢᱤᱫᱼᱵᱩᱴᱟᱹ ᱚᱛᱢᱚᱱ ᱦᱟᱛᱟᱣ ᱢᱮ ᱟᱨ ᱚᱱᱟ ᱨᱮᱭᱟᱜ ᱚᱛᱢᱚᱱ ᱨᱮᱭᱟᱜ ᱴᱷᱟᱶ ᱮᱢ ᱢᱮ ᱾
809,अगर आपको कुछ पूछना हो तो बेझिझक पूछें।,ᱡᱩᱫᱤ ᱡᱟᱦᱟᱸᱱ ᱠᱩᱠᱞᱤ ᱛᱟᱦᱮᱸᱱᱠᱷᱟᱱ ᱫᱟᱭᱟᱠᱟᱛᱮ ᱠᱩᱞᱤᱭᱤᱧ ᱯᱮ ᱾,"ᱟᱢ ᱡᱩᱫᱤ ᱠᱤᱪᱷᱩ ᱵᱟᱰᱟᱭ ᱠᱷᱚᱡᱟ, ᱮᱱᱠᱷᱟᱱ ᱵᱟᱝ ᱵᱟᱰᱟᱭ ᱢᱮ ᱾"
810,गुड मॉर्निंग मैम!,ᱥᱟᱹᱜᱩᱱ ᱥᱮᱛᱟᱜ ᱢᱟᱪᱮᱛᱟᱹᱱᱤ !,ᱜᱩᱰ مارنᱤᱝ ᱢᱟᱢ ᱾
811,मैं यहाँ लाइफ़ इंश्योरेंस पॉलिसी को लेकर कुछ जानकारी लेने आया हूँ।,ᱤᱧ ᱫᱚ ᱱᱚᱸᱰᱮ ᱞᱟᱭᱤᱯᱷ ᱤᱱᱥᱩᱨᱮᱱᱥ ᱯᱚᱞᱤᱥᱤ ᱵᱟᱵᱚᱫ ᱠᱤᱪᱷᱩ ᱛᱮᱛᱮᱫ ᱧᱟᱢ ᱞᱟᱹᱜᱤᱫᱽᱤᱧ ᱦᱮᱡᱽ ᱟᱠᱟᱱᱟ ᱾,ᱤᱧ ᱱᱚᱶᱟ ᱨᱮ ᱡᱤᱭᱚᱱ ᱵᱤᱢᱟᱹ ᱯᱮᱞᱤᱥᱤ ᱤᱫᱤ ᱠᱟᱛᱮ ᱠᱤᱪᱷᱩᱠ ᱰᱚᱜᱚᱨ ᱞᱟᱹᱜᱤᱫ ᱦᱮᱡ ᱟᱠᱟᱱᱟ ᱾
812,क्या आप मेरी मदद कर सकती हैं?,ᱫᱟᱭᱟᱠᱟᱛᱮ ᱟᱢ ᱫᱚ ᱤᱧᱮᱢ ᱜᱚᱲᱚ ᱫᱟᱲᱤᱭᱟᱹᱧᱟ ?,ᱟᱢ ᱠᱤ ᱤᱧ ᱜᱚᱲᱚ ᱮᱢ ᱫᱟᱲᱮᱭᱟᱜᱼᱟ?
813,"गुड मॉर्निंग, प्लीज़ बैठिए।","ᱥᱟᱹᱜᱩᱱ ᱥᱮᱛᱟᱜ, ᱫᱟᱭᱟᱠᱟᱛᱮ ᱫᱩᱲᱩᱵᱽ ᱢᱮ ᱾","ᱱᱟᱯᱟᱭ ꯑꯌꯨꯛ, ᱫᱟᱭᱟ ᱠᱟᱛᱮ ᱥᱮᱱ ᱢᱮ ᱾"
814,"बिल्कुल, हम यहाँ अपने ग्राहकों की सेवा के लिए ही हैं।","ᱱᱤᱦᱟᱹᱛ ᱜᱮ, ᱟᱞᱮ ᱫᱚ ᱱᱚᱸᱰᱮ ᱟᱞᱮᱨᱮᱱ ᱜᱟᱦᱟᱠ ᱥᱮᱣᱟᱣᱟᱠᱩ ᱞᱟᱹᱜᱤᱫ ᱜᱮ ᱢᱮᱱᱟᱜᱞᱮᱭᱟ ᱾","ᱜᱚᱴᱟ ᱜᱮ, ᱟᱢ ᱱᱚᱶᱟ ᱨᱮ ᱟᱢᱨᱮᱱ ᱠᱤᱨᱤᱧᱤᱭᱟᱹ ᱠᱚᱣᱟᱜ ᱥᱟᱨᱵᱷᱟᱨ ᱞᱟᱹᱜᱤᱫ ᱮ ᱦᱮᱡ ᱟᱠᱟᱱᱟ ᱾"
815,"आप हमारी पॉलिसी के बारे में जो भी जानना चाहते हैं, उसमें मैं आपकी मदद करूँगी।","ᱟᱞᱮᱭᱟᱜ ᱯᱚᱞᱤᱥᱤ ᱵᱟᱵᱚᱫ ᱡᱟᱦᱟᱸᱱᱟᱜ ᱵᱟᱰᱟᱭ ᱥᱟᱱᱟᱭᱮᱫ ᱢᱮᱭᱟ, ᱤᱧ ᱫᱚᱧ ᱜᱚᱲᱚᱣᱟᱢᱟ ᱾","ᱟᱢ ᱡᱟᱦᱟᱸ ᱪᱮᱫ ᱵᱟᱰᱟᱭ ᱠᱷᱚᱡᱟ, ᱤᱧ ᱟᱢ ᱤᱧᱟᱹᱜ ᱟᱹᱨᱤ ᱤᱫᱤ ᱠᱟᱛᱮ ᱜᱚᱲᱚᱧᱢᱮ ᱾"
816,क्या मैं आपका नाम और उम्र जान सकती हूँ?,ᱤᱧ ᱫᱚ ᱟᱢᱟᱜ ᱧᱩᱛᱩᱢ ᱟᱨ ᱩᱢᱟᱹᱨᱤᱧ ᱵᱟᱰᱟᱭ ᱫᱟᱲᱮᱭᱟᱜᱼᱟ ?,ᱤᱧ ᱠᱤ ᱟᱢᱟᱜ ᱧᱩᱛᱩᱢ ᱟᱨ ᱩᱢᱮᱨ ᱵᱟᱰᱟᱭᱧᱟᱢᱚᱜᱼᱟ?
817,मैं देवांग सैकिया हूँ और मेरी उम्र 39 है।,ᱤᱧ ᱫᱚ ᱫᱮᱵᱟᱝᱜᱟ ᱥᱳᱭᱠᱤᱭᱚ ᱟᱨ ᱤᱧᱟᱜ ᱩᱢᱮᱨ ᱫᱚ ᱓᱙ ᱾,ᱤᱧ ᱦᱩᱭᱩᱜ ᱠᱟᱱᱟ ᱰᱮᱣᱟᱝ ᱥᱟᱭᱠᱤᱭᱟ ᱟᱨ ᱤᱧ 39 ᱥᱮᱨᱢᱟ ᱩᱢᱮᱨᱟᱱ ᱾
818,मुझे जानना चाहता हूँ कि इस उम्र में कौन-सी इंश्योरेंस पॉलिसी मेरे लिए ठीक है।,ᱤᱧ ᱫᱚ ᱵᱟᱰᱟᱭᱤᱧ ᱠᱷᱚᱡ ᱠᱟᱱᱟ ᱚᱠᱟᱴᱟᱜ ᱤᱱᱥᱩᱨᱮᱱᱥ ᱯᱚᱞᱤᱥᱤ ᱤᱧ ᱞᱟᱹᱜᱤᱫ ᱡᱚᱛᱷᱟᱛᱟ ᱤᱧᱟᱜ ᱱᱚᱣᱟ ᱩᱢᱮᱨ ᱨᱮ ᱾,"ᱤᱧ ᱵᱟᱰᱟᱭ ᱠᱷᱚᱡ ᱠᱟᱱᱟ ᱡᱮ, ᱱᱚᱶᱟ ᱩᱢᱮᱨ ᱨᱮ ᱪᱮᱫ ᱵᱤᱢᱟᱹ ᱯᱮᱞᱤᱥᱤ ᱤᱧ ᱞᱟᱹᱜᱤᱫ ᱱᱟᱯᱟᱭ ᱠᱟᱱᱟ ᱾"
819,और मुझे उसके लाभ भी जानने हैं।,"ᱥᱟᱶᱛᱮ, ᱤᱧ ᱫᱚ ᱵᱟᱰᱟᱭ ᱥᱟᱱᱟᱧ ᱠᱟᱱᱟ ᱥᱩᱵᱤᱫᱷᱟᱠᱩ ᱾",ᱟᱨ ᱤᱧ ᱱᱚᱶᱟ ᱨᱮᱭᱟᱜ ᱜᱚᱱᱚᱝ ᱦᱚᱸ ᱵᱟᱰᱟᱭ ᱦᱩᱭᱩᱜ ᱠᱟᱱᱟ ᱾
820,अपना नाम और उम्र बताने के लिए धन्यवाद।,ᱟᱢᱟᱜ ᱧᱩᱛᱩᱢ ᱟᱨ ᱩᱢᱮᱨ ᱟᱞᱮᱢ ᱵᱟᱰᱟᱭ ᱩᱪᱩᱠᱮᱫ ᱞᱮ ᱤᱭᱟᱹᱛᱮ ᱟᱭᱢᱟ ᱥᱟᱨᱦᱟᱣ ᱾,ᱟᱢᱟᱜ ᱧᱩᱛᱩᱢ ᱟᱨ ᱩᱢᱮᱨ ᱞᱟᱹᱭ ᱞᱟᱹᱜᱤᱫ ᱛᱮ ᱟᱢ ᱫᱚ ᱥᱟᱨᱦᱟᱰᱚᱜ ᱠᱟᱱᱟ ᱾
821,हमारे पास जीवन उमंग नाम की एक बहुत अच्छी पॉलिसी है।,ᱟᱞᱮ ᱴᱷᱮᱱ ᱟᱹᱰᱤ ᱱᱟᱯᱟᱭ ᱯᱚᱞᱤᱥᱤ ᱢᱮᱱᱟᱜᱼᱟ ᱧᱩᱛᱩᱢ ᱫᱚ ᱡᱤᱵᱚᱱ ᱩᱢᱚᱝᱜ ᱾,ᱤᱧᱟᱹᱜ ᱡᱤᱭᱚᱱ ᱳᱢᱟᱝ ᱧᱩᱛᱩᱢ ᱛᱮ ᱢᱤᱫᱴᱟᱝ ᱟᱹᱰᱤ ᱱᱟᱯᱟᱭ ᱟᱹᱨᱤ ᱢᱮᱱᱟᱜᱼᱟ ᱾
822,आप उसे ले सकते हैं।,ᱟᱢ ᱫᱚ ᱚᱱᱟᱢ ᱵᱟᱪᱷᱟᱣ ᱫᱟᱲᱮᱭᱟᱜᱼᱟ ᱾,ᱟᱢ ᱩᱱᱤ ᱦᱟᱛᱟᱣ ᱫᱟᱲᱮᱭᱟᱜᱼᱟᱢ ᱾
823,इस पॉलिसी में सबसे कम बेसिक बीमा कितने का है?,ᱱᱤᱭᱟᱹ ᱯᱚᱞᱤᱥᱤ ᱨᱮ ᱡᱚᱛᱚ ᱠᱷᱚᱱ ᱠᱚᱢ ᱩᱛᱟᱹᱨ ᱢᱩᱬᱩᱛ ᱫᱚᱦᱚᱭ ᱠᱟᱹᱣᱰᱤ ᱫᱚ ᱛᱤᱱᱟᱹᱜ ?,ᱱᱚᱶᱟ ᱯᱮᱞᱤᱥᱤ ᱨᱮ ᱡᱚᱛᱚ ᱠᱷᱚᱱ ᱠᱚᱢ ᱵᱮᱥᱤᱠ ᱵᱤᱢᱟᱹ ᱛᱤᱱᱟᱹᱜ?
824,इस पॉलिसी को लेने के लिए कम से कम उम्र कितनी होनी चाहिए?,ᱱᱤᱭᱟᱹ ᱯᱚᱞᱤᱥᱤ ᱞᱟᱹᱜᱤᱫ ᱠᱚᱢ ᱩᱛᱟᱹᱨ ᱮᱱᱴᱨᱤ ᱩᱢᱮᱨ ᱫᱚ ᱛᱤᱱᱟᱹᱜ ?,ᱱᱚᱶᱟ ᱯᱮᱞᱤᱥᱤ ᱦᱟᱛᱟᱣ ᱞᱟᱹᱜᱤᱫ ᱠᱚᱢ ᱠᱷᱚᱱ ᱠᱚᱢ ᱩᱢᱮᱨ ᱛᱤᱱᱟᱹᱜ ᱦᱳᱭᱳᱜᱼᱟ?
825,अधिकतम उम्र क्या है?,ᱡᱚᱛᱚᱠᱷᱚᱱ ᱰᱷᱮᱨ ᱮᱱᱴᱨᱤ ᱩᱢᱮᱨ ᱫᱚ ᱛᱤᱱᱟᱹᱜ ?,ᱡᱚᱛᱚ ᱠᱷᱚᱱ ᱰᱷᱮᱨ ᱩᱢᱮᱨ ᱪᱮᱫ?
826,सबसे कम बेसिक बीमा दो लाख रुपये का है।,ᱠᱚᱢ ᱩᱛᱟᱹᱨ ᱢᱩᱬᱩᱛ ᱨᱟᱥᱤ ᱫᱚ ᱵᱟᱨ ᱞᱟᱠᱷ ᱴᱟᱠᱟ ᱾,ᱡᱚᱛᱚ ᱠᱷᱚᱱ ᱠᱚᱢ ᱵᱮᱥᱤᱠ ᱵᱤᱢᱟᱹ ᱦᱩᱭᱩᱜ ᱠᱟᱱᱟ 2 ᱞᱟᱠᱷ ᱴᱟᱠᱟ ᱾
827,सबसे कम उम्र 90 दिन है।,ᱠᱚᱢ ᱩᱛᱟᱹᱨ ᱮᱱᱴᱨᱤ ᱩᱢᱟᱹᱨ ᱫᱚ ᱙᱐ ᱫᱤᱱ ᱾,ᱡᱚᱛᱚ ᱠᱷᱚᱱ ᱦᱩᱰᱤᱧ ᱩᱢᱮᱨ 90 ᱢᱟᱦᱟ ᱾
828,इस पॉलिसी को लेने के लिए अधिकतम उम्र 55 साल है।,ᱱᱤᱭᱟᱹ ᱯᱚᱞᱤᱥᱤ ᱞᱟᱹᱜᱤᱫ ᱡᱚᱛᱚᱠᱷᱚᱱ ᱡᱟᱹᱥᱛᱤ ᱮᱱᱴᱨᱤ ᱩᱢᱟᱹᱨ ᱫᱚ ᱕᱕ ᱥᱮᱨᱢᱟ ᱾,ᱱᱚᱶᱟ ᱯᱮᱞᱤᱥᱤ ᱦᱟᱛᱟᱣ ᱞᱟᱹᱜᱤᱫ ᱡᱚᱛᱚ ᱠᱷᱚᱱ ᱰᱷᱮᱨ ᱩᱢᱮᱨ 55 ᱥᱮᱨᱢᱟ ᱾
829,जानकारी देने के लिए बहुत-बहुत धन्यवाद।,ᱛᱮᱛᱮᱫ ᱞᱟᱹᱜᱤᱫ ᱟᱭᱢᱟ ᱥᱟᱨᱦᱟᱣ ᱾,ᱰᱚᱜᱚᱨ ᱮᱢ ᱞᱟᱹᱜᱤᱫ ᱛᱮ ᱟᱹᱰᱤ ᱜᱟᱱ ᱥᱟᱨᱦᱟᱰ ᱾
830,इस पॉलिसी के मृत्यु लाभ क्या-क्या हैं?,ᱱᱚᱣᱟ ᱯᱚᱞᱤᱥᱤ ᱨᱮᱭᱟᱜ ᱜᱩᱡᱩᱜ ᱥᱩᱵᱤᱫᱷᱟ ᱠᱩ ᱫᱚ ᱪᱮᱫ ᱠᱩ ?,ᱱᱚᱶᱟ ᱟᱹᱨᱤ ᱨᱮᱭᱟᱜ ᱜᱚᱡ ᱨᱮᱭᱟᱜ ᱜᱚᱱᱚᱝ ᱪᱮᱫ?
831,क्या मैं प्रीमियम सालाना भर सकता हूँ?,ᱪᱮᱫ ᱤᱧ ᱫᱚ ᱥᱮᱨᱢᱟᱻᱠᱮᱻᱥᱮᱨᱢᱟ ᱯᱨᱤᱢᱤᱭᱟᱢᱤᱧ ᱮᱢ ᱫᱟᱲᱮᱭᱟᱜᱼᱟ ?,ᱤᱧ ᱠᱤ ᱥᱮᱨᱢᱟ ᱨᱮ ᱯᱚᱨᱤᱢᱟᱱ ᱮᱢ ᱫᱟᱲᱮᱭᱟᱜᱼᱟ?
832,"पहले पांच वर्षों के दौरान मृत्यु होने पर, मृत्यु पर बीमा किया गया धन देय होगा।","ᱯᱟᱹᱦᱤᱞ ᱢᱚᱸᱲᱮ ᱥᱮᱨᱢᱟᱨᱮ ᱜᱩᱡᱩᱜ ᱦᱩᱭᱞᱮᱱ ᱠᱷᱟᱱ, ᱜᱩᱡᱩᱜ ᱞᱟᱹᱜᱤᱫ ᱵᱤᱢᱟᱹᱣᱟᱠᱟᱱ ᱠᱟᱹᱣᱰᱤ ᱮᱢᱚᱜᱚᱜᱼᱟ ᱾","ᱯᱳᱭᱞᱳ ᱢᱚᱬᱮ ᱥᱮᱨᱢᱟ ᱨᱮ ᱜᱚᱡ ᱞᱮᱱ ᱠᱷᱟᱱ, ᱜᱚᱡ ᱛᱟᱭᱚᱢ ᱵᱤᱢᱟᱹ ᱟᱠᱟᱱ ᱠᱟᱹᱣᱰᱤ ᱫᱚ ᱡᱩᱠᱛᱤ ᱟᱱᱟᱜ ᱦᱩᱭᱩᱜᱼᱟ ᱾"
833,"पॉलिसी के पांच वर्ष पूरे होने के बाद लेकिन मैच्योर होने की तारीख से पहले मृत्यु होने पर, मृत्यु पर बीमित राशि और लॉयल्टी एडिशन, यदि कोई हो, देय होगा।","ᱢᱚᱸᱬᱮ ᱯᱚᱞᱤᱥᱤ ᱥᱮᱨᱢᱟ ᱯᱩᱨᱟᱹᱣ ᱛᱟᱭᱚᱢ ᱢᱮᱱᱠᱷᱟᱱ ᱢᱮᱭᱟᱫ ᱯᱩᱨᱟᱹᱣ ᱢᱟᱹᱦᱤᱫ ᱞᱟᱦᱟ ᱜᱩᱡᱩᱜᱨᱮ, ᱜᱩᱡᱩᱜ ᱟᱨ ᱯᱟᱹᱛᱭᱟᱹᱣ ᱥᱟᱶ ᱡᱚᱯᱚᱲᱟᱣ ᱵᱤᱢᱟᱹ ᱠᱟᱹᱣᱰᱤ, ᱡᱩᱫᱤ ᱛᱟᱦᱮᱸᱱᱟ, ᱮᱢᱚᱜᱚᱜᱼᱟ ᱾","ᱯᱮᱞᱤᱥᱤ ᱨᱮᱭᱟᱜ ᱢᱚᱬᱮ ᱥᱮᱨᱢᱟ ᱢᱩᱪᱟᱹᱫ ᱛᱟᱭᱚᱢ ᱢᱮᱱᱠᱷᱟᱱ ᱯᱚᱨᱤᱢᱟᱱ ᱨᱮᱭᱟᱜ ᱫᱤᱱ ᱢᱟᱲᱟᱝ ᱨᱮ ᱜᱚᱡ ᱞᱮᱱ ᱠᱷᱟᱱ, ᱜᱚᱡ ᱛᱟᱭᱚᱢ ᱵᱤᱢᱟᱹ ᱯᱚᱨᱤᱢᱟᱱ ᱟᱨ ᱞᱚᱭᱮᱞᱴᱤ ᱮᱰᱤᱥᱚᱱ, ᱡᱩᱫᱤ ᱡᱟᱦᱟᱱ ᱛᱟᱦᱮᱸᱱᱟ, ᱚᱱᱟ ᱮᱢ ᱦᱳᱭᱳᱜᱼᱟ ᱾"
834,यह सब तभी लागू होंगे जब सभी ड्यूज़ चुका दिए गए हों।,ᱡᱚᱛᱚ ᱵᱟᱹᱠᱤ ᱠᱟᱹᱣᱰᱤ ᱮᱢᱟᱠᱟᱱ ᱠᱷᱟᱱ ᱱᱤᱭᱟᱹ ᱫᱚ ᱮᱢᱚᱜᱚᱜᱼᱟ ᱾,ᱱᱚᱶᱟ ᱥᱟᱱᱟᱢ ᱜᱮ ᱩᱱ ᱚᱠᱛᱚ ᱜᱮ ᱵᱮᱣᱦᱟᱨᱚᱜᱼᱟ ᱡᱚᱠᱷᱚᱱ ᱥᱟᱱᱟᱢ ᱰᱤᱭᱩᱡᱽ ᱮᱢ ᱦᱳᱭᱳᱜᱼᱟ ᱾
835,"प्रीमियम नियमित रूप से सालाना, छः महीने पर, तीन महीने पर या हर महीने दिया जा सकता है।","ᱯᱨᱤᱢᱤᱭᱟᱢ ᱫᱚ ᱱᱤᱭᱟᱹᱢ ᱞᱮᱠᱟᱛᱮ ᱥᱮᱨᱢᱟᱠᱤᱭᱟᱹ, ᱛᱟᱞᱟ ᱥᱮᱨᱢᱟᱠᱤᱭᱟᱹ, ᱯᱮ ᱪᱟᱸᱫᱩᱠᱤᱭᱟᱹ ᱥᱮ ᱪᱟᱸᱫᱩᱠᱤᱭᱟᱹ ᱛᱟᱞᱟᱢᱟᱞᱟᱨᱮ ᱮᱢᱚᱜᱚᱜᱼᱟ ᱾","ᱯᱚᱨᱤᱢᱟᱱ ᱜᱚᱴᱟᱼᱵᱩᱴᱟᱹ ᱞᱮᱠᱟᱛᱮ ᱥᱮᱨᱢᱟ ᱨᱮ, ᱛᱩᱨᱩᱭ ᱪᱟᱸᱫᱳ ᱨᱮ, ᱯᱮ ᱪᱟᱸᱫᱳ ᱨᱮ ᱥᱮ ᱡᱚᱛᱚ ᱪᱟᱸᱫᱚ ᱨᱮ ᱮᱢ ᱦᱩᱭ ᱫᱟᱲᱮᱭᱟᱜᱼᱟ ᱾"
836,क्या मैं मैच्योरिटी डेट के पहले पॉलिसी सरेंडर कर सकता हूँ?,ᱤᱧ ᱫᱚ ᱪᱮᱫ ᱢᱮᱭᱟᱫ ᱯᱩᱨᱟᱹᱣ ᱢᱟᱹᱦᱤᱛ ᱞᱟᱦᱟᱨᱮ ᱯᱚᱞᱤᱥᱤᱧ ᱪᱟᱵᱟ ᱫᱟᱲᱮᱭᱟᱜᱼᱟ ?,ᱤᱧ ᱠᱤ ᱯᱚᱨᱤᱢᱟᱱ ᱨᱮᱭᱟᱜ ᱫᱤᱱ ᱢᱟᱲᱟᱝ ᱨᱮ ᱢᱤᱫᱴᱟᱝ ᱯᱮᱞᱤᱥᱤ ᱥᱟᱨᱮᱱᱰᱟᱨ ᱠᱚᱨᱟᱣ ᱫᱟᱲᱮᱭᱟᱜᱼᱟ?
837,सरेंडर वैल्यू क्या होगी?,ᱢᱩᱪᱟᱹᱫ ᱠᱟᱹᱣᱰᱤ ᱫᱚ ᱛᱤᱱᱟᱹᱜ ᱦᱩᱭᱩᱩᱜᱼᱟ ?,ᱥᱟᱨᱮᱱᱰᱟᱨ ᱨᱮᱭᱟᱜ ᱜᱚᱱᱚᱝ ᱪᱮᱫ ᱦᱩᱭᱩᱜᱼᱟ?
838,"हाँ, पॉलिसी लेने वाला मैच्योरिटी से पहले तीन साल पूरे होने के बाद पॉलिसी सरेंडर कर सकता है।","ᱦᱮᱸ, ᱯᱚᱞᱤᱥᱤ ᱢᱮᱱᱟᱜ ᱦᱚᱲ ᱢᱮᱭᱟᱫ ᱯᱩᱨᱟᱹᱣ ᱞᱟᱦᱟᱨᱮ ᱯᱮ ᱥᱮᱨᱢᱟ ᱯᱩᱨᱟᱹᱣ ᱛᱟᱭᱚᱢ ᱯᱚᱞᱤᱥᱤᱭ ᱪᱟᱵᱟ ᱫᱟᱲᱮᱭᱟᱜᱼᱟ ᱾","ᱦᱩᱭᱩᱜ ᱠᱟᱱᱟ, ᱯᱚᱨᱤᱢᱟᱱ ᱢᱟᱲᱟᱝ ᱯᱮ ᱥᱮᱨᱢᱟ ᱢᱩᱪᱟᱹᱫ ᱛᱟᱭᱚᱢ ᱯᱚᱨᱤᱢᱟᱱ ᱦᱟᱛᱟᱣᱤᱡ ᱯᱚᱨᱤᱢᱟᱱ ᱮᱢ ᱫᱟᱲᱮᱭᱟᱜᱼᱟ ᱾"
839,आपको कम से कम 3 साल लगातार नियमित रूप से प्रीमियम भरना होगा।,ᱟᱢ ᱫᱚ ᱠᱚᱢ ᱠᱟᱭᱛᱮ ᱓ ᱥᱮᱨᱢᱟ ᱞᱟᱹᱜᱤᱫ ᱵᱷᱟᱜᱤ ᱥᱟᱹᱦᱤᱫᱛᱮ ᱯᱨᱤᱢᱤᱭᱟᱢ ᱮᱢ ᱦᱩᱭᱩᱜ ᱛᱟᱭᱟ ᱾,ᱟᱢ ᱠᱚᱢ ᱠᱷᱚᱱ ᱠᱚᱢ 3 ᱥᱮᱨᱢᱟ ᱞᱟᱹᱜᱤᱫ ᱜᱚᱴᱟᱼᱵᱩᱴᱟᱹ ᱯᱚᱨᱤᱢᱟᱱ ᱮᱢ ᱦᱩᱭᱩᱜ ᱛᱟᱢᱟ ᱾
840,"प्रक्रिया के बारे में पूरी जानकारी हमारी किताब से समझी जा सकती है, ज़रा उसे देख लें।","ᱦᱚᱨᱟ ᱨᱮᱭᱟᱜ ᱵᱤᱪᱷᱱᱟᱹᱣ ᱵᱚᱨᱱᱚᱱ ᱟᱞᱮᱭᱟᱜ ᱵᱮᱱᱟᱣ ᱞᱮᱠᱷᱟ ᱠᱷᱚᱱ ᱮᱠᱥᱮᱥ ᱦᱩᱭ ᱫᱟᱲᱮᱭᱟᱜᱼᱟ, ᱫᱟᱭᱟᱠᱟᱛᱮ ᱱᱚᱣᱟ ᱧᱮᱞᱢᱮ ᱾","ᱱᱚᱶᱟ ᱦᱚᱨᱟ ᱨᱮᱭᱟᱜ ᱥᱟᱱᱟᱢ ᱰᱚᱜᱚᱨ ᱤᱧᱟᱹᱜ ᱯᱚᱛᱚᱵ ᱠᱷᱚᱱ ᱵᱟᱰᱟᱭ ᱧᱟᱢᱚᱜᱼᱟ, ᱚᱱᱟ ᱧᱮᱞ ᱢᱮ ᱾"
841,जानकारी से मुझे वाकई बहुत मदद मिली।,ᱛᱮᱛᱮᱫ ᱫᱚ ᱥᱟᱹᱨᱤᱜᱤ ᱟᱭᱢᱟᱭ ᱜᱚᱲᱚᱣᱟᱠᱟᱫᱤᱧᱟ ᱾,ᱰᱚᱜᱚᱨ ᱫᱚ ᱤᱧ ᱟᱹᱰᱤ ᱜᱚᱲᱚ ᱞᱮᱫᱮᱭᱟ ᱾
842,बहुत-बहुत धन्यवाद!,ᱟᱭᱢᱟ ᱥᱟᱨᱦᱟᱣ !,ᱟᱹᱰᱤ ᱜᱟᱱ ᱥᱟᱨᱦᱟᱶ ᱮᱢ ᱢᱮ ᱾
843,आपका स्वागत है।,ᱟᱢ ᱦᱚᱸ ᱥᱟᱹᱜᱩᱱ ᱫᱟᱨᱟᱢ ᱾,ᱟᱢ ᱫᱚ ᱥᱟᱨᱦᱟᱶ ᱮᱢ ᱦᱩᱭᱩᱜ ᱠᱟᱱᱟ ᱾
844,"अगर आप चाहें, तो मैं अपने किसी एजेंट को आपसे संपर्क करने के लिए कह सकती हूँ जो आपको ज़्यादा जानकारी दे सकते हैं।","ᱟᱢᱮᱢ ᱠᱷᱚᱡ ᱠᱷᱟᱱ, ᱤᱧ ᱟᱢ ᱥᱟᱶ ᱡᱳᱜᱟᱡᱳᱜ ᱞᱟᱹᱜᱤᱫ ᱟᱞᱮᱨᱮᱱ ᱮᱡᱮᱱᱴ ᱠᱩ ᱠᱷᱚᱱ ᱢᱤᱫ ᱦᱚᱲᱤᱧ ᱴᱷᱤᱠ ᱫᱟᱲᱮᱭᱟᱭᱟ ᱡᱟᱦᱟᱸᱭ ᱫᱚ ᱟᱢ ᱵᱤᱪᱷᱱᱟᱹᱣ ᱥᱟᱹᱦᱤᱫᱼᱮ ᱵᱚᱨᱱᱚᱱ ᱫᱟᱲᱮᱭᱟᱢᱟ ᱾","ᱟᱢ ᱡᱩᱫᱤ ᱮᱢ ᱠᱷᱚᱡᱟ, ᱮᱱᱠᱷᱟᱱ ᱤᱧ ᱟᱢᱟᱜ ᱡᱟᱦᱟᱱ ᱮᱡᱮᱱᱴ ᱴᱷᱮᱱ ᱟᱢ ᱥᱟᱶ ᱡᱳᱜᱟᱡᱳᱜ ᱞᱟᱹᱜᱤᱫ ᱮ ᱢᱮᱱ ᱫᱟᱲᱮᱭᱟᱜᱼᱟ, ᱡᱟᱦᱟᱸᱭ ᱫᱚ ᱟᱢ ᱟᱨᱦᱚᱸ ᱰᱚᱜᱚᱨ ᱮᱢ ᱫᱟᱲᱮᱭᱟᱜᱼᱟ ᱾"
845,क्या आप मुझे अपना फ़ोन नंबर दे सकते हैं?,ᱟᱢ ᱫᱚ ᱪᱮᱫ ᱟᱢᱟᱜ ᱯᱷᱳᱱ ᱱᱚᱢᱵᱚᱨᱮᱢ ᱮᱢ ᱫᱟᱲᱮᱭᱟᱹᱧᱟ ?,ᱟᱢ ᱠᱤ ᱤᱧ ᱟᱢᱟᱜ ᱯᱷᱳᱱ ᱱᱟᱢᱵᱟᱨ ᱮᱢ ᱮᱢ ᱫᱟᱲᱮᱭᱟᱜᱼᱟ?
846,यह बहुत बढ़िया रहेगा!,ᱚᱱᱟᱜᱤ ᱵᱷᱟᱜᱤᱜᱼᱟ !,ᱱᱚᱶᱟ ᱫᱚ ᱟᱹᱰᱤ ᱱᱟᱯᱟᱭ ᱦᱩᱭᱩᱜᱼᱟ ᱾
847,प्लीज़ मेरा फ़ोन नंबर लिख लीजिए।,ᱤᱧᱟᱜ ᱯᱷᱳᱱ ᱱᱚᱢᱵᱚᱨ ᱚᱞ ᱫᱚᱦᱚᱭ ᱢᱮ ᱾,ᱫᱟᱭᱟ ᱠᱟᱛᱮ ᱤᱧᱟᱹᱜ ᱯᱷᱳᱱ ᱱᱟᱢᱵᱟᱨ ᱚᱞ ᱢᱮ ᱾
848,"हैलो, मैं उत्तर-पूर्वी व्यंजनों को ट्राई करना चाहती हूँ।","ᱦᱮᱞᱳ, ᱤᱧᱫᱚ ᱩᱛᱟᱹᱨᱼᱯᱩᱨᱩᱵᱽ ᱥᱮᱱᱟᱜ ᱮᱥᱤᱱ ᱦᱚᱨᱟᱧ ᱯᱟᱸᱡᱟᱭᱮᱫᱟ ᱾","ᱦᱚᱞᱳ, ᱤᱧ ᱩᱛᱛᱚᱨᱼᱯᱩᱨᱵᱚ ᱨᱮᱭᱟᱜ ᱡᱚᱢᱟᱜ ᱠᱚ ᱵᱤᱰᱟᱹᱣ ᱞᱟᱹᱜᱤᱫ ᱤᱧ ᱠᱷᱚᱡ ᱠᱟᱱᱟ ᱾"
849,मेरे दोस्त सिरिल ने बताया कि खाने और रेस्तराँ की खासियतें बताने की बात आए तो उसके लिए आप एकदम सही हैं।,"ᱤᱧᱨᱮᱱ ᱜᱟᱛᱮ, ᱥᱤᱨᱤᱞ ᱤᱧᱮ ᱞᱟᱹᱭᱟᱹᱧ ᱠᱟᱱᱛᱟᱦᱮᱸ ᱡᱚᱢᱟᱜ ᱟᱨ ᱡᱚᱢ ᱡᱤᱨᱟᱹᱣ ᱚᱲᱟᱜ ᱨᱮᱭᱟᱜ ᱠᱟᱛᱷᱟ ᱞᱟᱹᱜᱤᱫᱛᱮ ᱟᱢᱜᱮ ᱡᱚᱛᱷᱟᱛ ᱦᱚᱲ ᱠᱟᱱᱟᱢ ᱾","ᱤᱧᱨᱮᱱ ᱜᱟᱛᱮ ᱥᱤᱨᱤᱞ ᱮ ᱞᱟᱹᱭ ᱟᱠᱟᱫᱟ ᱡᱮ, ᱡᱚᱢᱟᱜ ᱟᱨ ᱨᱮᱥᱴᱳᱨᱮᱱᱴ ᱨᱮᱭᱟᱜ ᱥᱚᱨᱮᱥᱟᱱ ᱠᱚ ᱞᱟᱹᱭ ᱞᱟᱹᱜᱤᱫ ᱟᱢ ᱚᱱᱟ ᱞᱟᱹᱜᱤᱫ ᱥᱚᱨᱮᱥ ᱾"
850,"हाँ, मैं काफी समय से इस जगह पर हूँ, तो मैं खाने को लेकर आपको सलाह देने में मदद कर सकती हूँ।","ᱦᱮᱸ, ᱤᱧ ᱵᱮᱥ ᱠᱤᱪᱷᱤ ᱫᱤᱱ ᱱᱤᱭᱟᱹ ᱴᱷᱟᱶᱨᱮᱧ ᱛᱟᱦᱮᱸᱠᱟᱱᱟ, ᱚᱱᱟᱛᱮ ᱡᱚᱢᱟᱜ ᱤᱫᱤ ᱠᱟᱛᱮᱜ ᱥᱟᱞᱦᱟ ᱮᱢᱚᱜ ᱨᱮ ᱤᱧ ᱟᱢᱤᱧ ᱜᱚᱲᱚ ᱫᱟᱲᱮᱭᱟᱢᱟ ᱾","ᱦᱩᱭᱩᱜ ᱠᱟᱱᱟ, ᱤᱧ ᱟᱭᱢᱟ ᱫᱤᱱ ᱠᱷᱚᱱ ᱱᱚᱶᱟ ᱴᱷᱟᱶ ᱨᱮ ᱢᱮᱱᱟᱜ ᱟ, ᱚᱱᱟᱛᱮ ᱤᱧ ᱟᱢ ᱡᱚᱢᱟᱜ ᱤᱫᱤ ᱠᱟᱛᱮ ᱯᱚᱨᱟᱢᱚᱥ ᱮᱢ ᱞᱟᱹᱜᱤᱫ ᱜᱚᱲᱚ ᱮᱢ ᱫᱟᱲᱮᱭᱟᱜᱼᱟ ᱾"
851,शुरुआत के लिए असमिया डिश खार अच्छी है।,"ᱠᱷᱚᱨ, ᱢᱤᱫ ᱚᱥᱚᱢᱤᱭᱟᱹ ᱡᱚᱢᱟᱜ ᱠᱟᱱᱟ, ᱮᱛᱚᱦᱚᱵ ᱞᱟᱹᱜᱤᱫ ᱱᱚᱶᱟ ᱢᱤᱫ ᱱᱟᱯᱟᱭ ᱴᱷᱟᱶ ᱠᱟᱱᱟ ᱾",ᱮᱛᱚᱦᱚᱵ ᱞᱟᱹᱜᱤᱫ ᱚᱥᱚᱢᱤᱭᱟ ᱡᱚᱢᱟᱜ ᱫᱚ ᱟᱹᱰᱤ ᱱᱟᱯᱟᱭ ᱠᱟᱱᱟ ᱾
852,"ओह, अच्छा। क्या यह शाकाहारी है?","ᱳᱦ, ᱵᱩᱡᱷᱟᱹᱣ ᱟᱠᱟᱫᱟᱹᱧ, ᱱᱚᱶᱟᱫᱚ ᱪᱮᱫ ᱵᱮᱜᱚᱨ ᱥᱤᱸᱲᱤᱪᱼᱟᱱ ᱠᱟᱱᱟ ?","ᱳᱦ, ᱱᱟᱯᱟᱭ ᱾ ᱱᱚᱶᱟ ᱫᱚ ᱪᱮᱫ ᱢᱤᱫ ᱞᱮᱠᱟᱱ ᱵᱳᱭᱥᱱᱤ?"
853,किस चीज़ से बनती है ये ?,ᱱᱚᱶᱟᱫᱚ ᱪᱮᱫ ᱛᱮ ᱵᱮᱱᱟᱜᱼᱟ ?,ᱱᱚᱶᱟ ᱫᱚ ᱪᱮᱫ ᱠᱷᱚᱱ ᱵᱮᱱᱟᱣ ᱟᱠᱟᱱᱟ?
854,"यह लाल चावल, कुटी हुई दाल और कच्चे पपीते से बनती है इसलिए यह पूरी तरह से शाकाहारी है।","ᱱᱚᱶᱟᱫᱚ ᱟᱨᱟᱜ ᱪᱟᱣᱞᱮ, ᱥᱚᱜ ᱫᱟᱹᱞ ᱟᱨ ᱵᱮᱨᱮᱞ ᱯᱤᱯᱟᱹ ᱢᱮᱥᱟ ᱠᱟᱛᱮᱜ ᱵᱮᱱᱟᱣ ᱦᱩᱭᱩᱜᱼᱟ ᱚᱱᱟᱛᱮ ᱱᱚᱶᱟᱫᱚ ᱵᱮᱜᱚᱨ ᱥᱤᱸᱲᱤᱪᱼᱟᱱ ᱠᱟᱱᱟ ᱾","ᱱᱚᱶᱟ ᱫᱚ ᱟᱨᱟᱜ ꯆꯦꯡ, ᱠᱟᱴᱟᱣ دال ᱟᱨ ᱠᱟᱹᱪ ᱯᱮᱯᱤᱴ ᱛᱮ ᱵᱮᱱᱟᱣᱚᱜᱼᱟ ᱚᱱᱟᱛᱮ ᱱᱚᱶᱟ ᱫᱚ ᱥᱟᱱᱟᱢᱟᱜ ᱛᱮ ᱵᱤᱨᱤᱫ ᱾"
855,इसे बनाने में असम के कई मसालों का भी इस्तेमाल किया जाता है।,ᱱᱚᱶᱟ ᱵᱮᱱᱟᱣᱛᱮ ᱟᱭᱢᱟ ᱚᱥᱚᱢᱤᱭᱟᱹ ᱢᱚᱥᱞᱟ ᱠᱚ ᱞᱟᱜᱟᱜᱼᱟ ᱾,ᱱᱚᱶᱟ ᱵᱮᱱᱟᱣ ᱨᱮ ᱚᱥᱚᱢ ᱨᱮᱭᱟᱜ ᱟᱭᱢᱟ ᱢᱚᱥᱞᱟ ᱦᱚᱸ ᱵᱮᱣᱦᱟᱨᱚᱜᱼᱟ ᱾
856,"ओके, मैं उसे पक्का ट्राई करूँगी","ᱴᱷᱤᱠ ᱜᱮᱭᱟ, ᱤᱧ ᱨᱤᱠᱟᱹ ᱠᱟᱛᱮᱧ ᱧᱮᱞᱟ ᱾","ᱳᱠᱮ, ᱤᱧ ᱜᱚᱴᱟ ᱜᱮ ᱩᱱᱤ ᱵᱤᱰᱟᱹᱣ ᱤᱧᱢᱮ ᱾"
857,बैम्बू राइस क्या होता है?,ᱢᱟᱸᱫ ᱴᱷᱚᱞᱟᱜ ᱨᱮᱭᱟᱜ ᱫᱟᱠᱟ ᱪᱮᱫ ᱞᱮᱠᱟᱱᱟ ?,ᱵᱳᱢᱵᱩ ᱨᱟᱭᱤᱥ ᱪᱮᱫ?
858,मैंने सुना है कि यह असम का स्पेशल है।,ᱟᱸᱡᱚᱢ ᱟᱠᱟᱫᱟᱹᱧ ᱱᱚᱶᱟᱫᱚ ᱚᱥᱚᱢᱤᱭᱟ ᱨᱮᱭᱟᱜ ᱠᱷᱟᱥ ᱡᱚᱢᱟᱜ ᱠᱟᱱᱟ ᱾,"ᱤᱧ ᱵᱟᱰᱟᱭ ᱧᱟᱢ ᱟᱠᱟᱫᱟ ᱡᱮ, ᱱᱚᱶᱟ ᱫᱚ ᱚᱥᱚᱢ ᱨᱮᱭᱟᱜ ᱟᱹᱰᱤ ᱱᱟᱯᱟᱭ ᱠᱟᱱᱟ ᱾"
859,मुझे ठीक से नाम याद नहीं आ रहा है; मेरे ख्याल से शायद प से शुरू होता है।,ᱧᱩᱛᱩᱢᱫᱚ ᱴᱷᱤᱠ ᱵᱟᱹᱧ ᱫᱤᱥᱟᱹ ᱫᱟᱲᱮᱭᱟᱜ ᱠᱟᱱᱟ ; ᱤᱧ ᱢᱚᱱᱮᱭᱮᱫᱟ; ᱱᱚᱶᱟᱫᱚ ᱯᱤ ᱛᱮ ᱮᱛᱚᱦᱚᱵᱚᱜᱼᱟ ᱾,ᱤᱧ ᱫᱚ ᱧᱩᱛᱩᱢ ᱫᱚ ᱵᱟᱝ ᱢᱚᱱᱮ ᱦᱩᱭᱩᱜ ᱠᱟᱱᱟ; ᱤᱧ ᱢᱚᱱᱮ ᱦᱩᱭᱩᱜ ᱠᱟᱱᱟ ᱱᱚᱶᱟ ᱫᱚ ᱦᱩᱭᱫᱟᱲᱮᱭᱟᱜᱼᱟ P ᱠᱷᱚᱱ ᱮᱦᱚᱵᱚᱜᱼᱟ ᱾
860,"आप जिस डिश की बात कर रही हैं, उसे पीठा या खोला पीठा कहते हैं।",ᱟᱢ ᱡᱟᱦᱟᱸ ᱡᱚᱢᱟᱜ ᱨᱮᱭᱟᱜ ᱠᱟᱛᱷᱟᱢ ᱞᱟᱹᱭ ᱮᱫᱟ ᱚᱱᱟ ᱨᱮᱭᱟᱜ ᱧᱩᱛᱩᱢ ᱫᱚ ᱯᱤᱴᱷᱟᱹ ᱥᱮ ᱠᱷᱚᱞ ᱯᱤᱴᱷᱟᱹ ᱾,ᱟᱢ ᱡᱟᱦᱟᱸ ᱡᱚᱢᱟᱜ ᱨᱮᱭᱟᱜ ᱠᱟᱛᱷᱟ ᱞᱟᱹᱭ ᱮᱫᱟ ᱚᱱᱟ ᱫᱚ ᱢᱮᱲᱟᱹᱜ ᱥᱮ ᱠᱷᱚᱞᱟ ᱢᱮᱲᱟᱹᱜ ᱠᱚ ᱢᱮᱱᱼᱟ ᱾
861,इसे बनाने के लिए हल्की फ़्लेवर वाले चावल को बांस के खोखले तने में भर दिया जाता है।,ᱱᱟᱥᱮ ᱥᱤᱵᱤᱞ ᱨᱮᱭᱟᱜ ᱪᱟᱣᱞᱤ ᱠᱷᱚᱞᱟ ᱢᱟᱸᱫ ᱨᱮ ᱵᱷᱚᱨᱟᱣ ᱠᱟᱛᱮᱜ ᱠᱚ ᱵᱮᱱᱟᱣᱼᱟ ᱾,"ᱱᱚᱶᱟ ᱵᱮᱱᱟᱣ ᱞᱟᱹᱜᱤᱫ, ᱞᱮᱴᱟᱨ ᱯᱷᱞᱮᱵᱷᱟᱨ ᱛᱮ ᱵᱮᱱᱟᱣ ꯆꯦꯡ ᱫᱚ ᱵᱳᱢ ᱨᱮᱭᱟᱜ ᱢᱤᱫᱴᱟᱝ ᱦᱳᱞ ᱴᱨᱟᱢᱯ ᱨᱮ ᱯᱮᱨᱮᱪ ᱦᱳᱭᱳᱜᱼᱟ ᱾"
862,"ओह, तो यह डिश भी शाकाहारी है?","ᱳᱦ, ᱱᱚᱶᱟᱦᱚᱸ ᱵᱮᱜᱚᱨ ᱥᱤᱸᱲᱤᱪᱼᱟᱜ ᱠᱟᱱ ᱜᱮᱭᱟ ?","ᱳᱦ, ᱚᱱᱟᱛᱮ ᱱᱚᱶᱟ ᱡᱚᱢᱟᱜ ᱫᱚ ᱵᱳᱭᱥᱱᱤ ᱦᱚᱸ ᱠᱟᱱᱟ?"
863,"हाँ, और इसे पसंद के मुताबिक मीठा या नमकीन बनाया जा सकता है।","ᱦᱮᱸ, ᱟᱨ ᱱᱚᱶᱟᱫᱚ ᱠᱩᱥᱤ ᱪᱮᱛᱟᱱ ᱴᱮᱸᱦᱟᱰ ᱠᱟᱛᱮᱜ ᱦᱮᱲᱮᱢ ᱟᱨ ᱥᱤᱵᱤᱞ ᱥᱚᱲᱚᱢ ᱦᱩᱭᱩᱜᱼᱟ ᱾","ᱦᱩᱭᱩᱜ ᱠᱟᱱᱟ, ᱟᱨ ᱱᱚᱶᱟ ᱫᱚ ᱟᱢᱟᱜ ᱩᱭᱦᱟᱹᱨ ᱞᱮᱠᱟᱛᱮ ᱢᱚᱫᱽᱫᱷᱟᱹᱨ ᱥᱮ ᱞᱟᱹᱞᱤᱥ ᱮᱢ ᱦᱩᱭ ᱫᱟᱲᱮᱭᱟᱜᱼᱟ ᱾"
864,ज़्यादातर लोगों को मीठा वाला पसंद आता है और आम तौर पर इसे दही और गुड़ के साथ खाया जाता है।,ᱟᱭᱢᱟ ᱦᱚᱲᱜᱮ ᱦᱮᱲᱮᱢᱟᱜ ᱠᱩᱥᱤᱭᱟᱜᱼᱟ ᱟᱨ ᱱᱚᱶᱟᱫᱚ ᱫᱟᱦᱤ ᱟᱨ ᱜᱩᱲ ᱟᱛᱮ ᱠᱚ ᱡᱚᱢᱟ ᱾,ᱡᱟᱹᱥᱛᱤ ᱦᱚᱲ ᱜᱮ ᱢᱚᱫᱽᱫᱷᱟᱹᱨ ᱠᱚ ᱠᱩᱥᱤᱭᱟᱜᱼᱟ ᱟᱨ ᱥᱟᱫᱷᱟᱨᱚᱱ ᱞᱮᱠᱟᱛᱮ ᱱᱚᱶᱟ ᱫᱚ دہی ᱟᱨ ᱜᱩᱨ ᱥᱟᱶᱛᱮ ᱠᱚ ᱡᱚᱢᱼᱟ ᱾
865,"ओके, आप मुझे कुछ माँसाहारी व्यंजनों के बारे में सलाह दे सकती हैं?","ᱴᱷᱤᱠ ᱜᱮᱭᱟ, ᱟᱢ ᱪᱮᱫ ᱠᱤᱪᱷᱤ ᱥᱤᱸᱲᱤᱪ ᱡᱚᱢᱟᱜ ᱨᱮᱭᱟᱜ ᱦᱩᱫᱤᱥᱮᱢ ᱮᱢ ᱫᱟᱲᱮᱭᱟᱹᱧᱟ ?","ᱳᱠᱮ, ᱟᱢ ᱤᱧ ᱠᱤᱪᱷᱩᱜᱟᱱ ᱵᱟᱝᱼᱵᱩᱴᱟᱹ ᱡᱚᱢᱟᱜ ᱨᱮᱭᱟᱜ ᱠᱟᱛᱷᱟ ᱮᱢ ᱮᱢ ᱫᱟᱲᱮᱭᱟᱜᱼᱟ?"
866,"मुझे माँसाहार ज़्यादा पसंद है, इसलिए।","ᱤᱧᱫᱚ ᱥᱤᱸᱲᱤᱪ ᱡᱚᱢᱟᱜᱼᱤᱧ ᱠᱩᱥᱤᱭᱟᱜᱼᱟ, ᱚᱱᱟᱛᱮ ᱾","ᱤᱧ ᱢᱚᱥᱟᱧᱟᱢ ᱟᱨᱦᱚᱸ ᱤᱧᱟᱹᱜᱼᱟ, ᱚᱱᱟᱛᱮ ᱾"
867,तब तो आपको नागालैंड का स्मोक्ड पोर्क खाकर आनंद आ जाएगा।,"ᱚᱱᱟ ᱴᱷᱟᱶᱨᱮ, ᱱᱟᱜᱟᱞᱮᱱᱰ ᱨᱮᱭᱟᱜ ᱥᱮᱠᱟᱣ ᱥᱩᱠᱨᱤ ᱡᱤᱞ ᱟᱢᱟᱜ ᱥᱟᱫ ᱨᱮᱭᱟᱜ ᱟᱸᱥᱮ ᱛᱤᱨᱯᱤᱛᱟ ᱾",ᱚᱱᱟ ᱛᱟᱭᱚᱢ ᱟᱢ ᱱᱟᱜᱟᱞᱮᱱᱰ ᱨᱮᱭᱟᱜ ᱥᱠᱳᱠᱰ ᱜᱩᱨᱠ ᱠᱷᱟᱱᱢ ᱨᱟᱹᱥᱠᱟᱹ ᱧᱟᱢᱼᱟ ᱾
868,"यह बाहर से कुरकुरा, अंदर से नरम और जूसी होता है और इसका स्मोकी फ़्लेवर एकदम अनोखा होता है।","ᱱᱚᱶᱟᱫᱚ ᱵᱟᱨᱦᱮ ᱥᱮᱡᱝ ᱨᱟᱹᱪᱩᱜ ᱨᱟᱹᱪᱩᱜ ᱜᱮᱭᱟ, ᱵᱷᱤᱛᱨᱤ ᱨᱮᱫᱚ ᱞᱟᱹᱵᱤᱫ ᱟᱨ ᱞᱮᱦᱮ ᱜᱮᱭᱟ, ᱟᱨ ᱱᱚᱶᱟ ᱨᱮᱭᱟᱜ ᱥᱮᱠᱟᱣ ᱥᱚ ᱟᱹᱰᱤ ᱧᱩᱢᱟᱱ ᱜᱮᱭᱟ ᱾","ᱱᱚᱶᱟ ᱫᱚ ꯃꯄꯥꯟꯗ ᱪᱚᱞᱚᱠ, ᱚᱱᱛᱟᱨᱮ ᱢᱮᱞᱟᱱ ᱟᱨ ᱡᱩᱥᱤᱥ ᱟᱨ ᱱᱚᱶᱟ ᱨᱮᱭᱟᱜ ᱥᱢᱳᱠᱤ ᱯᱷᱞᱮᱵᱷᱟᱨ ᱟᱹᱰᱤ ᱮᱴᱟᱜ ᱾"
869,"ओह, यह सुनने में बहुत टेस्टी लग रहा है लेकिन मैं पोर्क नहीं खाती।","ᱳᱦ, ᱟᱹᱰᱤ ᱥᱤᱵᱤᱞ ᱵᱩᱡᱷᱟᱹᱜ ᱠᱟᱱᱟ, ᱢᱮᱱᱠᱦᱟᱱ ᱤᱧᱫᱚ ᱥᱩᱠᱨᱤ ᱡᱤᱞ ᱵᱟᱹᱧ ᱡᱚᱢᱟ ᱾","ᱳᱦ, ᱱᱚᱶᱟ ᱫᱚ ᱟᱹᱰᱤ ᱱᱟᱯᱟᱭ ᱢᱚᱱᱮ ᱦᱩᱭᱩᱜ ᱠᱟᱱᱟ, ᱢᱮᱱᱠᱷᱟᱱ ᱤᱧ ᱜᱩᱨᱜᱟᱹᱧ ᱵᱟᱝ ᱠᱷᱟᱱ ᱾"
870,पर मैं अपने दोस्त सिरिल को इस डिश के बारे में बताऊँगी।,"ᱮᱱᱦᱚᱸ, ᱤᱧ ᱤᱧᱨᱮᱱ ᱜᱟᱛᱮ ᱥᱤᱨᱤᱞ ᱱᱚᱶᱟ ᱡᱚᱢᱟᱜ ᱵᱟᱨᱮᱛᱮᱧ ᱞᱟᱹᱭ ᱟᱭᱟ ᱾",ᱢᱮᱱᱠᱷᱟᱱ ᱤᱧ ᱤᱧᱟᱹᱜ ᱜᱟᱛᱮ ᱥᱤᱨᱤᱞ ᱫᱚ ᱱᱚᱶᱟ ᱡᱚᱢᱟᱜ ᱵᱟᱨᱮᱛᱮ ᱞᱟᱹᱭ ᱤᱧᱢᱮ ᱾
871,हम्म...फिर थुकपा के बारे में क्या ख्याल है?,ᱦᱩᱸᱹᱹᱹᱹᱹᱹᱹᱹᱹᱹᱮᱱᱠᱷᱟᱱ ᱛᱷᱩᱠᱯᱟ ᱨᱮᱭᱟᱜ ᱫᱚ ᱪᱮᱫ ?,ᱦᱟᱢᱢ... ᱚᱱᱟᱛᱮ ᱛᱩᱠᱯᱟ ᱤᱫᱤ ᱠᱟᱛᱮ ᱪᱮᱫ ᱢᱚᱱᱮ ᱦᱩᱭᱩᱜ ᱠᱟᱱᱟ?
872,यह अरुणाचल प्रदेश की नूडल से बनने वाली डिश है और इसे बनाने में दालों से लेकर किसी भी तरह का मीट लिया जा सकता है।,ᱱᱚᱶᱟᱫᱚ ᱚᱨᱩᱱᱟᱪᱚᱞ ᱯᱨᱚᱫᱮᱥ ᱨᱮᱭᱟᱜ ᱱᱩᱰᱚᱞᱥ ᱞᱮᱠᱟᱱᱟᱜ ᱡᱚᱢᱟᱜ ᱠᱟᱱᱟ ᱟᱨ ᱱᱚᱶᱟᱨᱮ ᱞᱟᱜᱟᱼᱟᱜ ᱠᱚᱫᱚ ᱢᱟᱹᱥᱨᱤ ᱫᱟᱹᱞ ᱠᱷᱚᱱ ᱡᱮᱦᱟᱸᱞᱮᱠᱟᱱᱟᱜ ᱡᱤᱞ ᱨᱮᱜᱮ ᱵᱚᱫᱚᱞᱚᱜᱼᱟ ᱾,ᱱᱚᱶᱟ ᱫᱚ ᱟᱨᱩᱱᱟᱥᱟᱞ ᱯᱨᱚᱫᱮᱥ ᱨᱮᱭᱟᱜ ᱢᱤᱫᱴᱟᱝ ᱱᱩᱰᱚᱞ ᱡᱚᱢᱟᱜ ᱟᱨ ᱱᱚᱶᱟ ᱵᱮᱱᱟᱣ ᱨᱮ ᱫᱟᱞᱤ ᱠᱷᱚᱱ ᱮᱛᱚᱦᱚᱵ ᱠᱟᱛᱮ ᱡᱟᱦᱟᱸ ᱞᱮᱠᱟᱱ ᱢᱚᱥ ᱦᱟᱹᱵᱤᱡ ᱦᱟᱛᱟᱣ ᱫᱟᱲᱮᱭᱟᱜᱼᱟ ᱾
873,"अगर आपको मछली पसंद है, तो आपको असम की टेंगा फ़िश डिश पसंद आएगी।","ᱟᱢ ᱡᱩᱫᱤ ᱦᱟᱠᱩᱢ ᱠᱩᱥᱤᱭᱟᱜᱼᱟ, ᱮᱱᱠᱷᱟᱱ ᱟᱥᱟᱢ ᱨᱮᱭᱟᱜ ᱴᱮᱝᱜᱟ ᱦᱟᱠᱩ ᱨᱮᱱᱟᱜ ᱡᱚᱢᱟᱜ ᱟᱢ ᱠᱩᱥᱤᱜ ᱞᱮᱠᱟᱱ ᱦᱩᱭᱩᱜᱼᱟ ᱾","ᱟᱢ ᱡᱩᱫᱤ ᱢᱤᱥ ᱮᱢ ᱠᱷᱚᱡᱟ, ᱮᱱᱠᱷᱟᱱ ᱟᱢ ᱚᱥᱚᱢ ᱨᱮᱭᱟᱜ ᱴᱮᱱᱜᱟ ᱯᱷᱤᱥ ᱰᱤᱥᱮᱢ ᱮᱢ ᱠᱷᱚᱡᱼᱟ ᱾"
874,"मुझे नूडल पसंद हैं, तो उत्तर-पूर्वी व्यंजनों को आज़माने की लिस्ट में मेरी सबसे पहली डिश थुकपा है।","ᱤᱧᱫᱚ ᱱᱩᱰᱚᱞᱥ ᱤᱧ ᱠᱩᱥᱤᱭᱟᱜᱼᱟ, ᱚᱱᱟᱛᱮ ᱩᱛᱛᱟᱹᱨ ᱯᱩᱨᱩᱵ ᱨᱮᱭᱟᱜ ᱡᱚᱢᱟᱜ ᱛᱟᱹᱞᱤᱠᱟᱨᱮ ᱛᱷᱩᱠᱯᱟᱜᱮ ᱞᱟᱦᱟ ᱜᱮᱭᱟ ᱾",ᱤᱧ ᱱᱩᱰᱚᱞ ᱠᱚ ᱤᱧ ᱤᱧ ᱤᱧ ᱤᱧ ᱤᱧ ᱤᱧ ᱤᱧ ᱤᱧ ᱤᱧ ᱤᱧ ᱤᱧ ᱤᱧ ᱤᱧ ᱤᱧ ᱤᱧ ᱤᱧ ᱤᱧ ᱤᱧ ᱤᱧ ᱤᱧ ᱤᱧ ᱤᱧ ᱤᱧ ᱤᱧ ᱤᱧ ᱤᱧ ᱤᱧ ᱤᱧ ᱤᱧ ᱤᱧ ᱤᱧ ᱤᱧ ᱤᱧ ᱤᱧ ᱤᱧ ᱤᱧ ᱤᱧ ᱤᱧ ᱤᱧ ᱤᱧ ᱤᱧ ᱤᱧ ᱤᱧ ᱤᱧ ᱤᱧ ᱤᱧ ᱤᱧ ᱤᱧ ᱤᱧ ᱤᱧ ᱤᱧ ᱤᱧ ᱤᱧ ᱤᱧ ᱤᱧ ᱤᱧ ᱤᱧ ᱤᱧ ᱤᱧ ᱤᱧ ᱤᱧ ᱤᱧ ᱤᱧ ᱤᱧ ᱤᱧ ᱤᱧ ᱤᱧ ᱤᱧ ᱤᱧ ᱤᱧ ᱤᱧ ᱤᱧ ᱤᱧ ᱤᱧ ᱤᱧ ᱤᱧ ᱤᱧ ᱤᱧ ᱤᱧ ᱤᱧ ᱤᱧ ᱤᱧ ᱤᱧ ᱤᱧ ᱤᱧ ᱤᱧ ᱤᱧ ᱤᱧ ᱤᱧ ᱤᱧ ᱤᱧ ᱤᱧ ᱤᱧ ᱤᱧ ᱤᱧ ᱤᱧ ᱤᱧ ᱤᱧ ᱤᱧ ᱤᱧ ᱤᱧ ᱤᱧ ᱤᱧ ᱤᱧ ᱤᱧ ᱤᱧ ᱤᱧ ᱤᱧ ᱤᱧ ᱤᱧ ᱤᱧ ᱤᱧ ᱤᱧ ᱤᱧ ᱤᱧ ᱤᱧ ᱤᱧ ᱤᱧ ᱤᱧ ᱤᱧ ᱤᱧ ᱤᱧ ᱤᱧ ᱤᱧ
875,मैं टेंगा भी ट्राई करके देखूँगी।,ᱤᱧᱦᱚᱸ ᱴᱮᱝᱜᱟᱧ ᱡᱚᱢ ᱞᱮᱜᱟᱭᱟ ᱾,ᱤᱧ ᱴᱮᱱᱜᱟ ᱦᱚᱸ ᱵᱤᱰᱟᱹᱣ ᱤᱧᱢᱮ ᱾
876,क्या उत्तर-पूर्वी खाने आम तौर पर मसालेदार होते हैं?,ᱩᱛᱛᱟᱹᱨᱼᱯᱩᱨᱩᱵ ᱨᱮᱭᱟᱜ ᱡᱚᱢᱟᱜ ᱫᱚ ᱪᱮᱫ ᱢᱚᱥᱞᱟ ᱟᱱᱟᱜ ᱜᱮᱭᱟ ?,ᱩᱛᱛᱚᱨᱼᱯᱩᱨᱵᱚ ᱨᱮᱭᱟᱜ ᱡᱚᱢᱟᱜ ᱠᱚ ᱪᱮᱫ ᱥᱟᱫᱷᱟᱨᱚᱱ ᱞᱮᱠᱟᱛᱮ ᱢᱚᱥᱞᱟ ᱟᱱᱟᱜ?
877,"नहीं, बिल्कुल भी मसालेदार नहीं होते।","ᱵᱟᱝ, ᱚᱱᱟᱫᱚ ᱱᱟᱥᱮ ᱦᱚᱸ ᱵᱟᱝ ᱢᱚᱥᱞᱟ ᱟᱱᱟᱜᱼᱟ ᱾","ᱵᱟᱝ, ᱱᱚᱶᱟ ᱫᱚ ᱪᱮᱫᱦᱚᱸ ᱢᱚᱥᱞᱟ ᱟᱱᱟᱜ ᱵᱟᱝ ᱠᱟᱱᱟ ᱾"
878,बल्कि वो एकदम तरोताज़ा करने वाले और ख़ुशबूदार होते हैं।,"ᱟᱥᱚᱞᱨᱮ, ᱚᱱᱟᱠᱚᱫᱚ ᱨᱚᱠᱟ ᱟᱨ ᱥᱚᱸᱫᱷᱟᱲ ᱥᱚ ᱟᱱᱟᱜᱼᱟ ᱾","ᱢᱮᱱᱠᱷᱟᱱ, ᱱᱚᱶᱟ ᱠᱚᱫᱚ ᱟᱹᱰᱤ ᱱᱟᱯᱟᱭ ᱟᱨ ᱱᱟᱯᱟᱭ ᱥᱳᱯᱳᱨ ᱾"
879,"हैलो, क्या यह टाटा कैपिटल है?","ᱦᱮᱞᱳ, ᱱᱚᱶᱟᱫᱚ ᱪᱮᱫ ᱴᱟᱴᱟ ᱠᱮᱯᱤᱴᱟᱞ ᱠᱟᱱᱟ ?","ᱦᱮᱞᱳ, ᱱᱚᱶᱟ ᱫᱚ ᱛᱚᱛᱟ ᱠᱮᱯᱤᱴᱳᱞ ᱠᱟᱱᱟ ᱥᱮ ᱵᱟᱝ?"
880,जी हाँ यह टाटा कैपिटल है।,ᱦᱮᱸ ᱱᱚᱶᱟᱫᱚ ᱴᱟᱴᱟ ᱠᱮᱯᱤᱴᱟᱞ ᱠᱟᱱᱟ ᱾,ᱦᱩᱭᱩᱜ ᱠᱟᱱᱟ ᱱᱚᱶᱟ ᱫᱚ ᱛᱚᱛᱟ ᱠᱮᱯᱤᱴᱳᱞ ᱾
881,मैं आपकी किस प्रकार सहायता कर सकती हूँ?,ᱟᱢ ᱪᱮᱫ ᱞᱮᱠᱟᱛᱮᱧ ᱜᱚᱲᱚ ᱫᱟᱲᱮᱭᱟᱢᱟ ᱾,ᱤᱧ ᱪᱮᱫ ᱞᱮᱠᱟᱛᱮ ᱟᱢ ᱜᱚᱲᱚᱧᱟᱢ ᱫᱟᱲᱮᱭᱟᱜᱼᱟ?
882,मुझे कुछ पर्सनल लोन चाहिए।,ᱤᱧ ᱠᱤᱪᱷᱤ ᱯᱟᱨᱥᱳᱱᱟᱞ ᱨᱤᱱ ᱤᱧ ᱦᱟᱛᱟᱣᱼᱟ ᱾,ᱤᱧ ᱠᱤᱪᱷᱩ ᱵᱮᱼᱵᱟᱹᱛᱤᱞ ᱨᱤᱱ ᱠᱷᱚᱡ ᱠᱟᱱᱟ ᱾
883,क्या आप मेरा क्रेडिट स्कोर देखकर बता सकती हैं कि मुझे कितना मिल सकता है?,ᱤᱧᱟᱹᱜ ᱠᱨᱮᱰᱤᱴ ᱥᱠᱳᱨ ᱧᱮᱞ ᱠᱟᱛᱮᱜ ᱤᱧᱮᱢ ᱞᱟᱹᱭ ᱟᱹᱧᱟᱹ ᱛᱤᱱᱟᱹᱜ ᱤᱧ ᱧᱟᱢ ᱫᱟᱲᱮᱭᱟᱜᱼᱟ ?,ᱟᱢ ᱠᱤ ᱤᱧᱟᱹᱜ ᱠᱨᱮᱰᱤᱴ ᱥᱠᱳᱨ ᱧᱮᱞ ᱠᱟᱛᱮ ᱞᱟᱹᱭ ᱫᱟᱲᱮᱭᱟᱜᱼᱟᱢ ᱡᱮ ᱤᱧ ᱛᱤᱱᱟᱹᱜ ᱧᱟᱢ ᱫᱟᱲᱮᱭᱟᱜᱼᱟ ᱾
884,हाँ बिल्कुल प्लीज़ एक मिनट रुकें।,ᱦᱮᱸ ᱮᱠᱟᱞ ᱜᱮ ᱢᱤᱫ ᱴᱤᱲᱤᱡ ᱛᱟᱸᱹᱜᱤᱭ ᱢᱮ ᱾,"ᱦᱩᱭᱩᱜ ᱠᱟᱱᱟ, ᱚᱱᱢᱟᱱ ᱠᱟᱛᱮ ᱢᱤᱫ ᱴᱤᱲᱤᱡ ᱞᱟᱹᱜᱤᱫ ᱵᱚᱱᱚᱫᱚᱞ ᱢᱮ ᱾"
885,आपको अपने क्रेडिट स्कोर पर ज़्यादा से ज़्यादा 8 लाख का लोन मिल सकता है।,ᱟᱢᱟᱜ ᱠᱨᱮᱰᱤᱴ ᱥᱠᱳᱨ ᱞᱮᱠᱟᱛᱮ ᱟᱢ ᱘ ᱞᱟᱠ ᱴᱟᱠᱟ ᱦᱟ/ᱵᱤᱡ ᱨᱤᱱ ᱮᱢ ᱧᱟᱢ ᱫᱟᱲᱮᱭᱟᱜᱼᱟ ᱾,ᱟᱢᱟᱜ ᱠᱨᱮᱰᱤᱴ ᱥᱠᱳᱟᱨ ᱪᱮᱛᱟᱱ ᱨᱮ ᱟᱢ ᱡᱚᱛᱚ ᱠᱷᱚᱱ ᱰᱷᱮᱨ 8 ᱞᱟᱠᱷ ᱨᱤᱱ ᱧᱟᱢ ᱫᱟᱲᱮᱭᱟᱜᱼᱟ ᱾
886,फ़िलहाल पर्सनल लोन पर ब्याज दर क्या है?,ᱱᱤᱛ ᱯᱟᱨᱥᱳᱱᱟᱞ ᱨᱤᱱ ᱨᱮᱭᱟᱜ ᱥᱩᱫ ᱦᱟᱨ ᱛᱤᱱᱟᱹᱜ ᱠᱟᱛᱮᱜ ?,ᱱᱟᱦᱟᱜ ᱨᱮ ᱵᱮᱼᱵᱟᱹᱛᱤᱞ ᱨᱤᱱ ᱨᱮᱭᱟᱜ ᱥᱩᱫ ᱨᱮᱭᱟᱜ ᱦᱟᱨ ᱪᱮᱫ?
887,और क्या मुझे एप्लाई करने का तरीका बता सकती हैं?,ᱟᱨ ᱤᱧᱫᱚ ᱪᱮᱫ ᱢᱤᱫ ᱦᱚᱲ ᱞᱟᱹᱜᱤᱫ ᱟᱨᱫᱟᱥ ᱨᱮᱭᱟᱜ ᱦᱚᱨᱟᱧ ᱵᱟᱰᱟᱭ ᱫᱟᱲᱮᱭᱟᱜᱼᱟ ?,ᱟᱨ ᱟᱢ ᱪᱮᱫ ᱤᱧ ᱪᱮᱫ ᱞᱮᱠᱟᱛᱮ ᱟᱨᱡᱤ ᱮᱢ ᱦᱩᱭᱩᱜ ᱠᱟᱱᱟ ᱚᱱᱟ ᱞᱟᱹᱭ ᱫᱟᱲᱮᱭᱟᱜᱼᱟ?
888,पर्सनल लोन की ब्याज दर आम तौर पर 10.50% और 24% के बीच हो सकती है।,ᱯᱟᱨᱥᱳᱱᱟᱞ ᱞᱳᱱ ᱨᱮᱭᱟᱜ ᱥᱩᱫ ᱦᱟᱨ ᱑᱐ᱹ᱕᱐% ᱟᱨ ᱒᱔ % ᱢᱩᱫᱨᱮ ᱵᱚᱫᱚᱞ ᱫᱟᱲᱮᱭᱟᱜᱼᱟ ᱾,ᱯᱮᱥᱱᱮᱞ ᱨᱤᱱ ᱨᱮᱭᱟᱜ ᱥᱩᱫ ᱨᱮᱭᱟᱜ ᱦᱟᱨ ᱥᱟᱫᱷᱟᱨᱚᱱ ᱞᱮᱠᱟᱛᱮ <ᱟᱭ ᱰᱤ 1>% ᱠᱷᱚᱱ 24% ᱢᱩᱫᱨᱮ ᱦᱩᱭ ᱫᱟᱲᱮᱭᱟᱜᱼᱟ ᱾
889,यह आम तौर पर इस बात पर निर्भर करता है कि आप वित्तीय संस्थान की पर्सनल लोन योग्यता से जुड़ी ज़रूरतों को कैसे पूरा करते हैं।,ᱱᱚᱶᱟᱫᱚ ᱥᱟᱫᱷᱟᱨᱚᱱᱚᱛᱚ ᱟᱢ ᱪᱮᱫ ᱞᱮᱠᱟᱛᱮ ᱠᱟᱹᱣᱰᱤ ᱟᱥᱲᱟ ᱨᱮᱭᱟᱜ ᱯᱟᱨᱥᱳᱱᱟᱞ ᱞᱳᱱ ᱨᱮᱭᱟᱜ ᱡᱳᱜᱢᱟᱱ ᱞᱟᱹᱠᱛᱤᱭᱟᱜ ᱠᱚᱢ ᱯᱩᱨᱩᱱᱟ ᱚᱱᱟ ᱪᱮᱛᱟᱱᱮ ᱴᱮᱦᱟᱸᱰᱼᱟ ᱾,ᱱᱚᱶᱟ ᱫᱚ ᱥᱟᱫᱷᱟᱨᱚᱱ ᱞᱮᱠᱟᱛᱮ ᱠᱟᱹᱣᱰᱤ ᱛᱷᱟᱯᱚᱱᱟ ᱨᱮᱭᱟᱜ ᱵᱮᱼᱵᱟᱹᱛᱤᱞ ᱨᱤᱱ ᱨᱮᱭᱟᱜ ᱫᱟᱲᱮ ᱥᱟᱞᱟᱜ ᱡᱳᱜᱟᱡᱳᱜ ᱨᱮᱭᱟᱜ ᱞᱟᱹᱠᱛᱤ ᱠᱚ ᱟᱢ ᱪᱮᱫ ᱞᱮᱠᱟᱛᱮ ᱯᱟᱞᱟᱣᱼᱟ ᱚᱱᱟ ᱪᱮᱛᱟᱱ ᱴᱮᱦᱟᱴᱚᱜᱼᱟ ᱾
890,प्रोसेस शुरू करने के लिए आपको कुछ डॉक्यूमेंट सबमिट करने होंगे।,ᱦᱚᱨᱟ ᱮᱦᱚᱵ ᱞᱟᱹᱜᱤᱫᱛᱮ ᱟᱢ ᱡᱚᱢᱟᱭ ᱦᱩᱭᱩᱜ ᱛᱟᱢᱟ ᱚᱱᱟᱠᱱᱟᱜ ᱠᱤᱪᱷᱤ ᱱᱚᱛᱷᱤ ᱢᱮᱱᱟᱜᱼᱟ ᱾,ᱠᱟᱹᱢᱤ ᱦᱚᱨᱟ ᱮᱛᱚᱦᱚᱵ ᱞᱟᱹᱜᱤᱫ ᱟᱢ ᱠᱤᱪᱷᱩᱜᱟᱱ ᱱᱩᱛᱚᱱᱟ ᱮᱢ ᱦᱩᱭᱩᱜ ᱛᱟᱢᱟ ᱾
891,"आपके क्रेडेंशियल के प्रमाण के लिए वोटर कार्ड, आधार कार्ड और पैन कार्ड जैसे डॉक्यूमेंट ज़रूरी हैं।","ᱵᱷᱳᱴᱟᱨ ᱠᱟᱰ, ᱟᱫᱷᱟᱨ ᱠᱟᱰ ᱟᱨ ᱯᱮᱱ ᱠᱟᱰ ᱞᱮᱠᱟᱱ ᱟᱢᱟᱜ ᱥᱟᱹᱵᱩᱫ ᱥᱟᱠᱟᱢᱠᱚ ᱛᱷᱟᱯᱚᱱ ᱞᱟᱹᱜᱤᱫ ᱞᱟᱹᱠᱛᱤᱭᱟᱱ ᱱᱚᱛᱷᱤ ᱠᱚ ᱾","ᱵᱷᱳᱴᱟᱨ ᱠᱟᱨᱰ, ᱟᱭᱫᱷᱟᱨ ᱠᱟᱨᱰ ᱟᱨ ᱯᱮᱱ ᱠᱟᱨᱰ ᱞᱮᱠᱟᱱ ᱱᱚᱛᱷᱤ ᱠᱚᱫᱚ ᱟᱢᱟᱜ ᱥᱟᱹᱵᱩᱫ ᱞᱟᱹᱜᱤᱫ ᱞᱟᱹᱠᱛᱤ ᱠᱟᱱᱟ ᱾"
892,पहचान का प्रमाण और निवास का प्रमाण।,ᱩᱯᱨᱩᱢ ᱨᱮᱭᱟᱜ ᱥᱟᱹᱵᱩᱫ ᱟᱨ ᱛᱟᱦᱮᱱ ᱨᱮᱭᱟᱜ ᱥᱟᱹᱵᱩᱫ ᱾,ᱩᱯᱨᱩᱢ ᱨᱮᱭᱟᱜ ᱥᱟᱹᱵᱩᱫ ᱟᱨ ᱛᱟᱦᱮᱸᱱ ᱨᱮᱭᱟᱜ ᱥᱟᱹᱵᱩᱫ ᱾
893,आय से जुड़े डॉक्यूमेंट जैसे पिछले तीन महीने की सैलरी स्लिप और आई.टी. रिटर्न स्टेटमेंट।,ᱤᱱᱠᱟᱢ ᱨᱮᱭᱟᱜ ᱱᱚᱛᱷᱤ ᱡᱮᱞᱮᱠᱟ ᱯᱟᱨᱚᱢ ᱟᱠᱟᱱ ᱯᱮ ᱪᱟᱸᱫᱳ ᱨᱮᱭᱟᱜ ᱢᱟᱹᱱᱦᱟᱹ ᱥᱞᱤᱯ ᱟᱨ ᱟᱭᱴᱤ ᱨᱤᱴᱟᱨᱱ ᱥᱴᱮᱴᱢᱮᱱᱴ ᱾,ᱪᱟᱞᱟᱣᱮᱱ ᱯᱮ ᱪᱟᱸᱫᱳ ᱨᱮᱭᱟᱜ ᱵᱮᱶᱦᱟᱨ ᱥᱞᱤᱯ ᱟᱨ <ᱟᱭ ᱰᱤ 1>. ᱨᱮᱴᱟᱨᱱ ᱮᱥᱴᱮᱴᱢᱮᱱᱴ ᱞᱮᱠᱟᱱ ᱟᱭ ᱥᱟᱞᱟᱜ ᱥᱮᱞᱮᱫ ᱟᱠᱟᱱ ᱱᱩᱛᱚᱱᱟ ᱾
894,क्या मुझे व्यक्तिगत तौर पर ब्रांच में आना होगा?,ᱤᱧᱫᱚ ᱪᱮᱫ ᱤᱧᱜᱮ ᱵᱨᱟᱧᱪ ᱥᱮᱱᱚᱜ ᱦᱩᱭᱩᱜ ᱛᱤᱧᱟᱹ ?,ᱤᱧ ᱪᱮᱫ ᱵᱮᱼᱵᱟᱹᱛᱤᱞ ᱞᱮᱠᱟᱛᱮ ᱛᱷᱚᱱᱚᱛ ᱨᱮ ᱦᱮᱡ ᱦᱩᱭᱩᱜ ᱛᱟᱢᱟ?
895,या मैं ऑनलाइन अप्लाई कर सकता हूँ?,ᱥᱮ ᱤᱧ ᱚᱱᱞᱟᱭᱤᱱ ᱛᱮᱧ ᱟᱨᱫᱟᱥ ᱫᱟᱲᱮᱭᱟᱜᱼᱟ ?,ᱵᱟᱝᱠᱷᱟᱱ ᱤᱧ ᱚᱱᱞᱟᱭᱤᱱ ᱨᱮ ᱟᱨᱡᱤ ᱮᱢ ᱫᱟᱲᱮᱭᱟᱜᱼᱟ?
896,ऑनलाइन अप्लाई कर सकते हैं।,ᱚᱱᱞᱟᱭᱤᱱ ᱛᱮ ᱟᱨᱫᱟᱥ ᱜᱟᱱᱚᱜᱼᱟ ᱾,ᱚᱱᱞᱟᱭᱤᱱ ᱨᱮ ᱟᱨᱡᱤ ᱮᱢ ᱦᱩᱭ ᱫᱟᱲᱮᱭᱟᱜᱼᱟ ᱾
897,लेकिन डॉक्यूमेंट सबमिट करने और वेरिफ़िकेशन के लिए आपको ब्रांच आना होगा।,ᱢᱮᱱᱠᱷᱟᱱ ᱱᱚᱛᱷᱤ ᱡᱚᱢᱟ ᱟᱨ ᱧᱮᱞ ᱟᱨᱩᱭ ᱞᱟᱹᱜᱤᱫᱛᱮ ᱟᱢᱫᱚ ᱵᱨᱟᱧᱪ ᱛᱮ ᱪᱟᱞᱟᱜ ᱦᱩᱭᱩᱜ ᱛᱟᱢᱟ ᱾,ᱢᱮᱱᱠᱷᱟᱱ ᱱᱚᱛᱷᱤ ᱠᱚ ᱥᱟᱵ ᱞᱟᱹᱜᱤᱫ ᱟᱨ ᱵᱤᱰᱟᱹᱣ ᱞᱟᱹᱜᱤᱫ ᱟᱢ ᱛᱷᱚᱱᱚᱛ ᱨᱮ ᱦᱮᱡ ᱦᱩᱭᱩᱜ ᱛᱟᱢᱟ ᱾
898,"मैं आपके फ़र्म का नियमित ग्राहक हूँ, आप उससे देख सकते हैं।","ᱤᱧᱫᱚ ᱟᱢᱟᱜ ᱯᱷᱟᱨᱢ ᱨᱮᱱ ᱫᱤᱱᱟᱹᱢ ᱜᱟᱦᱟᱠ ᱠᱟᱹᱱᱟᱹᱧ, ᱟᱢ ᱱᱚᱶᱟᱛᱮᱢ ᱵᱤᱰᱟᱹᱣ ᱫᱟᱲᱮᱭᱟᱜᱼᱟ ᱾","ᱤᱧ ᱟᱢᱟᱜ ᱯᱷᱟᱨᱢ ᱨᱮᱱ ᱢᱤᱫ ᱜᱚᱴᱟᱼᱵᱩᱴᱟᱹ ᱠᱤᱨᱤᱧᱤᱭᱟᱹ, ᱟᱢ ᱚᱱᱟ ᱠᱷᱚᱱ ᱧᱮᱞ ᱫᱟᱲᱮᱭᱟᱜᱼᱟᱢ ᱾"
899,क्या मैं बस आपके ऑफ़िस में अपने डॉक्यूमेंट भेज सकता हूँ?,ᱤᱧᱫᱚ ᱪᱮᱫ ᱟᱢᱟᱜ ᱚᱯᱷᱤᱥ ᱨᱮ ᱤᱧᱟᱹᱜ ᱰᱚᱠᱩᱢᱮᱱᱴᱥ ᱠᱚᱧ ᱠᱳᱞ ᱫᱟᱲᱮᱭᱟᱜᱼᱟ ?,ᱤᱧ ᱠᱤ ᱥᱩᱢᱩᱝ ᱟᱢᱟᱜ ᱚᱯᱷᱤᱥ ᱨᱮ ᱤᱧᱟᱹᱜ ᱱᱩᱛᱚᱱᱟᱢ ᱵᱷᱮᱡᱟ ᱫᱟᱲᱮᱭᱟᱜᱼᱟᱢ?
900,"सर, इसमें ज़्यादा टाइम नहीं लगेगा, हो सकता है कि डॉक्यूमेंट भेजने से वह दूसरे एप्लिकेशनों से मिक्स हो जाए।","ᱥᱮᱨ, ᱰᱷᱮᱨ ᱚᱠᱛᱚ ᱵᱟᱭ ᱞᱟᱜᱟᱜᱼᱟ, ᱰᱚᱠᱩᱢᱮᱱᱴᱥ ᱠᱚ ᱠᱳᱞ ᱞᱮᱠᱷᱟᱱ ᱮᱴᱟᱜ ᱮᱯᱞᱤᱠᱮᱥᱚᱱ ᱥᱟᱶᱛᱮ ᱢᱮᱥᱟ ᱫᱟᱲᱮᱭᱟᱜᱼᱟ ᱾","ᱥᱟᱨ, ᱱᱚᱶᱟ ᱞᱟᱹᱜᱤᱫ ᱟᱹᱰᱤ ᱰᱷᱮᱨ ᱚᱠᱛᱚ ᱵᱟᱝ ᱦᱟᱛᱟᱣᱚᱜᱼᱟ, ᱦᱩᱭᱫᱟᱲᱮᱭᱟᱜᱼᱟ ᱱᱩᱛᱚᱱᱟ ᱫᱚ ᱮᱴᱟᱜ ᱮᱯᱞᱤᱠᱮᱥᱚᱱ ᱠᱚ ᱥᱟᱶ ᱥᱮᱞᱮᱫ ᱦᱳᱭᱳᱜᱼᱟ ᱾"
901,आम तौर पर पर्सनल लोन पर लोअर और अपर लिमिट क्या हैं?,ᱢᱤᱫᱴᱟᱝ ᱯᱟᱨᱥᱳᱱᱟᱞ ᱞᱳᱱ ᱠᱚᱢ ᱟᱨ ᱰᱷᱮᱨ ᱨᱮᱭᱟᱜ ᱥᱤᱢᱟᱹ ᱪᱮᱫ ᱪᱮᱫ ᱠᱟᱱᱟ ?,ᱥᱟᱫᱷᱟᱨᱚᱱ ᱞᱮᱠᱟᱛᱮ ᱵᱮᱼᱵᱟᱹᱛᱤᱞ ᱨᱤᱱ ᱨᱮᱭᱟᱜ ᱞᱟᱛᱟᱨ ᱟᱨ ᱪᱮᱛᱟᱱ ᱨᱮᱭᱟᱜ ᱯᱚᱨᱤᱢᱟᱱ ᱪᱮᱫ?
902,"हम आपकी योग्यता के आधार पर कम से कम 75,000 से लेकर ज़्यादा से ज़्यादा 35,00,000/- का पर्सनल लोन देते हैं।","ᱟᱞᱮᱫᱚ ᱟᱢᱟᱜ ᱡᱳᱜᱢᱟᱹᱱ ᱪᱮᱛᱟᱱ ᱴᱮᱸᱦᱟᱰ ᱠᱟᱛᱮᱜ ᱡᱚᱛᱚᱠᱷᱚᱱ ᱠᱚᱢ ᱗᱕,᱐᱐᱐ ᱠᱷᱚᱱ ᱡᱚᱛᱚᱠᱷᱚᱱ ᱰᱷᱮᱨ ᱓᱕,᱐᱐,᱐᱐᱐/ᱼ ᱦᱟᱹᱵᱤᱡᱽ ᱯᱟᱨᱥᱳᱱᱟᱞ ᱞᱳᱱ ᱮᱢ ᱦᱩᱭᱩᱜᱼᱟ ᱾","ᱟᱢ ᱟᱢᱟᱜ ᱯᱚᱨᱤᱢᱟᱱ ᱪᱮᱛᱟᱱ ᱴᱮᱦᱟᱴ ᱠᱟᱛᱮ ᱠᱚᱢ ᱠᱷᱚᱱ ᱠᱚᱢ 75,000 ᱠᱷᱚᱱ ᱰᱷᱮᱨ ᱠᱷᱚᱱ ᱰᱷᱮᱨ 35,00,000 ᱼ ᱨᱮᱭᱟᱜ ᱵᱮᱼᱵᱟᱹᱛᱤᱞ ᱨᱤᱱ ᱮᱢ ᱮᱫᱟ ᱾"
903,"ठीक है फिर, बताने के लिए शुक्रिया।","ᱴᱷᱤᱠ ᱜᱮᱭᱟ ᱛᱟᱦᱚᱞᱮ, ᱠᱷᱚᱵᱚᱨ ᱞᱟᱹᱜᱤᱫ ᱛᱮᱫᱚ ᱟᱢ ᱥᱟᱨᱦᱟᱣ ᱾","ᱚᱱᱟ ᱛᱟᱭᱚᱢ, ᱞᱟᱹᱭ ᱞᱟᱹᱜᱤᱫ ᱛᱮ ᱟᱢ ᱫᱚ ᱥᱟᱨᱦᱟᱰᱚᱜ ᱠᱟᱱᱟ ᱾"
904,मैं जल्दी ही ब्रांच में आऊँगा।,ᱤᱧ ᱩᱥᱟᱹᱨᱟᱜᱮ ᱵᱨᱟᱧᱪ ᱛᱮᱧ ᱪᱟᱞᱟᱜᱼᱟ,ᱤᱧ ᱟᱹᱰᱤ ᱠᱚᱢ ᱚᱠᱛᱚ ᱨᱮ ᱛᱷᱚᱱᱚᱛ ᱨᱮᱭ ᱥᱮᱴᱮᱨᱚᱜᱼᱟ ᱾
905,और किसी सहायता के लिए कृपया संपर्क करें।,ᱮᱴᱟᱜ ᱡᱟᱦᱟᱱ ᱜᱚᱲᱚ ᱞᱟᱹᱜᱤᱫ ᱛᱮ ᱡᱳᱜᱟᱡᱳᱜ ᱢᱮ ᱿,ᱟᱨ ᱡᱟᱦᱟᱱ ᱜᱚᱲᱚ ᱞᱟᱹᱜᱤᱫ ᱫᱟᱭᱟ ᱠᱟᱛᱮ ᱡᱳᱜᱟᱡᱳᱜ ᱢᱮ ᱾
906,"कमला, तुम काम पर कब वापस आ रही हो?","ᱠᱚᱢᱚᱞᱟ, ᱟᱢ ᱛᱤᱱᱨᱮ ᱠᱟᱹᱢᱤᱨᱮᱢ ᱨᱩᱣᱟᱹᱲ ᱠᱟᱱᱟ ?","ᱠᱚᱢᱞᱟ, ᱟᱢ ᱪᱮᱫ ᱚᱠᱛᱚ ᱠᱟᱹᱢᱤ ᱨᱮ ᱨᱩᱣᱟᱹᱲ ᱦᱮᱡᱚᱜᱼᱟ?"
907,तुमने कैलेंडर की तरफ देखा भी है?,ᱟᱢ ᱪᱮᱫ ᱠᱮᱞᱮᱱᱰᱟᱨᱮᱢ ᱧᱮᱞ ᱟᱠᱟᱫ ?ᱟ ?,ᱟᱢ ᱠᱮᱞᱮᱱᱰᱟᱨ ᱦᱚᱸ ᱧᱮᱞ ᱟᱠᱟᱫᱟ?
908,लगभग एक महीना होने आ गया है।,ᱢᱤᱫ ᱪᱟᱸᱫᱚ ᱜᱟᱱ ᱦᱩᱭ ᱮᱱᱟ ᱾,ᱟᱭᱢᱟᱜᱟᱱ ᱢᱤᱫ ᱪᱟᱸᱫᱳ ᱦᱩᱭᱩᱜ ᱠᱟᱱᱟ ᱾
909,मुझे लगा कि तुमने कहा था कि तुम 10 दिन की छुट्टी ले रही हो।,ᱤᱧᱤᱧ ᱢᱚᱱᱮ ᱞᱮᱫᱟ ᱟᱢᱮᱢ ᱢᱮᱱ ᱞᱮᱫᱟ ᱡᱮ ᱟᱢ ᱑᱐ ᱫᱤᱱ ᱞᱟᱹᱜᱤᱫ ᱪᱷᱩᱴᱤᱢ ᱦᱟᱛᱟᱣ ᱮᱫᱟ ᱾,ᱤᱧ ᱢᱚᱱᱮ ᱦᱩᱭᱩᱜ ᱠᱟᱱᱟ ᱟᱢ ᱞᱟᱹᱭ ᱟᱠᱟᱫᱟ ᱡᱮ ᱟᱢ 10 ᱢᱟᱦᱟ ᱨᱮᱭᱟᱜ ᱪᱷᱟᱹᱲ ᱮᱢ ᱦᱟᱛᱟᱣ ᱟᱠᱟᱫᱟ ᱾
910,मुझे माफ़ करें मैम।,ᱫᱩᱠ ᱤᱧ ᱥᱚᱫᱚᱨ ᱮᱫᱟ ᱢᱟᱪᱮᱛᱟᱱᱤ ᱾,ᱤᱧ ᱫᱚ ᱤᱧᱟᱹᱜ ᱢᱟᱢ ᱫᱚ ᱤᱧᱟᱹᱜ ᱤᱧᱟᱹᱜ ᱤᱧᱟᱹᱜ ᱤᱧᱟᱹᱜ ᱤᱧᱟᱹᱜ ᱤᱧᱟᱹᱜ ᱤᱧᱟᱹᱜ ᱤᱧᱟᱹᱜ ᱤᱧᱟᱹᱜ ᱤᱧᱟᱹᱜ ᱤᱧᱟᱹᱜ ᱤᱧᱟᱹᱜ ᱤᱧᱟᱹᱜ ᱤᱧᱟᱹᱜ ᱤᱧᱟᱹᱜ ᱤᱧᱟᱹᱜ ᱤᱧᱟᱹᱜ ᱤᱧᱟᱹᱜ ᱤᱧᱟᱹᱜ ᱤᱧᱟᱹᱜ ᱤᱧᱟᱹᱜ ᱤᱧᱟᱹᱜ ᱤᱧᱟᱹᱜ ᱤᱧᱟᱹᱜ ᱤᱧᱟᱹᱜ ᱤᱧᱟᱹᱜ ᱤᱧᱟᱹᱜ ᱤᱧᱟᱹᱜ ᱤᱧᱟᱹᱜ ᱤᱧᱟᱹᱜ ᱤᱧᱟᱹᱜ ᱤᱧᱟᱹᱜ ᱤᱧᱟᱹᱜ ᱤᱧᱟᱹᱜ ᱤᱧᱟᱹᱜ ᱤᱧᱟᱹᱜ ᱤᱧᱟᱹᱜ ᱤᱧᱟᱹᱜ ᱤᱧᱟᱹᱜ ᱤᱧᱟᱹᱜ ᱤᱧᱟᱹᱜ ᱤᱧᱟᱹᱜ ᱤᱧᱟᱹᱜ ᱤᱧᱟᱹᱜ ᱤᱧᱟᱹᱜ ᱤᱧᱟᱹᱜ ᱤᱧᱟᱹᱜ ᱤᱧᱟᱹᱜ ᱤᱧᱟᱹᱜ ᱤᱧᱟᱹᱜ ᱤᱧᱟᱹᱜ ᱤᱧᱟᱹᱜ ᱤᱧᱟᱹᱜ ᱤᱧᱟᱹᱜ ᱤᱧᱟᱹᱜ ᱤᱧᱟᱹᱜ ᱤᱧᱟᱹᱜ ᱤᱧᱟᱹᱜ ᱤᱧᱟᱹᱜ ᱤᱧᱟᱹᱜ ᱤᱧᱟᱹᱜ
911,मैं आपको खबर नहीं कर सकी।,"ᱤᱧ ᱟᱢ ᱵᱟ,ᱧ ᱵᱟᱰᱟᱭ ᱦᱚᱪᱚᱣ ᱟᱠᱟᱫ ᱢᱮᱭᱟ ᱾",ᱤᱧ ᱟᱢ ᱵᱟᱰᱟᱭ ᱵᱟᱝᱧᱟᱢ ᱫᱟᱲᱮᱭᱟᱜᱼᱟ ᱾
912,पर तुम थी कहाँ?,ᱮᱢᱚᱱ ᱪᱮᱫ ᱟᱢ ᱫᱚ ᱚᱠᱟᱨᱮ ?,ᱢᱮᱱᱠᱷᱟᱱ ᱟᱢ ᱪᱮᱫ ᱴᱷᱟᱶ ᱨᱮ ᱛᱟᱦᱮᱸ ᱠᱟᱱᱟ?
913,क्या तुम अभी भी अपने मायके में हो?,ᱟᱢ ᱱᱤᱛᱦᱚᱸ ᱟᱭᱳᱼᱵᱟᱵᱟ ᱚᱲᱟᱜᱨᱮ ?,ᱟᱢ ᱠᱤ ᱱᱤᱛᱦᱚᱸ ᱟᱢᱟᱜ ᱚᱲᱟᱜ ᱨᱮ ᱢᱮᱱᱟᱜ ᱟ?
914,"नहीं मैम, मैं तीन दिन पहले घर आ गई थी।","ᱵᱟᱝ ᱢᱟᱪᱮᱛᱟᱱᱤ, ᱯᱮ ᱫᱤᱱ ᱞᱟᱦᱟᱨᱮ ᱚᱲᱟᱜ ᱤᱧ ᱦᱮᱡ ᱟᱠᱟᱱᱟ ᱾","ᱵᱟᱝ ᱢᱟᱢ, ᱤᱧ ᱯᱮ ᱢᱟᱦᱟ ᱞᱟᱦᱟ ᱚᱲᱟᱜ ᱮ ᱦᱮᱡ ᱮᱱᱟ ᱾"
915,तीन दिन पहले?,ᱯᱮ ᱫᱤᱱ ᱞᱟᱦᱟᱨᱮ ?,ᱯᱮ ᱢᱟᱦᱟ ᱞᱟᱦᱟ?
916,फिर तुम काम पर क्यों नहीं आ रही हो?,ᱮᱱᱠᱷᱟᱱ ᱠᱟᱹᱢᱤ ᱪᱮᱫᱟᱜ ᱵᱟᱢ ᱦᱤᱡᱩᱜ ᱠᱟᱱᱟ ?,ᱚᱱᱟᱛᱮ ᱟᱢ ᱪᱮᱫ ᱞᱟᱹᱜᱤᱫ ᱠᱟᱹᱢᱤ ᱨᱮ ᱵᱟᱝ ᱦᱮᱡ ᱟᱠᱟᱱᱟ?
917,मेरे हाथ में थोड़ी सूजन है।,ᱤᱧᱟᱜ ᱛᱤ ᱱᱟᱥᱮᱭᱟᱜ ᱯᱷᱩᱞᱟᱹᱣ ᱟᱠᱟᱱᱟ ᱾,ᱤᱧᱟᱹᱜ ᱛᱤ ᱨᱮ ᱠᱤᱪᱷᱩᱠ ᱜᱷᱟᱹᱞ ᱢᱮᱱᱟᱜᱼᱟ ᱾
918,मुझे काम करने में दिक्कत होती है।,ᱠᱟᱹᱢᱤ ᱨᱮᱧ ᱚᱥᱩᱵᱤᱫᱷᱟᱜ ᱠᱟᱱᱟ ᱾,ᱤᱧ ᱠᱟᱹᱢᱤ ᱞᱟᱹᱜᱤᱫ ᱛᱮ ᱟᱱᱟᱴᱚᱜ ᱠᱟᱱᱟ ᱾
919,सूजन? डॉक्टर को दिखाया तुमने ?,ᱯᱷᱳᱞᱟ ? ᱟᱢ ᱪᱮᱫ ᱰᱟᱠᱛᱟᱨ ᱴᱷᱮᱱᱮᱢ ᱫᱮᱠᱷᱟᱣ ᱟᱠᱟᱱᱟ ?,ᱜᱷᱟᱹᱞ? ᱟᱢ ᱫᱟᱠᱛᱚᱨ ᱮ ᱩᱫᱩᱜ ᱟᱠᱟᱫᱟ?
920,डॉक्टर ने कुछ दिन आराम करने के लिए कहा है।,ᱰᱟᱠᱛᱟᱨ ᱠᱤᱪᱷᱤ ᱫᱤᱱ ᱡᱤᱨᱟᱹᱣ ᱨᱮ ᱛᱟᱦᱮᱱ ᱮ ᱢᱮᱱ ᱟᱠᱟᱫᱤᱧᱟ ᱾,ᱫᱟᱠᱛᱚᱨ ᱫᱚ ᱠᱤᱪᱷᱩ ᱫᱤᱱ ᱞᱟᱹᱜᱤᱫ ᱪᱷᱟᱹᱲ ᱮᱢ ᱞᱟᱹᱜᱤᱫ ᱮ ᱢᱮᱱ ᱟᱠᱟᱫᱟ ᱾
921,पूरे महीने के लिए तो नहीं कहा होगा उन्होंने?,ᱩᱱᱤ ᱫᱚ ᱢᱤᱫ ᱪᱟᱸᱫᱚ ᱩᱛᱟᱹᱨ ᱫᱚ ᱵᱟᱭ ᱢᱟᱱᱟᱣ ᱞᱮᱫᱟ ?,ᱩᱱᱤ ᱫᱚ ᱜᱚᱴᱟ ᱪᱟᱸᱫᱚ ᱞᱟᱹᱜᱤᱫ ᱵᱟᱝ ᱮ ᱞᱟᱹᱭ ᱟᱠᱟᱫᱟ ᱾
922,तुम्हारा हाथ टूट तो नहीं गया है न?,"ᱟᱢᱟᱜ ᱛᱤ ᱫᱚ ᱵᱟᱝ ᱨᱟᱹᱯᱩᱫ ᱟᱠᱟᱱᱟ, ᱚᱱᱟ ᱜᱮ ᱛᱚ ?",ᱟᱢᱟᱜ ᱛᱤ ᱫᱚ ᱵᱟᱹᱛᱤᱞ ᱵᱟᱝ ᱦᱩᱭ ᱟᱠᱟᱱᱟ ᱥᱮ ᱵᱟᱝ?
923,"नहीं मैम, ऐसा नहीं है।","ᱵᱟᱝ ᱢᱟᱪᱮᱛᱟᱱᱤ, ᱠᱟᱛᱷᱟ ᱫᱚ ᱱᱚᱝᱠᱟ ᱫᱚ ᱵᱟᱝ ᱾","ᱵᱟᱝ ᱢᱟᱢ, ᱚᱱᱟ ᱫᱚ ᱵᱟᱝ ᱠᱟᱱᱟ ᱾"
924,फिर क्या है?,ᱜᱷᱚᱴᱚᱱ ᱫᱚ ᱪᱮᱫ ᱠᱟᱱᱟ ?,ᱚᱱᱟ ᱛᱟᱭᱚᱢ ᱪᱮᱫ ᱦᱩᱭᱩᱜ ᱠᱟᱱᱟ?
925,"मुझे नहीं पता, मैम।","ᱤᱧ ᱫᱚ ᱵᱟᱹᱧ ᱵᱟᱰᱟᱭ, ᱢᱟᱪᱮᱛᱟᱱᱤ ᱾","ᱤᱧ ᱵᱟᱝ ᱵᱟᱰᱟᱭ ᱠᱟᱱᱟ, ᱢᱟᱢ ᱾"
926,"मेरे हाथ में सूजन है, दर्द होता है।","ᱤᱧᱟᱹᱜ ᱛᱤ ᱯᱷᱩᱞᱟᱹᱣ ᱟᱠᱟᱱᱟ, ᱦᱟᱥᱩ ᱤᱫᱤᱧ ᱠᱟᱱᱟ ᱾","ᱤᱧᱟᱹᱜ ᱛᱤ ᱨᱮ ᱜᱷᱟᱹᱞ, ᱜᱷᱟᱹᱞ ᱢᱮᱱᱟᱜᱼᱟ ᱾"
927,"अगर तुमने कभी काम ठीक से किया होता, तो ऐसा नहीं होता।",ᱟᱢ ᱡᱩᱫᱤ ᱟᱢᱟᱜ ᱠᱟᱹᱢᱤ ᱴᱷᱟᱹᱣᱠᱟᱹ ᱞᱮᱠᱟᱛᱮᱢ ᱠᱚᱨᱟᱣ ᱠᱮᱭᱟ ᱮᱱᱠᱷᱟᱱ ᱱᱚᱶᱟ ᱫᱚ ᱵᱟᱝ ᱦᱩᱭ ᱠᱚᱜᱼᱟ ᱾,"ᱟᱢ ᱡᱩᱫᱤ ᱡᱟᱦᱟᱱ ᱚᱠᱛᱮ ᱠᱟᱹᱢᱤ ᱫᱚ ᱱᱟᱯᱟᱭ ᱞᱮᱠᱟᱛᱮ ᱠᱚᱨᱟᱣᱼᱟ, ᱮᱱᱠᱷᱟᱱ ᱚᱱᱟ ᱫᱚ ᱵᱟᱝ ᱦᱩᱭᱩᱜᱼᱟ ᱾"
928,तुम कभी कपड़े भी तह नहीं करती हो।,ᱟᱢ ᱞᱩᱜᱽᱲᱤ ᱮᱠᱟᱞ ᱟᱞᱚᱢ ᱞᱟᱹᱴᱩᱢᱼᱟ ᱾,ᱟᱢ ᱪᱮᱫᱦᱚᱸ ᱠᱟᱪ ᱦᱚᱸ ᱯᱷᱳᱞᱰ ᱵᱟᱝ ᱠᱚᱨᱟᱣᱼᱟ ᱾
929,बर्तन कभी ठीक से साफ़ नहीं होते।,ᱛᱷᱟᱹᱨᱤ ᱵᱟᱹᱴᱤ ᱥᱟᱯᱷᱟ ᱜᱮ ᱵᱟᱝ ᱛᱟᱦᱮᱱᱟ ᱾,ᱰᱩᱵᱟᱹ ᱫᱚ ڪڏھن ᱦᱚᱸ ᱱᱟᱯᱟᱭ ᱛᱮ ᱪᱷᱟᱹᱲ ᱵᱟᱝ ᱧᱟᱢᱚᱜᱼᱟ ᱾
930,तुम्हें वॉशिंग मशीन की वजह से कभी कपड़े भी नहीं धोने पड़ते!,ᱳᱣᱟᱥᱤᱝ ᱢᱮᱥᱤᱱ ᱢᱮᱱᱟᱜᱛᱮ ᱟᱢ ᱞᱩᱜᱽᱲᱤ ᱦᱚᱸ ᱵᱟᱝ ᱥᱚᱵᱚᱫᱽ ᱦᱩᱭᱩᱜ ᱛᱟᱢᱟ !,ᱳᱣᱟᱥᱢᱤᱝ ᱢᱮᱥᱤᱱ ᱚᱡᱮᱛᱮ ᱟᱢ ᱪᱮᱫᱦᱚᱸ ᱚᱠᱛᱚ ᱨᱮᱦᱚᱸ ᱰᱟᱣᱩᱱᱞᱳᱰ ᱵᱟᱝ ᱦᱩᱭᱩᱜ ᱛᱟᱢᱟ ᱾
931,ऐसे थोड़ी होता है।,ᱱᱚᱶᱟ ᱠᱚᱫᱚ ᱵᱟᱝ ᱠᱚᱨᱟᱣ ᱦᱩᱭᱩᱜᱼᱟ ᱾,ᱱᱚᱶᱟ ᱞᱮᱠᱟ ᱠᱤᱪᱷᱩᱠ ᱜᱮ ᱦᱩᱭᱩᱜᱼᱟ ᱾
932,"मेरे से जितना बनता है मैं करती हूँ, मैम।","ᱡᱟᱦᱟᱸ ᱛᱤᱱᱟᱹᱜ ᱤᱧ ᱫᱟᱲᱮᱭᱟᱜ, ᱢᱟᱪᱮᱛᱟᱱᱤ ᱾","ᱤᱧ ᱡᱟᱦᱟᱸ ᱮᱢ ᱵᱮᱱᱟᱣᱼᱟ, ᱤᱧ ᱚᱱᱟ ᱤᱧ ᱤᱧ ᱤᱧ ᱤᱧ ᱤᱧ ᱤᱧ ᱤᱧ ᱤᱧ ᱤᱧ ᱤᱧ ᱤᱧ ᱤᱧ ᱤᱧ ᱤᱧ ᱤᱧ ᱤᱧ ᱤᱧ ᱤᱧ ᱤᱧ ᱤᱧ ᱤᱧ ᱤᱧ ᱤᱧ ᱤᱧ ᱤᱧ ᱤᱧ ᱤᱧ ᱤᱧ ᱤᱧ ᱤᱧ ᱤᱧ ᱤᱧ ᱤᱧ ᱤᱧ ᱤᱧ ᱤᱧ ᱤᱧ ᱤᱧ ᱤᱧ ᱤᱧ ᱤᱧ ᱤᱧ ᱤᱧ ᱤᱧ ᱤᱧ ᱤᱧ ᱤᱧ ᱤᱧ ᱤᱧ ᱤᱧ ᱤᱧ ᱤᱧ ᱤᱧ ᱤᱧ ᱤᱧ ᱤᱧ ᱤᱧ ᱤᱧ ᱤᱧ ᱤᱧ ᱤᱧ ᱤᱧ ᱤᱧ ᱤᱧ ᱤᱧ ᱤᱧ ᱤᱧ ᱤᱧ ᱤᱧ ᱤᱧ ᱤᱧ ᱤᱧ ᱤᱧ ᱤᱧ ᱤᱧ ᱤᱧ ᱤᱧ ᱤᱧ ᱤᱧ ᱤᱧ ᱤᱧ ᱤᱧ ᱤᱧ ᱤᱧ ᱤᱧ ᱤᱧ ᱤᱧ ᱤᱧ ᱤᱧ ᱤᱧ ᱤᱧ ᱤᱧ ᱤᱧ ᱤᱧ ᱤᱧ ᱤᱧ ᱤᱧ ᱤᱧ ᱤᱧ ᱤᱧ ᱤᱧ ᱤᱧ ᱤᱧ ᱤᱧ ᱤᱧ ᱤᱧ ᱤᱧ ᱤᱧ ᱤᱧ ᱤᱧ ᱤᱧ ᱤᱧ ᱤᱧ ᱤᱧ ᱤᱧ ᱤᱧ ᱤᱧ ᱤᱧ ᱤᱧ ᱤᱧ"
933,मुझे जवाब मत दो।,ᱤᱧ ᱥᱟᱶ ᱟᱞᱚᱢ ᱨᱚᱯᱚᱲᱼᱟ ᱾,ᱤᱧ ᱩᱛᱛᱚᱨ ᱵᱟᱝ ᱮᱢ ᱢᱮ ᱾
934,"घर पर ही रहो, आराम करो।","ᱚᱲᱟᱜ ᱨᱩᱣᱟᱹᱲ ᱢᱮ, ᱡᱤᱨᱟᱹᱜ ᱢᱮ ᱾","ᱚᱲᱟᱜ ᱨᱮ ᱛᱟᱦᱮᱸᱱ ᱢᱮ, ᱪᱷᱟᱹᱲ ᱦᱟᱛᱟᱣ ᱢᱮ ᱾"
935,तुम्हें मेरे यहाँ काम पर अब आने की ज़रूरत नहीं है।,ᱟᱢ ᱫᱚ ᱤᱧᱟᱜ ᱠᱟᱹᱢᱤ ᱞᱟᱹᱜᱤᱫ ᱟᱨ ᱦᱤᱡᱩᱜ ᱵᱟᱝ ᱦᱩᱭᱩᱜ ᱛᱟᱢᱟ ᱾,ᱤᱧᱟᱹᱜ ᱠᱟᱹᱢᱤ ᱞᱟᱹᱜᱤᱫ ᱟᱢ ᱱᱤᱛ ᱵᱟᱝ ᱦᱮᱡ ᱦᱩᱭᱩᱜ ᱛᱟᱢᱟ ᱾
936,मैं तुम्हें निकाल रही हूँ।,ᱤᱧ ᱟᱢᱤᱧ ᱥᱟᱦᱟᱭᱮᱫ ᱢᱮᱭᱟ ᱾,ᱤᱧ ᱟᱢ ᱠᱚ ᱪᱷᱟᱹᱲ ᱮᱢ ᱮᱫᱟ ᱾
937,वाओ! ये तो बहुत शानदार है।,ᱳᱦ ᱪᱮᱫ ᱢᱚᱸᱡᱽ ! ᱦᱮᱸ ᱥᱮ ᱥᱳᱣᱟᱱᱠᱤ ᱾,ᱳᱣᱟᱣ! ᱱᱚᱶᱟ ᱫᱚ ᱟᱹᱰᱤ ᱱᱟᱯᱟᱭ ᱠᱟᱱᱟ ᱾
938,तुमने कब ली?,ᱟᱢ ᱫᱚ ᱱᱚᱶᱟ ᱛᱤᱱᱨᱮᱢ ᱧᱟᱢ ᱟᱠᱟᱰᱟ ?,ᱟᱢ ᱪᱮᱫ ᱚᱠᱛᱚ ᱦᱟᱛᱟᱣ ᱟᱠᱟᱫᱟ?
939,"मैं ड्राइव कर सकता हूँ, प्लीज़?","ᱫᱟᱭᱟ ᱠᱟᱛᱮ , ᱤᱧ ᱪᱮᱫ ᱤᱧ ᱰᱨᱟᱭᱤᱵᱷ ᱫᱟᱲᱮᱭᱟᱜᱼᱟ ?","ᱤᱧ ᱰᱨᱟᱭᱵᱷᱤᱝ ᱠᱚᱨᱟᱣ ᱫᱟᱲᱮᱭᱟᱜᱼᱟ, ᱫᱟᱭᱟ ᱠᱟᱛᱮ?"
940,पक्का तुम्हें चलाना आता है?,ᱱᱤᱦᱟᱹᱛ ᱜᱤ ᱟᱢᱮᱢ ᱫᱟᱲᱮᱭᱟᱜᱼᱟ ?,ᱟᱢ ᱫᱚ ᱦᱩᱭᱩᱜ ᱠᱟᱱᱟ ᱪᱟᱞᱟᱣ ᱞᱟᱹᱜᱤᱫ ᱟᱢ ᱾
941,मैं इस ब्यूटी को ख़राब नहीं करना चाहता।,ᱤᱧ ᱱᱚᱣᱟ ᱵᱷᱟᱜᱤᱭᱟᱜ ᱨᱮᱭᱟᱜ ᱡᱟᱦᱟᱸᱱ ᱵᱟᱹᱲᱤᱡᱽ ᱵᱟᱧ ᱠᱷᱚᱡᱽᱠᱟᱱᱟ ᱾,ᱤᱧ ᱱᱚᱶᱟ ᱥᱳᱯᱨᱳᱫᱽ ᱫᱚ ᱵᱟᱝ ᱠᱚ ᱜᱷᱟᱹᱞ ᱫᱟᱲᱮᱭᱟᱜᱼᱟ ᱾
942,क्यों नहीं!?,ᱪᱮᱫᱟᱜ ᱵᱟᱝ !?,ᱪᱮᱫ ᱞᱟᱹᱜᱤᱫ ᱵᱟᱝ?
943,मैं कोशिश कर सकता हूँ।,ᱤᱧ ᱠᱩᱨᱩᱢᱩᱴᱩ ᱫᱟᱲᱮᱭᱟᱜᱼᱟ ᱾,ᱤᱧ ᱵᱤᱰᱟᱹᱣ ᱫᱟᱲᱮᱭᱟᱜᱼᱟᱢ ᱾
944,तुम्हारे पास इंश्योरेंस नहीं है क्या?,ᱟᱢ ᱠᱤ ᱤᱱᱥᱩᱨᱮᱱᱥ ᱵᱟᱹᱱᱩᱜᱛᱟᱢᱟ ?,ᱟᱢ ᱴᱷᱮᱱ ᱵᱤᱢᱟᱹ ᱵᱟᱝ ᱢᱮᱱᱟᱜᱼᱟ?
945,हाहा..सॉरी मैं मज़ाक कर रहा था।,ᱦᱟᱦᱟᱦᱟᱹᱹ ᱤᱠᱟᱹᱧ ᱢᱮ ᱤᱧ ᱫᱚᱧ ᱢᱚᱡᱟᱭᱮᱫ ᱠᱟᱱ ᱛᱟᱦᱮᱸᱠᱟᱱᱟ ᱾,ᱦᱚᱦᱟ... ᱤᱧ ᱫᱚ ᱠᱷᱮᱹᱞᱳᱰ ᱞᱮᱫᱟᱠᱚ ᱾
946,तुम्हें अभी अपना चेहरा देखना चाहिए था।,ᱱᱤᱛᱚᱜ ᱟᱢ ᱫᱚ ᱟᱢᱟᱜ ᱢᱮᱫᱽᱦᱟ ᱧᱮᱞ ᱞᱟᱹᱜᱛᱤᱠᱟᱱ ᱛᱟᱢᱟ ᱾,ᱟᱢ ᱱᱤᱛᱜᱮ ᱟᱢᱟᱜ ᱢᱳᱭᱟᱫ ᱧᱮᱞ ᱦᱩᱭᱩᱜ ᱛᱟᱦᱮᱸᱫ ᱾
947,क्या फालतू की बात है ये?,ᱪᱮᱫ ᱵᱟᱹᱲᱤᱡᱽ ᱦᱟᱞᱚᱛ ?,ᱱᱚᱶᱟ ᱫᱚ ᱪᱮᱫ ᱵᱮᱼᱵᱟᱹᱛᱤᱞ ᱠᱟᱱᱟ?
948,मेरी कार को लेकर मज़ाक मत करो!,ᱤᱧᱟᱜ ᱜᱟᱹᱰᱤ ᱛᱩᱞᱩᱡᱽ ᱡᱳᱠᱥ ᱫᱚ ᱵᱟᱝ ᱢᱟᱱᱟᱜᱼᱟ !,ᱤᱧᱟᱹᱜ ᱜᱟᱹᱰᱤ ᱤᱫᱤ ᱠᱟᱛᱮ ᱠᱷᱮᱹᱞᱳᱰ ᱵᱟᱝ ᱢᱮ ᱾
949,तुम जितना चाहो तो मेरी लाइफ़ पर मज़ाक कर सकते हो।,ᱟᱢᱮᱢ ᱠᱷᱚᱡᱽ ᱠᱷᱟᱱ ᱤᱧᱟᱜ ᱡᱤᱭᱚᱱ ᱵᱟᱵᱚᱫᱽᱮᱢ ᱡᱳᱠᱥ ᱫᱟᱲᱮᱭᱟᱜᱼᱟ ᱾,"ᱟᱢ ᱡᱟᱦᱟᱸᱢ ᱠᱷᱚᱡᱟ, ᱚᱱᱟ ᱞᱮᱠᱟᱛᱮ ᱟᱢ ᱤᱧᱟᱹᱜ ᱡᱤᱭᱚᱱ ᱨᱮ ᱠᱷᱩᱛᱟᱹᱣ ᱠᱚᱨᱟᱣ ᱫᱟᱲᱮᱭᱟᱜᱼᱟ ᱾"
950,"खैर, ये लो।","ᱡᱟᱦᱟᱸ ᱜᱮ ᱦᱩᱭᱩᱜ, ᱱᱚᱸᱰᱮ ᱪᱟᱞᱟᱜ ᱢᱮ ᱾",ᱱᱚᱶᱟ ᱫᱚ ᱦᱟᱛᱟᱣ ᱢᱮ ᱾
951,चलो थोड़ा चक्कर लगा कर आते हैं।,ᱟᱹᱪᱩᱨ ᱞᱟᱹᱜᱤᱫ ᱦᱟᱛᱟᱣᱚᱜ ᱢᱟ ᱾,ᱟᱭᱢᱟᱜᱟᱱ ᱠᱤᱪᱷᱩ ᱚᱠᱛᱚ ᱞᱟᱹᱜᱤᱫ ᱦᱮᱡ ᱢᱮ ᱾
952,तुमने अभी तक इसका नाम नहीं रखा?,ᱱᱤᱛ ᱦᱚᱸ ᱩᱱᱤᱭᱟᱜᱮᱢ ᱧᱩᱛᱩᱢᱮᱫᱟ ?,ᱟᱢ ᱱᱤᱛᱦᱚᱸ ᱱᱚᱶᱟ ᱨᱮᱭᱟᱜ ᱧᱩᱛᱩᱢ ᱵᱟᱝ ᱮᱢ ᱟᱠᱟᱫᱟ?
953,तुम्हें अपनी कार का नाम रखना चाहिए।,ᱟᱢᱟᱜ ᱜᱟᱹᱰᱤ ᱨᱮᱭᱟᱜ ᱧᱩᱛᱩᱢ ᱮᱢᱦᱩᱭᱩᱜᱼᱟ ᱾,ᱟᱢ ᱟᱢᱟᱜ ᱜᱟᱹᱰᱤ ᱨᱮᱭᱟᱜ ᱧᱩᱛᱩᱢ ᱫᱚᱦᱚ ᱞᱟᱹᱠᱛᱤ ᱠᱟᱱᱟ ᱾
954,हाहा सही है!,ᱦᱟ ᱦᱟ ᱦᱮᱸ !,ᱦᱚᱦᱟ ᱫᱚ ᱦᱩᱭᱩᱜ ᱠᱟᱱᱟ ᱱᱟᱯᱟᱭ ᱾
955,मैं इसे एथीना बुलाउंगा।,ᱤᱧ ᱫᱚ ᱚᱱᱟ ᱟᱛᱷᱮᱱᱟᱧ ᱧᱩᱛᱩᱢ ᱞᱟᱹᱜᱤᱫ ᱾,ᱤᱧ ᱱᱚᱶᱟ ᱫᱚ ᱮᱛᱷᱮᱱᱟ ᱠᱚ ᱢᱮᱱᱼᱟ ᱾
956,"तुम और तुम्हारे ग्रीक नाम, यार!","ᱟᱢ ᱟᱨ ᱟᱢᱟᱜ ᱜᱨᱤᱠ ᱧᱩᱛᱩᱢ, ᱢᱟᱹᱱᱢᱤ !","ᱟᱢ ᱟᱨ ᱟᱢᱟᱜ ᱜᱨᱤᱠ ᱧᱩᱛᱩᱢ, ᱜᱟᱛᱮ ᱾"
957,ओह! इंजन की आवाज़।,ᱳᱦ ! ᱤᱧᱡᱤᱱ ᱨᱮᱭᱟᱜ ᱥᱟᱰᱮ ᱾,ᱳᱦ! ᱤᱱᱡᱤᱱ ᱨᱮᱭᱟᱜ ᱥᱮᱨᱮᱧ ᱾
958,एकदम कूल!,ᱟᱹᱰᱤ ᱢᱟᱹᱦᱤᱨ !,ᱟᱹᱰᱤ ᱱᱟᱯᱟᱭ ᱾
959,और स्मूद भी है।,ᱟᱨ ᱱᱤᱭᱟᱹ ᱫᱚ ᱟᱹᱰᱤ ᱞᱮᱧᱡᱮᱨ ᱾,ᱟᱨ ᱱᱚᱶᱟ ᱦᱚᱸ ᱢᱤᱫᱴᱟᱝ ᱥᱢᱩᱫ ᱾
960,यह तो तुम्हें बहुत महँगी पड़ी होगी।,ᱱᱤᱭᱟᱹ ᱫᱚ ᱟᱢ ᱞᱟᱹᱜᱤᱫ ᱟᱹᱰᱤ ᱡᱟᱹᱥᱛᱤ ᱾,ᱱᱚᱶᱟ ᱫᱚ ᱟᱢ ᱞᱟᱹᱜᱤᱫ ᱟᱹᱰᱤ ᱜᱚᱱᱚᱝᱟᱱ ᱦᱩᱭ ᱫᱟᱲᱮᱭᱟᱜᱼᱟ ᱾
961,"अगर मेरे पापा अमीर नहीं होते, तो पड़ती।",ᱤᱧ ᱵᱟᱵᱟ ᱠᱤᱥᱟᱹᱲ ᱵᱟᱭ ᱛᱟᱦᱮᱸᱞᱮᱱᱠᱷᱟᱱ ᱱᱚᱣᱟ ᱦᱩᱭ ᱠᱚᱜᱼᱟ ᱾,"ᱤᱧᱟᱹᱜ ᱵᱟᱵᱟ ᱡᱩᱫᱤ ᱠᱟᱹᱣᱰᱤ ᱟᱱ ᱵᱟᱝ ᱮ ᱛᱟᱦᱮᱸ ᱠᱟᱱᱟ, ᱮᱱᱠᱷᱟᱱ ᱩᱱᱤ ᱫᱚ ᱛᱟᱦᱮᱸ ᱠᱟᱱᱟ ᱾"
962,"तो यह गिफ़्ट है, यार!","ᱱᱤᱭᱟᱹ ᱫᱚ ᱢᱤᱫᱴᱟᱝ ᱥᱟᱸᱫᱮᱥ ᱠᱟᱱᱟ, ᱢᱟᱱᱣᱟ !","ᱚᱱᱟᱛᱮ ᱱᱚᱶᱟ ᱫᱚ ᱥᱟᱸᱫᱮᱥ, ᱦᱚᱲ ᱾"
963,"अपनी सैलरी पर तो मैं आईफ़ोन भी नहीं ले सकता, फेरारी तो दूर की बात है।",ᱤᱧᱟᱜ ᱢᱟᱹᱱᱦᱟᱹ ᱠᱟᱹᱣᱰᱤᱛᱮ ᱢᱤᱫᱴᱟᱝ ᱟᱭᱯᱷᱳᱱ ᱜᱤ ᱵᱟᱝ ᱦᱩᱭᱩᱜᱼᱟ ; ᱦᱟᱹᱲᱤᱧ ᱠᱟᱜ ᱢᱮ ᱯᱷᱮᱨᱟᱨᱤ ᱾,"ᱤᱧᱟᱹᱜ ᱵᱮᱶᱦᱟᱨ ᱛᱮ ᱤᱧ ᱟᱭᱯᱷᱚᱱ ᱦᱚᱸ ᱵᱟᱝ ᱦᱟᱛᱟᱣ ᱫᱟᱲᱮᱭᱟᱜᱼᱟ, ᱯᱷᱮᱨᱟᱨᱤ ᱫᱚ ᱟᱹᱰᱤ ᱥᱩᱨ ᱨᱮ ᱢᱮᱱᱟᱜᱼᱟ ᱾"
964,"तो, तुम्हें कैसी लगी?","ᱟᱫᱚ, ᱟᱢ ᱫᱚ ᱚᱱᱟ ᱪᱮᱫ ᱞᱮᱠᱟᱛᱮᱢ ᱠᱩᱥᱤᱭᱟᱜ ᱠᱟᱱᱟ ?","ᱚᱱᱟᱛᱮ, ᱟᱢ ᱪᱮᱫ ᱞᱮᱠᱟ ᱢᱚᱱᱮ ᱦᱩᱭᱩᱜ ᱠᱟᱱᱟ?"
965,यह राहुल वाली से बेहतर है ना?,ᱩᱱᱤ ᱫᱚ ᱪᱮᱫ ᱨᱟᱦᱩᱞ ᱠᱷᱚᱱ ᱵᱟᱭ ᱵᱷᱟᱜᱮ ᱜᱤᱭᱟ ?,ᱱᱚᱶᱟ ᱫᱚ ᱨᱟᱡᱩᱞ ᱳᱣᱟᱞᱤ ᱠᱷᱚᱱ ᱟᱨᱦᱚᱸ ᱱᱟᱯᱟᱭ ᱠᱟᱱᱟ ᱥᱮ ᱵᱟᱝ?
966,बिल्कुल!,ᱱᱤᱦᱟᱹᱛ ᱜᱮ !,ᱜᱚᱴᱟ ᱜᱮ ᱾
967,ये फेरारी है।,ᱱᱤᱭᱟᱹ ᱫᱚ ᱯᱷᱮᱨᱟᱨᱤ ᱾,ᱱᱚᱶᱟ ᱫᱚ ᱯᱷᱮᱨᱟᱨᱤ ᱾
968,तुम्हें कार के पीछे 'डैड की गिफ़्ट' लिखवा लेना चाहिए।,ᱟᱢᱟᱜ ᱛᱟᱭᱚᱢᱨᱮ ᱚᱞ 'ᱵᱟᱵᱟᱣᱟᱜ ᱥᱟᱸᱫᱮᱥ' ᱧᱟᱢ ᱞᱟᱹᱜᱛᱤ ᱠᱟᱱᱟ ᱾,ᱟᱢ ᱫᱚ ᱜᱟᱹᱰᱤ ᱨᱮᱭᱟᱜ ᱛᱟᱭᱚᱢ ᱨᱮ 'ᱫᱟ ᱰᱮᱰ' ᱼ ᱨᱮᱱᱟᱜ ᱥᱟᱸᱫᱮᱥ 'ᱚᱞ ᱫᱚᱦᱚ ᱞᱟᱹᱠᱛᱤ ᱠᱟᱱᱟ ᱾
969,हाहा! यह गुड़गाँव नहीं है।,ᱦᱟ ᱦᱟ ! ᱱᱤᱭᱟᱹ ᱫᱚ ᱜᱩᱲᱜᱟᱸᱣ ᱫᱚ ᱵᱟᱝ ᱾,ᱦᱚᱦᱟ! ᱱᱚᱶᱟ ᱫᱚ ᱜᱩᱨᱜᱟᱣᱩᱱ ᱫᱚ ᱵᱟᱝ ᱠᱟᱱᱟ ᱾
970,मैं जब भी इसे बाहर ले जाऊँगा तो शर्म के मारे मर ही जाऊँगा।,ᱤᱧ ᱛᱤᱱᱨᱮ ᱩᱱᱤᱧ ᱚᱰᱚᱠ ᱤᱫᱤᱭᱮᱭᱟ ᱩᱱᱨᱮᱜᱮ ᱤᱧ ᱫᱚ ᱛᱷᱚᱛᱚᱢᱚᱛᱚ ᱠᱟᱛᱮᱧ ᱜᱚᱡᱚᱜᱼᱟ ᱾,"ᱡᱟᱦᱟᱸ ᱚᱠᱛᱮ ᱤᱧ ᱱᱚᱶᱟ ᱫᱚ ᱦᱟᱛᱟᱣᱼᱟ, ᱩᱱ ᱚᱠᱛᱚ ᱤᱧ ᱫᱚ ᱞᱟᱹᱞᱤᱥ ᱛᱮ ᱜᱚᱡᱚᱜᱼᱟ ᱾"
971,लोग इन चीज़ों को लेकर इतने कॉन्फ़िडेंट कैसे होते हैं?,ᱱᱚᱣᱟᱠᱩ ᱫᱩᱨᱤᱵᱽᱨᱮ ᱢᱟᱹᱱᱢᱤ ᱪᱮᱠᱟᱛᱮ ᱱᱩᱱᱟᱹᱜ ᱫᱤᱞᱜᱟᱹᱨᱤᱭᱟᱭ ᱦᱩᱭ ᱫᱟᱲᱮᱭᱟᱜᱼᱟ ?,ᱱᱚᱶᱟ ᱥᱟᱛᱟᱢ ᱠᱚ ᱤᱫᱤ ᱠᱟᱛᱮ ᱦᱚᱲ ᱠᱚ ᱪᱮᱫ ᱞᱮᱠᱟᱛᱮ ᱟᱹᱰᱤ ᱜᱟᱱ ᱩᱭᱦᱟᱹᱨᱼᱵᱩᱫᱤᱥ ᱨᱮ ᱛᱟᱦᱮᱸᱱᱟ?
972,क्योंकि उनके डैड अमीर होते हैं।,ᱪᱮᱫᱟᱜ ᱥᱮ ᱩᱝᱠᱩᱨᱮᱱ ᱠᱤᱥᱟᱹᱲ ᱵᱟᱵᱟ ᱢᱮᱱᱟᱜ ᱠᱩᱣᱟ ᱾,ᱪᱮᱫᱟᱜ ᱥᱮ ᱩᱱᱠᱩ ᱨᱮᱱ ᱵᱟᱵᱟ ᱠᱚ ᱠᱟᱹᱣᱰᱤ ᱟᱱ ᱾
973,हाहा! इससे उन्हें ज़्यादा बढ़ावा मिलता है।,ᱦᱟ ᱦᱟ ! ᱱᱤᱭᱟᱹ ᱫᱚ ᱩᱝᱠᱩ ᱵᱟᱹᱬᱛᱤ ᱩᱫᱜᱟᱹᱣᱮ ᱮᱢᱟᱢᱟ ᱾,ᱦᱚᱦᱟ! ᱱᱚᱶᱟ ᱫᱚ ᱩᱱᱠᱩ ᱟᱨᱦᱚᱸ ᱵᱟᱹᱲᱛᱤ ᱠᱚ ᱮᱢᱼᱟ ᱾
974,"हाँ, शायद।","ᱦᱮᱸ, ᱤᱧ ᱟᱭᱩᱢᱟᱹᱱᱮᱫᱟ ᱾","ᱦᱚᱭ, ᱦᱩᱭᱫᱟᱲᱮᱭᱟᱜᱼᱟ ᱾"
975,कुछ खाने के लिए रुकें क्या?,"ᱢᱤᱫ ᱜᱷᱟᱹᱲᱤᱵᱚᱱ ᱛᱷᱤᱨ ᱞᱮᱜᱮ, ᱟᱞᱮ ᱦᱚᱸ ?",ᱠᱤᱪᱷᱩ ᱡᱚᱢᱟᱜ ᱞᱟᱹᱜᱤᱫ ᱪᱮᱫ ᱵᱚᱱᱚᱫᱚᱞ ᱢᱮ?
976,हाँ बिल्कुल!,ᱱᱤᱦᱟᱹᱛ ᱜᱮ !,"ᱦᱩᱭᱩᱜ ᱠᱟᱱᱟ, ᱜᱚᱴᱟ ᱜᱮ ᱾"
977,"देखो तो, लोग कैसे घूर रहे हैं।",ᱞᱟᱸᱜᱟᱣᱟᱠᱟᱱ ᱦᱚᱲᱠᱩ ᱥᱮᱡᱽ ᱠᱚᱭᱚᱜ ᱢᱮ ᱾,"ᱧᱮᱞ ᱢᱮ, ᱦᱚᱲ ᱠᱚ ᱪᱮᱫ ᱞᱮᱠᱟ ᱧᱮᱞ ᱟᱠᱟᱱᱟ ᱾"
978,एकदम कूल!,ᱟᱹᱰᱤ ᱢᱟᱹᱦᱤᱨ !,ᱟᱹᱰᱤ ᱱᱟᱯᱟᱭ ᱾
979,"हैलो राहुल, मैंने हाल ही में द कश्मीर फ़ाइल्स देखी।","ᱟᱨᱮ ᱨᱟᱦᱩᱞ, ᱱᱮᱦᱟᱹᱞᱤ ᱜᱮ ᱠᱟᱥᱢᱤᱨ ᱯᱷᱟᱭᱤᱞ ᱤᱧ ᱧᱮᱞ ᱟᱠᱟᱫᱟ ᱾","ᱦᱮᱞᱟᱭ ᱨᱟᱦᱳᱞ, ᱤᱧ ᱱᱟᱦᱟᱜ ᱜᱮ ᱫᱟ ᱠᱟᱥᱢᱤᱨ ᱯᱷᱟᱭᱤᱞᱥ ᱧᱮᱞ ᱟᱠᱟᱫᱟ ᱾"
980,सभी कलाकारों ने क्या बढ़िया परफ़ॉर्मेंस दी है!,ᱥᱟᱱᱟᱢ ᱵᱷᱮᱜᱟᱨ ᱠᱟᱥᱴ ᱨᱟᱹᱥᱤᱭᱟᱹ ᱦᱚᱛᱮᱛᱮ ᱟᱹᱰᱤ ᱦᱟᱦᱟᱲᱟ ᱪᱮᱫ ᱯᱟᱨᱯᱷᱚᱨᱢᱮᱱᱥ !,ᱥᱟᱱᱟᱢ ᱠᱟᱹᱨᱤᱜᱚᱞ ᱠᱚ ᱪᱮᱫ ᱟᱹᱰᱤ ᱱᱟᱯᱟᱭ ᱠᱟᱹᱢᱤ ᱠᱚ ᱮᱢ ᱟᱠᱟᱫᱟ ᱾
981,मैं तो ख़ास तौर पर भाषा सुंबली की परफ़ॉर्मेंस देखती रह गई!,ᱵᱷᱟᱥᱟ ᱥᱩᱢᱵᱚᱞᱤ ᱟᱜ ᱯᱟᱴ ᱧᱮᱞᱛᱮ ᱤᱧ ᱵᱷᱟᱜᱮ ᱞᱮᱠᱟᱧ ᱢᱚᱜᱚᱱ ᱞᱮᱱᱟ ᱾,ᱤᱧ ᱟᱹᱰᱤ ᱜᱟᱱ ᱯᱟᱹᱨᱥᱤ ᱨᱮᱭᱟᱜ ᱥᱚᱢᱵᱚᱞᱤ ᱨᱮᱭᱟᱜ ᱯᱟᱴᱷ ᱮ ᱧᱮᱞ ᱞᱮᱫᱟᱠᱚ ᱾
982,हाँ; उसका कैरेक्टर निभाना बहुत मुश्किल था।,ᱦᱮᱸ; ᱩᱱᱤ ᱪᱩᱨᱤᱛᱨᱮ ᱥᱟᱡᱟᱣ ᱥᱟᱯᱲᱟᱣ ᱮ ᱫᱚ ᱟᱹᱰᱤ ᱪᱮᱹᱞᱮᱧᱡᱽ ᱨᱮᱭᱟᱜ ᱛᱟᱦᱮᱸ ᱠᱟᱱᱟ ᱾,"ᱦᱩᱭᱩᱜ ᱠᱟᱱᱟ, ᱩᱱᱤᱭᱟᱜ ᱪᱩᱨᱤᱛ ᱨᱮ ᱯᱟᱴᱷ ᱠᱚᱨᱟᱣ ᱟᱹᱰᱤ ᱟᱱᱟᱴ ᱛᱟᱦᱮᱸ ᱠᱟᱱᱟ ᱾"
983,सुंबली ने शारदा पंडित के कैरेक्टर से पूरी जस्टिस की है।,ᱥᱩᱢᱵᱚᱞᱤ ᱫᱚ ᱥᱟᱨᱚᱫᱟ ᱯᱚᱱᱰᱤᱛ ᱪᱩᱨᱤᱛ ᱨᱮᱭᱟᱜ ᱯᱩᱨᱟᱹ ᱯᱩᱨᱤ ᱥᱟᱹᱨᱤ ᱵᱤᱪᱟᱹᱨ ᱞᱮᱫᱟ ᱾,ᱥᱚᱢᱵᱚᱞᱤ ᱥᱚᱨᱫᱟ ᱯᱟᱱᱰᱤᱛ ᱟᱜ ᱪᱩᱨᱤᱛ ᱠᱷᱚᱱ ᱥᱟᱱᱟᱢ ᱡᱮᱥᱴᱤᱥ ᱮ ᱦᱟᱛᱟᱣ ᱟᱠᱟᱫᱟ ᱾
984,तुम्हें पता है कि सुंबली कश्मीरी खुद भी पंडित कम्यूनिटी से है?,ᱟᱢ ᱪᱮᱫ ᱵᱟᱰᱟᱭᱢ ᱡᱮ ᱥᱩᱢᱵᱚᱞᱤ ᱫᱚ ᱟᱡᱜᱮ ᱠᱟᱥᱢᱤᱨᱤ ᱯᱚᱱᱰᱤᱛ ᱜᱟᱛᱟᱠ ᱨᱮᱱ ᱠᱟᱱᱟᱭ ?,"ᱟᱢ ᱵᱟᱰᱟᱭ ᱟᱠᱟᱱᱟ ᱡᱮ, ᱥᱚᱢᱵᱚᱞᱤ ᱠᱟᱥᱢᱤᱨᱤ ᱟᱡ ᱜᱮ ᱯᱟᱱᱰᱤᱛ ᱜᱟᱫᱮᱞ ᱨᱮᱱ ᱾"
985,"हाँ, मुझे हाल ही में इस बारे में पता चला था।","ᱦᱮᱸ, ᱱᱮᱦᱟᱹᱞᱤ ᱜᱮ ᱱᱚᱶᱟ ᱫᱚᱧ ᱵᱟᱰᱟᱭ ᱟᱠᱟᱫᱟ ᱾","ᱦᱩᱭᱩᱜ ᱠᱟᱱᱟ, ᱤᱧ ᱱᱟᱦᱟᱜ ᱜᱮ ᱱᱚᱣᱟ ᱵᱟᱨᱮᱛᱮ ᱵᱟᱰᱟᱭ ᱧᱟᱢ ᱟᱠᱟᱫᱟ ᱾"
986,मैं तो खास कर इस बात से हैरान हूँ कि उसने अपने डेब्यू में कितना अच्छा काम किया है!,ᱤᱧ ᱵᱤᱥᱮᱥ ᱠᱟᱭᱛᱧ ᱦᱟᱦᱟᱲᱟ ᱟᱠᱟᱱᱟ ᱡᱮ ᱟᱡᱟᱜ ᱵᱟᱦᱟᱨᱮ ᱛᱤᱱᱟᱹᱜ ᱮ ᱵᱷᱟᱜᱮ ᱟᱠᱟᱫᱟ !,"ᱤᱧ ᱟᱹᱰᱤ ᱱᱟᱯᱟᱭ ᱢᱚᱱᱮ ᱦᱩᱭᱩᱜ ᱠᱟᱱᱟ ᱡᱮ, ᱩᱱᱤ ᱫᱚ ᱟᱭᱟᱜ ᱮᱛᱚᱦᱚᱵ ᱨᱮ ᱪᱮᱫ ᱞᱮᱠᱟ ᱱᱟᱯᱟᱭ ᱠᱟᱹᱢᱤ ᱞᱮᱫᱟᱭ ᱾"
987,"अरे नहीं, कश्मीर फ़ाइल्स सुंबली की डेब्यू नहीं है!","ᱳᱦ ᱵᱟᱝ, ᱫᱟ ᱠᱟᱥᱢᱤᱨ ᱯᱷᱟᱭᱤᱞ ᱥᱩᱢᱵᱚᱞᱤ ᱟᱜ ᱵᱟᱦᱟᱞ ᱫᱚ ᱵᱟᱝ ᱠᱟᱱᱟ !","ᱳᱦ ᱵᱟᱝ, ᱠᱟᱥᱢᱤᱨ ᱯᱷᱟᱭᱤᱞᱥ ᱫᱚ ᱥᱚᱢᱵᱚᱞᱤᱭᱟᱜ ᱮᱛᱚᱦᱚᱵ ᱫᱚ ᱵᱟᱝ ᱠᱟᱱᱟ ᱾"
988,वो इससे पहले 2020 में आई फ़िल्म छपाक में छोटा-सा रोल कर चुकी है।,ᱩᱱᱤ ᱫᱚ ᱱᱚᱶᱟ ᱞᱟᱦᱟᱨᱮ ᱒᱐᱒᱐ ᱥᱟᱞ ᱨᱮᱭᱟᱜ ᱪᱷᱚᱯᱟᱠ ᱪᱚᱞᱚᱛᱪᱤᱛᱟᱹᱨ ᱨᱮ ᱢᱤᱫᱴᱟᱝ ᱦᱩᱰᱤᱧ ᱪᱩᱨᱤᱛ ᱨᱮᱭ ᱯᱟᱴ ᱞᱮᱫᱟ ᱾,ᱩᱱᱤ ᱫᱚ ᱢᱟᱲᱟᱝ ᱥᱟᱹᱦᱤᱛ ᱨᱮᱭᱟᱜ ᱪᱚᱞᱚᱛ ᱪᱤᱛᱟᱹᱨ 'ᱪᱚᱯᱚᱠ' ᱨᱮ ᱢᱤᱫᱴᱮᱱ ᱦᱩᱰᱤᱧ ᱪᱩᱨᱤᱛ ᱨᱮᱭ ᱯᱟᱴᱷ ᱞᱮᱫᱟ ᱾
989,"ऐसा क्या, क्या था उसका रोल?","ᱚᱱᱟ ᱜᱮ, ᱩᱱᱤᱭᱟᱜ ᱪᱩᱨᱤᱛ ᱪᱮᱫ ᱛᱟᱦᱮᱸ ᱠᱟᱱᱟ ?","ᱱᱚᱶᱟ ᱫᱚ ᱪᱮᱫ, ᱩᱱᱤᱭᱟᱜ ᱪᱩᱨᱤᱛ ᱫᱚ ᱪᱮᱫ ᱛᱟᱦᱮᱸ ᱠᱟᱱᱟ?"
990,"वो बशीर खान की बहन बनी थी, वह आदमी जो मालती के चेहरे पर एसिड फेंकता है।","ᱩᱱᱤ ᱫᱚ ᱵᱚᱥᱤᱨ ᱠᱷᱟᱱ ᱨᱮᱱ ᱵᱚᱦᱤᱱ ᱟᱜ ᱪᱩᱨᱤᱛ ᱨᱮᱭ ᱛᱟᱦᱮᱸ ᱠᱟᱱᱟ, ᱡᱟᱦᱟᱸᱭ ᱫᱚ ᱢᱟᱞᱚᱛᱤ ᱟᱜ ᱢᱮᱸᱫᱟᱦᱟ ᱨᱮ ᱮᱥᱤᱰ ᱮ ᱟᱨᱮᱡ ᱟᱫᱮ ᱛᱟᱦᱮᱸ ᱾","ᱩᱱᱤ ᱫᱚ ᱵᱟᱥᱤᱨ ᱠᱷᱟᱱ ᱨᱮᱱ ᱵᱚᱭᱦᱟ ᱮ ᱵᱮᱱᱟᱣ ᱞᱮᱱᱟ, ᱩᱱᱤ ᱦᱚᱲ ᱡᱟᱦᱟᱸᱭ ᱢᱟᱞᱛᱤᱭᱟᱜ ᱢᱳᱭᱟᱫ ᱨᱮ ᱮᱥᱤᱰ ᱮ ᱰᱟᱣᱩᱱᱞ ᱞᱮᱫᱟ ᱾"
991,"अच्छा, मुझे लगता था कि यही उसका पहला रोल है।","ᱤᱧ ᱧᱮᱞ ᱮᱫᱟ, ᱢᱚᱱᱮ ᱞᱮᱫᱟᱹᱧ ᱡᱮ ᱱᱚᱶᱟ ᱜᱮ ᱩᱱᱤᱭᱟᱜ ᱯᱳᱭᱞᱳ ᱪᱩᱨᱤᱛ ᱾",ᱤᱧ ᱢᱚᱱᱮ ᱦᱩᱭᱩᱜ ᱠᱟᱱᱟ ᱱᱚᱶᱟ ᱫᱚ ᱩᱱᱤᱭᱟᱜ ᱯᱳᱭᱞᱳ ᱪᱩᱨᱤᱛ ᱾
992,मैंने पढ़ा था कि क्लाइमैक्स की शूटिंग के दौरान सुंबली भी रो पड़ी थी।,ᱯᱟᱲᱦᱟᱣ ᱞᱮᱫᱟᱹᱧ ᱠᱞᱟᱭᱢᱮᱠᱥ ᱨᱮᱭᱟᱜ ᱥᱩᱴᱤᱝ ᱚᱠᱛᱮ ᱥᱩᱢᱵᱚᱞᱤ ᱦᱚᱸᱭ ᱠᱟᱹᱦᱤᱞ ᱞᱮᱱᱟ ᱾,"ᱤᱧ ᱚᱞ ᱟᱠᱟᱫᱟ ᱡᱮ, ᱠᱞᱟᱭᱢᱮᱠᱥ ᱨᱮᱭᱟᱜ ᱥᱩᱴᱤᱭᱩᱴ ᱚᱠᱛᱚ ᱥᱚᱢᱵᱚᱞᱤ ᱦᱚᱸ ᱠᱟᱹᱪ ᱞᱮᱱᱟ ᱾"
993,"हाँ, वह सीन बहुत खौफनाक है और यह असल घटनाओं पर होने के कारण इसे देखना और भी मुश्किल हो जाता है, एक्टिंग तो दूर की बात है।","ᱦᱮᱸ ᱪᱤᱛᱟᱹᱨ ᱫᱚ ᱟᱹᱰᱤ ᱵᱮᱼᱵᱟᱹᱲᱤᱡ ᱟᱨ ᱥᱟᱹᱨᱤᱭᱟᱜ ᱜᱷᱚᱴᱚᱱ ᱠᱚ ᱪᱮᱛᱟᱱᱨᱮ ᱴᱮᱸᱦᱟᱴ ᱠᱟᱛᱮ ᱧᱮᱞ ᱞᱟᱹᱜᱤᱫ ᱱᱚᱶᱟ ᱫᱚ ᱟᱨᱦᱚᱸ ᱟᱱᱟᱴᱚᱜᱼᱟ, ᱥᱟᱹᱨᱤᱭ ᱦᱩᱭᱩᱜᱼᱟ ᱾","ᱦᱩᱭᱩᱜ ᱠᱟᱱᱟ, ᱚᱱᱟ ᱪᱤᱛᱟᱹᱨ ᱫᱚ ᱟᱹᱰᱤ ᱦᱤᱫᱤᱡᱟᱱ ᱟᱨ ᱱᱚᱶᱟ ᱫᱚ ᱱᱟᱦᱟᱜ ᱜᱷᱚᱴᱱᱟ ᱪᱮᱛᱟᱱ ᱨᱮ ᱢᱮᱱᱟᱜ ᱚᱡᱮᱛᱮ ᱱᱚᱶᱟ ᱧᱮᱞ ᱫᱚ ᱟᱨᱦᱚᱸ ᱟᱱᱟᱴ ᱦᱳᱭᱳᱜᱼᱟ, ᱯᱟᱴᱷ ᱫᱚ ᱟᱹᱰᱤ ᱥᱩᱨ ᱨᱮ ᱢᱮᱱᱟᱜᱼᱟ ᱾"
994,तुम्हें मालूम है कि अनुपम खेर भी कश्मीरी पंडित हैं?,ᱟᱢ ᱪᱮᱫ ᱵᱟᱰᱟᱭ ᱟᱢ ᱡᱮ ᱚᱱᱩᱯᱚᱢ ᱠᱷᱮᱨ ᱦᱚᱸ ᱠᱟᱥᱢᱤᱨᱤ ᱯᱚᱱᱰᱤᱛ ᱵᱚᱝᱥᱚ ᱨᱮᱱ ᱠᱟᱱᱟᱭ ?,ᱟᱢ ᱪᱮᱫ ᱵᱟᱰᱟᱭ ᱟᱠᱟᱱᱟ ᱡᱮ ᱚᱱᱩᱯᱚᱢ ᱠᱷᱮᱨ ᱦᱚᱸ ᱢᱤᱫ ᱠᱟᱥᱢᱤᱨᱤ ᱯᱟᱱᱰᱤᱛ ᱠᱟᱱᱟ?
995,"हाँ, अपनी माँ की तरफ़ से।",ᱦᱮᱸ ᱟᱡ ᱟᱭᱳ ᱪᱮᱫ ᱠᱷᱚᱱ ᱾,"ᱦᱩᱭᱩᱜ ᱠᱟᱱᱟ, ᱟᱭᱳ ᱴᱷᱮᱱ ᱠᱷᱚᱱ ᱾"
996,और उनके कैरेक्टर पुष्कर नाथ पंडित का नाम उनके पिता के नाम पर रखा गया है।,"ᱟᱨ ᱩᱱᱤᱭᱟᱜ ᱪᱩᱨᱤᱛ, ᱯᱩᱥᱠᱚᱨ ᱱᱟᱛᱷ ᱯᱚᱱᱰᱤᱛ, ᱟᱡ ᱵᱟᱵᱟ ᱟᱜ ᱧᱩᱛᱩᱢᱛᱮ ᱪᱷᱟᱹᱴᱤᱭᱟᱹᱨ ᱟᱠᱟᱱᱟ ᱾",ᱟᱨ ᱩᱱᱤᱭᱟᱜ ᱪᱩᱨᱤᱛ ᱯᱩᱞᱠᱚᱨ ᱱᱟᱛᱷ ᱯᱟᱱᱰᱤᱛ ᱫᱚ ᱟᱡ ᱵᱟᱵᱟ ᱧᱩᱛᱩᱢ ᱛᱮ ᱧᱩᱛᱩᱢ ᱦᱩᱭ ᱟᱠᱟᱱᱟ ᱾
997,"वो एकदम नेचुरल एक्टर हैं, उनकी एक्टिंग कितनी सहज लगती है!","ᱩᱱᱤ ᱫᱚ ᱱᱚᱝᱠᱟᱱ ᱢᱤᱫ ᱥᱟᱹᱵᱤᱠ ᱯᱟᱴᱷᱚᱠᱤᱭᱟᱹ, ᱩᱱᱤ ᱟᱜ ᱯᱟᱴ ᱫᱚ ᱟᱹᱰᱤ ᱟᱞᱜᱟ !","ᱩᱱᱤ ᱫᱚ ᱟᱹᱰᱤ ᱥᱟᱫᱷᱟᱨᱚᱱ ᱯᱟᱴᱷᱚᱠ, ᱩᱱᱤᱭᱟᱜ ᱯᱟᱴᱷ ᱪᱮᱫ ᱞᱮᱠᱟ ᱱᱟᱯᱟᱭ ᱢᱚᱱᱮ ᱦᱩᱭᱩᱜ ᱠᱟᱱᱟ ᱾"
998,"हाँ, तुम्हें उनकी धोखा, अ वेड्नेसडे और कर्मा भी देखनी चाहिए।","ᱦᱮᱸ, ᱟᱢ ᱫᱚ ᱫᱷᱳᱠᱟ, ᱢᱤᱫᱴᱟᱝ ᱥᱟᱹᱜᱩᱱ ᱢᱟᱦᱟ ᱟᱨ ᱠᱚᱨᱢᱚ ᱨᱮᱦᱚᱸ ᱧᱮᱞ ᱞᱟᱹᱠᱛᱤ ᱠᱟᱱᱟ ᱾","ᱦᱩᱭᱩᱜ ᱠᱟᱱᱟ, ᱟᱢ ᱫᱚ ᱩᱱᱠᱩᱭᱟᱜ ᱞᱟᱹᱞᱤᱥ, ᱢᱤᱫᱴᱟᱝ ᱳᱣᱟᱰᱱᱮᱥᱰᱮ ᱟᱨ ᱠᱟᱨᱢᱟ ᱦᱚᱸ ᱧᱮᱞ ᱦᱩᱭᱩᱜ ᱛᱟᱢᱟ ᱾"
999,अनुभवी कलाकारों ने एकदम सजीव परफ़ॉर्मेंस दी है!,ᱜᱟᱹᱠᱷᱩᱲ ᱮᱱᱥᱮᱢᱵᱚᱞ ᱠᱟᱥᱴ ᱡᱟᱦᱟᱸ ᱞᱮᱠᱟ ᱯᱟᱹᱛᱤᱭᱟᱹᱣ ᱟᱱᱟᱜ ᱯᱟᱨᱯᱷᱚᱨᱢᱮᱱᱥ ᱥᱟᱨᱵᱷᱟᱨ ᱟᱭ !,ᱢᱟᱨᱮᱱ ᱠᱟᱹᱨᱤᱜᱚᱞ ᱠᱚ ᱟᱹᱰᱤ ᱡᱩᱭᱟᱹᱱ ᱟᱱᱟᱜ ᱯᱟᱴᱷ ᱠᱚ ᱮᱢ ᱟᱠᱟᱫᱟ ᱾
1000,पुनीत इस्सर को डी.जी.पी. हरि नारायण के रोल में देखकर अच्छा लगा।,ᱯᱩᱱᱤᱛ ᱤᱥᱟᱨ ᱫᱚ ᱰᱤ ᱡᱤ ᱯᱤ ᱦᱚᱨᱤ ᱱᱟᱨᱟᱭᱚᱱ ᱟᱜ ᱪᱩᱨᱤᱛᱨᱮ ᱧᱮᱞᱛᱮ ᱟᱹᱰᱤ ᱵᱷᱟᱜᱮᱭ ᱟᱴᱠᱟᱨ ᱞᱮᱫᱟ ᱾,ᱯᱩᱱᱤᱛ ᱟᱭᱥᱟᱨ ᱫᱚ <ᱟᱭ ᱰᱤ 1>. ହରି ᱱᱟᱨᱟᱭᱚᱱ ᱟᱜ ᱪᱩᱨᱤᱛ ᱨᱮ ᱧᱮᱞ ᱫᱚ ᱱᱟᱯᱟᱭ ᱛᱟᱦᱮᱸ ᱠᱟᱱᱟ ᱾
1001,उसी ने बी.आर. चोपड़ा की महाभारत में दुर्योधन की भूमिका निभाई थी न?,ᱩᱱᱤ ᱪᱮᱫ ᱵᱤ ᱟᱨ ᱢᱚᱦᱟᱵᱷᱟᱨᱚᱛ ᱨᱮ ᱫᱩᱨᱡᱳᱫᱷᱚᱱ ᱟᱜ ᱪᱩᱨᱤᱛ ᱨᱮᱫᱚ ᱵᱟᱭ ᱯᱟᱴ ᱟᱠᱟᱫᱟ ?,ᱩᱱᱤ ᱫᱚ ᱪᱳᱯᱲᱟ ᱟᱜ ᱢᱚᱦᱟᱵᱷᱟᱨᱚᱛ ᱪᱤᱛᱟᱹᱨ ᱨᱮ ᱫᱩᱨᱡᱳᱫᱷᱚᱱ ᱟᱜ ᱪᱩᱨᱤᱛ ᱨᱮᱭ ᱯᱟᱴᱷ ᱞᱮᱫᱟ ᱾ ᱵᱟᱝ?
1002,"हाँ वही था, फिर मिथुन चक्रवर्ती भी आई.ए.एस. ऑफ़िसर ब्रह्म दत्त की भूमिका में थे।","ᱦᱮᱸ ᱩᱱᱤᱭ ᱠᱚᱨᱟᱣ ᱟᱠᱟᱫᱟ, ᱚᱱᱟ ᱛᱟᱭᱚᱢ ᱟᱭ ᱮ ᱮᱥ ᱚᱯᱷᱤᱥᱟᱨ ᱵᱨᱚᱢᱵᱷ ᱫᱚᱛᱛᱚ ᱟᱜ ᱪᱩᱨᱤᱛᱨᱮ ᱢᱤᱴᱷᱩᱱ ᱪᱚᱠᱨᱚᱵᱚᱨᱛᱤ ᱦᱚᱸᱭ ᱛᱟᱦᱮᱸ ᱠᱟᱱᱟ ᱾","ᱦᱩᱭᱩᱜ ᱠᱟᱱᱟ ᱚᱱᱟ ᱜᱮ, ᱚᱱᱟ ᱛᱟᱭᱚᱢ ᱢᱮᱛᱷᱩᱱ ᱪᱚᱠᱵᱚᱨᱛᱤ ᱦᱚᱸ <ᱟᱭ ᱰᱤ 1>. ᱚᱯᱷᱤᱥᱟᱨ ᱵᱨᱟᱢᱵᱷ ᱫᱟᱛᱛᱚ ᱟᱜ ᱪᱩᱨᱤᱛ ᱨᱮᱭ ᱯᱟᱴᱷ ᱞᱮᱫᱟ ᱾"
1003,यहाँ तक कि अमान इकबाल और दर्शन कुमार जैसे नए टैलेंट भी होनहार हैं।,ᱱᱚᱝᱠᱟ ᱪᱮᱫ ᱟᱢᱟᱱ ᱤᱠᱵᱟᱞ ᱟᱨ ᱫᱚᱨᱥᱚᱱ ᱠᱩᱢᱟᱨ ᱞᱮᱠᱟᱱ ᱞᱟᱥᱮᱨ ᱦᱟᱛᱟᱝ ᱠᱚ ᱦᱚᱸ ᱠᱤᱨᱭᱟᱹ ᱠᱚ ᱦᱟᱛᱟᱣ ᱮᱫᱟ ᱾,ᱮᱢᱚᱱ ᱪᱮᱫ ᱟᱢᱚᱱ ᱟᱭᱠᱵᱟᱞ ᱟᱨ ᱫᱨᱟᱥᱚᱱ ᱠᱩᱢᱟᱨ ᱞᱮᱠᱟᱱ ᱱᱟᱶᱟ ᱫᱟᱲᱮ ᱦᱚᱸ ᱱᱟᱯᱟᱭ ᱠᱟᱱᱟ ᱾
1004,अनुभवी एक्टर से मुझे लक्ष्मी दत्त के रोल में मृणाल कुलकर्णी की याद आ गई।,ᱯᱩᱨᱩᱫᱷᱩᱞ ᱯᱟᱴᱷᱚᱠᱤᱭᱟᱹ ᱠᱚ ᱫᱚ ᱤᱧ ᱞᱚᱠᱷᱤ ᱫᱚᱛᱛᱚ ᱟᱜ ᱪᱩᱨᱤᱛᱨᱮ ᱢᱨᱤᱱᱟᱞ ᱠᱩᱞᱚᱠᱟᱨᱱᱤ ᱟᱜ ᱠᱟᱛᱷᱟ ᱠᱚ ᱫᱤᱥᱟᱹ ᱟᱫᱤᱧ ᱛᱟᱦᱮᱸ ᱾,"ᱢᱟᱨᱮᱱ ᱯᱟᱴᱷᱚᱠᱤᱭᱟᱹ ᱠᱷᱚᱱ, ᱤᱧ ᱢᱨᱤᱱᱟᱞ ᱠᱚᱞᱠᱚᱨᱱᱤ ᱫᱚ ᱞᱚᱠᱠᱷᱤ ᱫᱚᱛᱛᱚ ᱟᱜ ᱪᱩᱨᱤᱛ ᱨᱮ ᱯᱟᱴᱷ ᱞᱟᱹᱜᱤᱫ ᱮ ᱩᱭᱦᱟᱹᱨ ᱞᱮᱫᱟ ᱾"
1005,मुझे वह सोन परी में बहुत अच्छी लगती थी।,ᱤᱧ ᱩᱱᱤᱧ ᱫᱩᱞᱟᱹᱲ ᱮᱫᱮ ᱠᱟᱱ ᱛᱟᱦᱮᱸ ᱥᱳᱱᱟ ᱯᱚᱨᱤ ᱾,ᱤᱧ ᱚᱱᱟ ᱥᱳᱱ ᱯᱮᱨᱤ ᱫᱚ ᱟᱹᱰᱤ ᱱᱟᱯᱟᱭ ᱮ ᱧᱮᱞ ᱞᱮᱫᱟ ᱾
1006,पल्लवी जोशी की परफ़ॉर्मेंस भी वाकई बेहतरीन है।,ᱯᱚᱞᱞᱚᱵᱤ ᱡᱳᱥᱤ ᱟᱜ ᱯᱟᱴ ᱦᱚᱸ ᱥᱟᱹᱨᱤ ᱜᱮ ᱟᱹᱰᱤ ᱱᱟᱯᱟᱭ ᱾,ᱯᱚᱞᱞᱚᱵᱤ ᱡᱳᱥᱤᱭᱟᱜ ᱯᱟᱴᱷ ᱦᱚᱸ ᱟᱹᱰᱤ ᱱᱟᱯᱟᱭ ᱠᱟᱱᱟ ᱾
1007,"जिसने भी फ़िल्म देखी, उसे प्रोफ़ेसर राधिका मेनन से नफ़रत हो गई, सिर्फ उनकी बेहतरीन एक्टिंग की वजह से।","ᱡᱟᱦᱟᱸᱭ ᱠᱚ ᱪᱤᱛᱟᱹᱨ ᱠᱚ ᱧᱮᱞ ᱟᱠᱟᱫᱟ ᱥᱟᱱᱟᱢ ᱠᱚᱜᱮ ᱥᱟᱪᱮᱫ ᱨᱟᱫᱷᱤᱠᱟ ᱢᱮᱱᱚᱱ ᱠᱚ ᱦᱤᱨᱠᱷᱟᱹ ᱟᱭᱟ, ᱩᱱᱤᱭᱟᱜ ᱱᱟᱯᱟᱭ ᱯᱟᱴ ᱠᱷᱟᱹᱛᱤᱨ ᱾","ᱡᱟᱦᱟᱸᱭ ᱪᱚᱞᱚᱛ ᱪᱤᱛᱟᱹᱨ ᱮ ᱧᱮᱞ ᱞᱮᱫᱟ, ᱩᱱᱤ ᱫᱚ ᱯᱚᱨᱯᱷᱟᱥᱟᱨ ᱨᱩᱫᱤᱠᱟ ᱢᱮᱱᱚᱱ ᱫᱚ ᱟᱹᱰᱤ ᱱᱟᱯᱟᱭ ᱯᱟᱴᱷ ᱞᱟᱹᱜᱤᱫ ᱮ ᱦᱤᱫᱤᱡ ᱞᱮᱱᱟ ᱾"
1008,सच में! नेगेटिव रोल करना आसान नहीं है लेकिन जोशी ने कर दिखाया!,ᱥᱟᱹᱨᱤ ᱜᱮ ! ᱱᱮᱛᱤᱵᱟᱪᱚᱠ ᱪᱩᱨᱤᱛᱨᱮ ᱯᱟᱴ ᱫᱚ ᱵᱟᱝ ᱟᱞᱜᱟᱼᱟ ᱢᱮᱱᱠᱷᱟᱱ ᱡᱳᱥᱤ ᱪᱮᱫ ᱰᱮᱞᱤᱵᱷᱟᱨᱤ ᱟᱭ !,"ᱜᱚᱴᱟ ᱜᱮ! ᱱᱮᱴᱮᱵᱤᱠ ᱨᱳᱞ ᱠᱚᱨᱟᱣ ᱫᱚ ᱟᱞᱜᱟ ᱫᱚ ᱵᱟᱝ ᱠᱟᱱᱟ, ᱢᱮᱱᱠᱷᱟᱱ ᱡᱳᱥᱤ ᱚᱱᱟ ᱮ ᱠᱚᱨᱟᱣ ᱟᱠᱟᱫᱟ ᱾"
1009,वो पर्दे पर बहुत कम देर के लिए थी तब भी उनके किरदार ने ज़ोरदार असर डाला।,ᱩᱱᱤᱭᱟᱜ ᱥᱨᱠᱤᱱ ᱚᱠᱛᱚ ᱟᱹᱰᱤ ᱠᱚᱢ ᱛᱟᱦᱮᱸ ᱠᱟᱱᱟ ᱮᱱᱨᱮᱦᱚᱸ ᱩᱱᱤᱭᱟᱜ ᱟᱸᱠ ᱢᱤᱫᱴᱟᱝ ᱟᱹᱰᱤ ᱜᱮᱭ ᱮᱥᱮᱨᱼᱟ ᱾,ᱩᱱᱤ ᱫᱚ ᱟᱹᱰᱤ ᱠᱚᱢ ᱚᱠᱛᱚ ᱞᱟᱹᱜᱤᱫ ᱯᱚᱨᱫᱟ ᱨᱮ ᱛᱟᱸᱦᱮ ᱠᱟᱱ ᱨᱮᱦᱚᱸ ᱩᱱᱤᱭᱟᱜ ᱪᱩᱨᱤᱛ ᱫᱚ ᱟᱹᱰᱤ ᱱᱟᱯᱟᱭ ᱮᱥᱮᱨ ᱞᱮᱫᱟᱭ ᱾
1010,हर एक एक्टर ने अपने रोल को बखूबी निभाया!,ᱥᱟᱱᱟᱢ ᱢᱤᱫ ᱯᱟᱴᱷᱚᱠᱤᱭᱟᱹ ᱮᱠᱟᱞᱛᱮ ᱟᱠᱚᱣᱟᱜ ᱦᱤᱸᱥ ᱠᱚ ᱮᱠᱥᱤᱰᱼᱟ ᱾,ᱥᱟᱱᱟᱢ ᱯᱟᱴᱷᱚᱠᱤᱭᱟᱹ ᱜᱮ ᱟᱡᱟᱜ ᱪᱩᱨᱤᱛ ᱨᱮ ᱟᱹᱰᱤ ᱱᱟᱯᱟᱭ ᱮ ᱯᱟᱴᱷ ᱞᱮᱫᱟ ᱾
1011,"गुड डे, जेंटलमैन और आर्टिस्ट गैलेरिया में स्वागत है!","ᱥᱟᱹᱜᱩᱱ ᱢᱟᱦᱟᱸ, ᱢᱟᱹᱱᱟᱱ ᱜᱚᱝᱠᱮ, ᱟᱨ ᱟᱨᱴᱤᱥᱴ ᱜᱮᱞᱟᱨᱤᱨᱮ ᱟᱢ ᱥᱟᱹᱜᱩᱱ ᱫᱟᱨᱟᱢ !","ᱜᱩᱰ ᱰᱮ, ᱡᱮᱱᱴᱮᱞᱢᱮᱱ ᱟᱨ ᱠᱟᱹᱨᱤᱜᱚᱞ ᱜᱮᱞᱟᱨᱤᱭᱟ ᱨᱮ ᱥᱟᱨᱦᱟᱶ ᱾"
1012,"धन्यवाद, आपसे मिलकर अच्छा लगा!","ᱟᱭᱢᱟ ᱥᱟᱨᱦᱟᱣ, ᱟᱢ ᱥᱟᱶ ᱧᱟᱯᱟᱢᱠᱟᱛᱮ ᱵᱷᱟᱜᱤᱧ ᱵᱩᱡᱽᱠᱮᱫᱟ !","ᱥᱟᱨᱦᱟᱶ, ᱟᱢ ᱥᱟᱶ ᱧᱮᱞ ᱧᱟᱢ ᱫᱚ ᱱᱟᱯᱟᱭ ᱠᱟᱱᱟ ᱾"
1013,क्या आपको कोई मदद चाहिए?,ᱟᱢ ᱠᱤ ᱡᱟᱦᱟᱸᱱ ᱜᱚᱲᱚᱢ ᱠᱷᱚᱡᱽᱠᱟᱱᱟ ?,ᱟᱢ ᱪᱮᱫ ᱡᱟᱦᱟᱱ ᱜᱚᱲᱚ ᱞᱟᱹᱠᱛᱤ ᱠᱟᱱᱟ?
1014,"जी, ज़रूर।","ᱦᱮᱸ, ᱠᱷᱚᱡᱽ ᱠᱟᱹᱱᱟᱹᱧ ᱾","ᱦᱩᱭᱩᱜ ᱠᱟᱱᱟ, ᱜᱚᱴᱟ ᱜᱮ ᱾"
1015,"सर, हम कह सकते हैं कि कला कई तरह की होती हैं।","ᱜᱚᱝᱠᱮ, ᱟᱞᱮᱞᱮ ᱢᱮᱱ ᱫᱟᱲᱮᱭᱟᱜᱼᱟ ᱡᱮ ᱱᱚᱸᱰᱮ ᱟᱭᱢᱟᱞᱮᱠᱟᱱ ᱟᱨᱴᱠᱩ ᱢᱮᱱᱟᱜᱼᱟ ᱾","ᱤᱧᱟᱹᱜ ᱠᱟᱛᱷᱟ ᱮᱢ ᱦᱩᱭᱩᱜ ᱠᱟᱱᱟ, ᱥᱟᱨ, ᱠᱟᱹᱨᱤ ᱟᱭᱢᱟ ᱞᱮᱠᱟᱱ ᱾"
1016,कौन कौन-से प्रकार हैं कला के?,ᱟᱨᱴ ᱨᱮᱭᱟᱜ ᱡᱩᱫᱟᱹ ᱡᱩᱫᱟᱹ ᱫᱷᱟᱨᱟᱠᱩ ᱫᱚ ᱪᱮᱫ ᱪᱮᱫ ?,ᱠᱟᱹᱨᱤ ᱨᱮᱭᱟᱜ ᱪᱮᱫ ᱞᱮᱠᱟᱱ ᱾
1017,कलाएँ सात तरह की होती हैं।,ᱱᱚᱸᱰᱮ ᱮᱭᱟᱭ ᱞᱮᱠᱟᱱ ᱟᱨᱴ ᱨᱮᱟᱭ ᱫᱷᱟᱨᱟᱠᱩ ᱢᱮᱱᱟᱜᱼᱟ ᱾,ᱠᱟᱹᱨᱤ ᱨᱮᱭᱟᱜ ᱮᱭᱟᱭ ᱜᱚᱴᱟᱝ ᱨᱩᱯ ᱢᱮᱱᱟᱜᱼᱟ ᱾
1018,"इनमें चित्रकला, मूर्तिकला, साहित्य, वास्तुकला, फ़िल्म, संगीत और थियेटर आते हैं।","ᱚᱱᱟᱠᱩ ᱢᱩᱫᱨᱮ ᱪᱤᱛᱟᱹᱨ, ᱫᱷᱤᱨᱤ ᱠᱷᱩᱫᱟᱹᱭᱠᱟᱹᱨᱤ, ᱥᱟᱸᱣᱦᱮᱫ, ᱠᱩᱸᱫᱟᱹᱣ ᱪᱤᱛᱟᱹᱨ, ᱯᱷᱤᱞᱚᱢ, ᱥᱮᱨᱮᱧᱼᱨᱟᱦᱟ ᱟᱨ ᱛᱷᱤᱭᱮᱴᱟᱨ ᱜᱤ ᱾","ᱪᱤᱛᱟᱹᱨ, ᱪᱤᱛᱟᱹᱨ, ᱥᱟᱶᱦᱮᱫ, ᱵᱮᱱᱟᱣ ᱠᱟᱹᱨᱤ, ᱪᱚᱞᱚᱛ ᱪᱤᱛᱟᱹᱨ, ᱥᱮᱹᱨᱮᱹᱧ ᱟᱨ ᱪᱚᱞᱚᱛ ᱪᱤᱛᱟᱹᱨ ᱱᱚᱶᱟ ᱠᱚ ᱢᱩᱫᱽᱨᱮ ᱢᱮᱱᱟᱜᱼᱟ ᱾"
1019,अरे वाह बढ़िया!,ᱳᱦ ! ᱟᱹᱰᱤ ᱦᱟᱦᱟᱲᱟᱜᱤ !,"ᱳᱣᱟ, ᱟᱹᱰᱤ ᱱᱟᱯᱟᱭ ᱾"
1020,"जैसे ही हम कला के बारे में सोचते हैं, तो पहली चीज़ जो ध्यान में आती है, वह है चित्रकला।","ᱛᱤᱱᱨᱮ ᱟᱨᱴ ᱨᱮᱭᱟᱜᱞᱮ ᱪᱤᱱᱛᱟᱹᱭᱟ, ᱯᱟᱹᱦᱤᱞ ᱡᱤᱱᱤᱥ ᱡᱟᱦᱟᱸ ᱫᱚ ᱢᱚᱱᱮᱨᱮ ᱦᱤᱡᱩᱜᱼᱟ ᱚᱱᱟ ᱫᱚ ᱪᱤᱛᱟᱹᱨ ᱾","ᱡᱟᱦᱟᱸ ᱚᱠᱛᱮ ᱟᱢ ᱠᱟᱹᱨᱤ ᱨᱮᱭᱟᱜ ᱠᱟᱛᱷᱟ ᱩᱭᱦᱟᱹᱨᱟ, ᱩᱱ ᱚᱠᱛᱚ ᱯᱳᱭᱞᱳ ᱡᱟᱦᱟᱸ ᱫᱚ ᱢᱚᱱᱮ ᱦᱩᱭᱩᱜ ᱠᱟᱱᱟ ᱚᱱᱟ ᱫᱚ ᱦᱩᱭᱩᱜ ᱠᱟᱱᱟ ᱪᱤᱛᱟᱹᱨ ᱵᱮᱱᱟᱣ ᱾"
1021,चित्रकला की सबसे बड़ी खूबियाँ क्या हैं?,ᱪᱤᱛᱟᱹᱨ ᱨᱮᱭᱟᱜ ᱡᱚᱛᱚᱠᱷᱚᱱ ᱥᱚᱨᱮᱥᱟᱜ ᱩᱨᱜᱟᱹᱱ ᱠᱚᱫᱚ ᱪᱮᱫ ᱪᱮᱫ ᱠᱩ ᱠᱟᱱᱟ ?,ᱪᱤᱛᱟᱹᱨ ᱵᱮᱱᱟᱣ ᱨᱮᱭᱟᱜ ᱢᱟᱨᱟᱝ ᱮᱱᱮᱢ ᱪᱮᱫ?
1022,चित्रकला मुख्य रूप से अपने कलात्मक विचारों को रंगों के माध्यम से व्यक्त करने का तरीका है।,ᱪᱤᱛᱟᱹᱨᱠᱚᱞᱟ ᱫᱚ ᱦᱩᱭᱩᱜ ᱠᱟᱱᱟ ᱟᱸᱠᱨᱮᱭᱟᱜ ᱮᱛᱚᱦᱚᱯ ᱦᱚᱛᱮᱛᱮ ᱟᱯᱱᱟᱨᱟᱜ ᱠᱟᱹᱨᱤᱜᱚᱞᱟᱱ ᱪᱤᱱᱛᱟᱹᱵᱷᱟᱵᱱᱟ ᱩᱫᱩᱜ ᱨᱮᱭᱟᱜ ᱢᱤᱫᱴᱟᱝ ᱠᱟᱹᱨᱤ ᱾,ᱪᱤᱛᱟᱹᱨ ᱵᱮᱱᱟᱣ ᱦᱩᱭᱩᱜ ᱠᱟᱱᱟ ᱢᱩᱲᱩᱫ ᱞᱮᱠᱟᱛᱮ ᱨᱟᱹᱲ ᱛᱟᱞᱟᱛᱮ ᱟᱢᱟᱜ ᱠᱟᱹᱨᱤ ᱟᱱᱟᱜ ᱩᱭᱦᱟᱹᱨ ᱨᱮᱭᱟᱜ ᱩᱪᱷᱟᱹᱱ ᱨᱮᱭᱟᱜ ᱦᱚᱨᱟ ᱾
1023,"रंग करने के कई तरीके हो सकते हैं जैसे ब्रश करना, स्मीयर करना, थपथपा कर लगाना और छींटे मार कर रंगना।","ᱨᱚᱝ ᱫᱚ ᱟᱭᱢᱟᱞᱮᱠᱟᱛᱮ ᱵᱮᱵᱚᱦᱟᱨ ᱫᱟᱲᱮᱭᱟᱜᱼᱟ, ᱡᱟᱦᱟᱸᱠᱩ ᱢᱩᱫᱨᱮ ᱜᱟᱥᱟᱣ, ᱡᱮᱨᱮᱲ, ᱛᱷᱚᱯᱨᱟᱢ ᱟᱨ ᱨᱚᱝ ᱤᱨᱪᱤᱠᱟᱛᱮ ᱟᱸᱠ, ᱡᱚᱛᱚᱞᱮᱠᱟᱱᱟᱜ ᱜᱤ ᱢᱮᱱᱟᱜᱼᱟ ᱾","ᱵᱨᱚᱥ, ᱥᱢᱤᱭᱟᱨ, ᱴᱮᱯ ᱟᱨ ᱥᱯᱨᱤᱝ ᱞᱮᱠᱟᱱ ᱟᱭᱢᱟ ᱞᱮᱠᱟᱱ ᱨᱟᱹᱲ ᱮᱢ ᱦᱩᱭ ᱫᱟᱲᱮᱭᱟᱜᱼᱟ ᱾"
1024,चित्रकला की अलग-अलग शैलियाँ कौन-सी हैं?,ᱟᱸᱠ ᱨᱮᱭᱟᱜ ᱡᱩᱫᱟᱹ ᱡᱩᱫᱟᱹ ᱫᱷᱟᱨᱟ ᱠᱩ ᱫᱚ ᱪᱮᱫ ᱪᱮᱫ ?,ᱪᱤᱛᱟᱹᱨ ᱵᱮᱱᱟᱣ ᱨᱮᱭᱟᱜ ᱟᱭᱢᱟ ᱦᱚᱨᱟ ᱪᱮᱫ?
1025,"चित्रकला की कई शैलियाँ हैं जैसेआधुनिकतावादी, अभिव्यक्तिवादी, शास्त्रीय, अतियथार्थवादी, घनवादी, चीनी शैली, अमूर्त, प्रभाववादी, और कई अन्य भी।","ᱟᱸᱠ ᱨᱮᱭᱟᱜ ᱟᱭᱢᱟ ᱞᱮᱠᱟᱱ ᱫᱷᱟᱨᱟ ᱢᱮᱱᱟᱜᱼᱟ, ᱡᱟᱦᱟᱸᱠᱩ ᱢᱩᱫᱨᱮ ᱟᱫᱷᱩᱱᱤᱠᱚᱛᱟᱵᱟᱹᱫᱤ, ᱚᱵᱷᱤᱵᱮᱠᱛᱤᱵᱟᱹᱫᱤ, ᱥᱟᱥᱛᱨᱤᱭᱚ, ᱯᱚᱨᱟᱵᱟᱥᱛᱚᱵ, ᱠᱤᱣᱵᱤᱥᱴ, ᱪᱤᱱᱟᱹᱥᱚᱭᱞᱤ, ᱵᱤᱢᱩᱨᱛᱚ, ᱯᱨᱚᱛᱤᱛᱤᱵᱟᱹᱫᱤ ᱟᱨᱦᱚᱸ ᱟᱭᱢᱟᱠᱩ ᱾","ᱱᱟᱦᱟᱜ ᱠᱟᱹᱨᱤ, ᱵᱚᱨᱱᱚᱱᱤᱭᱟᱹ, ᱥᱮᱨᱣᱟ ᱟᱱᱟᱜ, ᱟᱹᱰᱤ ᱥᱟᱡᱟᱹᱭᱟᱱ, ᱜᱩᱱᱥᱟᱹᱨᱤ, ᱪᱤᱱ ᱨᱮᱭᱟᱜ ᱠᱟᱹᱨᱤ, ᱚᱱᱩᱢᱟᱹᱱ, ᱮᱥᱮᱨᱟᱱ ᱟᱨ ᱮᱴᱟᱜ ᱟᱭᱢᱟ ᱞᱮᱠᱟᱱ ᱪᱤᱛᱟᱹᱨ ᱵᱮᱱᱟᱣ ᱨᱮᱭᱟᱜ ᱟᱭᱢᱟ ᱠᱟᱹᱨᱤ ᱢᱮᱱᱟᱜᱼᱟ ᱾"
1026,ओके। और दूसरी - मूर्तिकला?,ᱴᱷᱤᱠᱜᱮᱭᱟ ᱾ ᱫᱚᱥᱟᱨᱟᱜ ᱼ ᱠᱷᱩᱫᱟᱹᱭᱠᱟᱹᱨᱤᱼᱟᱜ ᱫᱚ ᱪᱮᱫ ᱠᱷᱚᱵᱚᱨ ?,ᱳᱠᱮ ᱾ ᱟᱨ ᱫᱚᱥᱟᱨ ᱫᱚ ᱦᱩᱭᱩᱜ ᱠᱟᱱᱟᱼᱠᱳᱞᱟᱨ?
1027,मूर्तिकला एक प्राचीन प्रकार का विज़ुअल आर्ट है जो प्रागैतिहासिक काल का है।,ᱠᱷᱩᱫᱟᱹᱭᱠᱟᱹᱨᱤ ᱫᱚ ᱢᱤᱫᱴᱟᱝ ᱢᱟᱨᱮᱱ ᱞᱮᱠᱟᱱ ᱞᱟᱦᱟᱱᱟᱜᱟᱢ ᱡᱩᱜ ᱨᱮᱭᱟᱜ ᱧᱮᱞᱧᱟᱢᱚᱜᱠᱟᱱ ᱠᱟᱹᱨᱤᱠᱟᱱᱟ ᱾,ᱪᱤᱛᱟᱹᱨ ᱵᱮᱱᱟᱣ ᱫᱚ ᱦᱩᱭᱩᱜ ᱠᱟᱱᱟ ᱢᱟᱨᱮᱱ ᱱᱟᱜᱟᱢ ᱨᱮᱭᱟᱜ ᱢᱤᱫᱴᱟᱝ ᱢᱟᱨᱮᱱ ᱞᱮᱠᱟᱱ ᱧᱮᱞᱟᱱ ᱠᱟᱹᱨᱤ ᱾
1028,"मूर्तिकला तीन-आयाम वाली दृश्य छवि है जो मिट्टी, पत्थर, चीनी मिट्टी की चीज़ें, धातु या लकड़ी जैसी पारंपरिक सामग्रियों से बनाई जाती है।","ᱠᱷᱩᱫᱟᱹᱭᱠᱟᱹᱨᱤ ᱫᱚ ᱢᱤᱫᱴᱟᱝ ᱯᱮᱱᱮᱢᱟᱛᱨᱤᱠ ᱧᱮᱞᱧᱟᱢᱚᱜᱠᱟᱱ ᱪᱤᱛᱟᱹᱨ ᱡᱟᱦᱟᱸ ᱫᱚ ᱦᱟᱥᱟ, ᱫᱷᱤᱨᱤ ᱥᱮᱨᱟᱢᱤᱠ ᱫᱷᱟᱹᱛᱩ ᱥᱮ ᱠᱟᱴᱷ ᱞᱮᱠᱟᱱ ᱦᱩᱭᱦᱤᱡᱩᱜᱠᱟᱱ ᱫᱩᱨᱤᱵᱛᱮ ᱵᱮᱱᱟᱜᱼᱟ ᱾","ᱢᱩᱨᱛᱤ ᱫᱚ ᱦᱩᱭᱩᱜ ᱠᱟᱱᱟ ᱚᱛᱚᱢ, ᱚᱛᱚᱢ, ᱥᱤᱨᱤᱢ, ᱢᱮᱛᱟᱞ ᱥᱮ ᱠᱟᱴ ᱞᱮᱠᱟᱱ ᱥᱮᱨᱣᱟ ᱟᱱᱟᱜ ᱩᱯᱟᱹᱭ ᱠᱷᱚᱱ ᱵᱮᱱᱟᱣ ᱯᱮᱭᱟ ᱯᱚᱨᱤᱢᱟᱱ ᱨᱮᱭᱟᱜ ᱧᱮᱞᱟᱱ ᱪᱤᱛᱟᱹᱨ ᱾"
1029,सबसे प्रसिद्ध प्राचीन मूर्तिकार कौन-कौन हुए हैं?,ᱢᱟᱨᱮᱱ ᱠᱷᱩᱫᱟᱹᱭᱠᱟᱹᱨᱤ ᱢᱩᱫᱨᱮ ᱡᱚᱛᱚᱠᱷᱚᱱ ᱧᱩᱢᱩᱨᱩᱢ ᱚᱠᱚᱭᱠᱚ ᱠᱩ ᱛᱟᱦᱮᱸᱠᱟᱱᱟ ?,ᱡᱚᱛᱚᱠᱷᱚᱱ ᱧᱩᱛᱩᱢᱟᱱ ᱢᱟᱨᱮᱱ ᱠᱟᱹᱨᱤᱜᱚᱞ ᱠᱚ ᱪᱮᱫ ᱠᱚ ᱦᱩᱭ ᱟᱠᱟᱱᱟ?
1030,माइकल एंजेलो और मायरॉन दो प्रसिद्ध शास्त्रीय मूर्तिकार थे।,ᱢᱟᱭᱠᱮᱞᱮᱱᱡᱮᱞᱳ ᱟᱨ ᱢᱟᱭᱨᱳᱱ ᱠᱤᱱ ᱛᱟᱦᱮᱸᱠᱟᱱᱟ ᱵᱟᱨᱦᱚᱲ ᱧᱩᱢᱩᱨᱩᱢ ᱥᱟᱥᱛᱨᱤᱭᱚ ᱠᱷᱩᱰᱟᱹᱭᱠᱟᱹᱨᱤ ᱾,ᱢᱮᱠᱷᱮᱞ ᱮᱱᱡᱮᱞᱳ ᱟᱨ ᱢᱮᱨᱚᱱ ᱛᱟᱦᱮᱸ ᱠᱟᱱᱟ ᱵᱟᱨᱭᱟ ᱧᱩᱛᱩᱢᱟᱱ ᱥᱮᱨᱣᱟ ᱟᱱᱟᱜ ᱠᱟᱹᱨᱤᱜᱚᱞ ᱾
1031,"तीसरासाहित्य है, है ना?","ᱥᱟᱸᱣᱦᱮᱫ ᱫᱚ ᱛᱮᱥᱟᱨᱟᱜ, ᱥᱮ ᱵᱟᱝ ?","ᱛᱮᱥᱟᱨ ᱫᱚ ᱦᱩᱭᱩᱜ ᱠᱟᱱᱟ ᱠᱟᱶᱰᱤ, ᱵᱟᱝ?"
1032,"सर, हाँ। हर रचनात्मक रूप के पास बताने के लिए एक कहानी होती है।","ᱜᱚᱝᱠᱮ, ᱦᱮᱸᱜᱤ ᱾ ᱢᱤᱢᱤᱫᱽ ᱥᱤᱨᱡᱟᱹᱣᱟᱱᱟᱜ ᱨᱩᱯ ᱨᱮᱭᱟᱜ ᱢᱤᱫᱴᱟᱝ ᱠᱟᱹᱦᱤᱱᱤ ᱢᱮᱱᱟᱜᱼᱟ ᱾","ᱥᱟᱨ, ᱦᱩᱭᱩᱜ ᱠᱟᱱᱟ ᱾ ᱥᱟᱱᱟᱢ ᱵᱮᱱᱟᱣᱟᱱ ᱨᱩᱯ ᱨᱮᱭᱟᱜ ᱢᱤᱫᱴᱟᱝ ᱠᱟᱛᱷᱟ ᱞᱟᱹᱭ ᱞᱟᱹᱜᱤᱫ ᱢᱮᱱᱟᱜᱼᱟ ᱾"
1033,"वहीं, दूसरी ओर, साहित्य एक प्रकार की भाषा कला है जिसे पढ़ा या बोला जा सकता है।","ᱮᱴᱟᱜ ᱱᱟᱠᱷᱟᱨᱮ ᱫᱚ ᱥᱟᱸᱣᱦᱮᱫ, ᱢᱤᱫᱴᱟᱝ ᱯᱟᱹᱨᱥᱤ ᱠᱟᱹᱨᱤ ᱡᱟᱦᱟᱸ ᱫᱚ ᱯᱟᱲᱦᱟᱣ ᱟᱨ ᱢᱮᱱ ᱜᱟᱱᱚᱜᱼᱟ ᱾","ᱮᱴᱟᱜ ᱥᱮᱫ, ꯁꯥꯍꯤᱴᱤᱭ ᱦᱩᱭᱩᱜ ᱠᱟᱱᱟ ᱢᱤᱫ ᱞᱮᱠᱟᱱ ᱯᱟᱹᱨᱥᱤ ᱨᱮᱭᱟᱜ ᱠᱟᱹᱨᱤ ᱡᱟᱦᱟᱸ ᱫᱚ ᱯᱟᱲᱦᱟᱣ ᱥᱮ ᱠᱟᱛᱷᱟ ᱞᱟᱹᱭ ᱦᱳᱭᱳᱜᱼᱟ ᱾"
1034,बिल्कुल ठीक! वास्तुकला एक अलग प्रकार की कला है; भवन निर्माण की कला। ठीक कहा न?,"ᱮᱠᱟᱞᱜᱤ ! ᱠᱩᱸᱫᱟᱹᱣᱠᱟᱹᱨᱤ ᱫᱚ ᱡᱩᱫᱟᱹᱞᱮᱠᱟᱱ ᱠᱟᱹᱨᱤ, ᱱᱤᱭᱟᱹ ᱫᱚ ᱜᱚᱲᱦᱚᱱ ᱵᱮᱱᱟᱣ ᱨᱮᱭᱟᱜ ᱠᱟᱹᱨᱤ ᱠᱟᱱᱟ ᱾ ᱴᱷᱤᱠᱤᱧ ᱞᱟᱹᱭᱮᱫᱟ ?",ᱟᱹᱰᱤ ᱱᱟᱯᱟᱭ! ᱵᱮᱱᱟᱣ ᱠᱟᱹᱨᱤ ᱫᱚ ᱦᱩᱭᱩᱜ ᱠᱟᱱᱟ ᱢᱤᱫᱴᱟᱝ ᱵᱷᱮᱜᱟᱨ ᱠᱟᱹᱨᱤ; ᱵᱮᱱᱟᱣ ᱠᱟᱹᱨᱤ ᱾ ᱱᱟᱯᱟᱭ ᱵᱟᱝ?
1035,"बिल्कुल, सर! विशाल पिरामिड, रोम का कोलीज़ियम, ताज महल, हायाह सोफ़िया और स्टोनहेंज प्राचीन वास्तुशिल्प के बेहतरीन उदाहरण हैं।","ᱱᱤᱦᱟᱹᱛᱜᱤ, ᱜᱚᱝᱠᱮ ! ᱢᱟᱨᱟᱝ ᱯᱤᱨᱟᱢᱤᱰ, ᱨᱳᱢ ᱨᱮᱭᱟᱜ ᱠᱳᱞᱤᱥᱤᱭᱟᱢ, ᱛᱟᱡᱢᱚᱦᱚᱞ, ᱦᱟᱜᱤᱭᱟ ᱥᱳᱯᱷᱤᱭᱟ ᱟᱨ ᱥᱴᱳᱱᱦᱮᱧᱡᱽ ᱢᱟᱨᱮᱱ ᱠᱩᱸᱫᱟᱹᱭᱠᱟᱹᱨᱤ ᱨᱮᱭᱟᱜ ᱦᱟᱦᱟᱲᱟᱣᱟᱱᱟᱜ ᱯᱟᱹᱨᱛᱩᱞ ᱠᱟᱱᱟ ᱾","ᱜᱚᱴᱟ ᱜᱮ, ᱥᱟᱨ! ᱢᱟᱨᱟᱝ ᱯᱨᱤᱢᱤᱰ, ᱨᱩᱢ ᱨᱮᱭᱟᱜ ᱠᱳᱞᱤᱡᱤᱭᱟᱢ, ᱛᱚᱡᱚ ᱯᱨᱟᱥᱟᱫᱽ, ᱦᱟᱭᱦᱟ ᱥᱳᱯᱷᱤᱭᱟ ᱟᱨ ᱥᱴᱳᱱᱦᱮᱱᱡ ᱦᱩᱭᱩᱜ ᱠᱟᱱᱟ ᱢᱟᱨᱮᱱ ᱵᱮᱱᱟᱣ ᱠᱟᱹᱨᱤ ᱨᱮᱭᱟᱜ ᱥᱚᱨᱮᱥ ᱫᱟᱹᱭᱠᱟᱹ ᱾"
1036,अन्य दो सिनेमा और संगीत हैं।,ᱮᱴᱟᱜ ᱵᱟᱨᱮᱭᱟ ᱫᱚ ᱥᱤᱱᱟᱹᱢᱟ ᱟᱨ ᱨᱟᱦᱟ ᱾,ᱮᱴᱟᱜ ᱵᱟᱨᱭᱟ ᱦᱩᱭᱩᱜ ᱠᱟᱱᱟ ᱪᱚᱞᱚᱛ ᱪᱤᱛᱟᱹᱨ ᱟᱨ ᱥᱮᱹᱨᱮᱹᱧ ᱾
1037,मुश्किल से एक सदी पहले बना होने के कारण सिनेमा सात तरह की कलाओं में से सबसे नया है।,"ᱥᱤᱱᱟᱹᱢᱟ ᱫᱚ ᱮᱭᱟᱭ ᱜᱚᱴᱟᱝ ᱠᱟᱹᱨᱤᱠᱩ ᱢᱩᱫᱨᱮ ᱡᱚᱛᱚᱠᱷᱚᱱ ᱱᱟᱶᱟᱱᱟᱜ, ᱡᱟᱦᱟᱸ ᱫᱚ ᱦᱟᱹᱞᱤᱜᱤ ᱞᱟᱦᱟᱱ ᱥᱚᱛᱟᱵᱫᱤᱨᱮ ᱵᱮᱱᱟᱣᱟᱠᱟᱱᱟ ᱾","ᱮᱭᱟᱭ ᱞᱮᱠᱟᱱ ᱠᱟᱹᱨᱤ ᱢᱩᱫᱨᱮ ᱪᱚᱞᱚᱛ ᱪᱤᱛᱟᱹᱨ ᱫᱚ ᱡᱚᱛᱚ ᱠᱷᱚᱱ ᱱᱟᱶᱟ, ᱡᱟᱦᱟᱸ ᱫᱚ ᱟᱹᱰᱤ ᱠᱚᱢ ᱜᱮ ᱢᱤᱫ ᱥᱚᱛᱟᱵᱫᱤ ᱞᱟᱦᱟ ᱵᱮᱱᱟᱣ ᱦᱩᱭ ᱞᱮᱱᱟ ᱾"
1038,"फ़िल्में तीन आयाम वाली दुनिया को दो आयाम वाले रूप में दिखाती हैं, ये एक ऐसी कला है जिसमें हम देखते भी हैं और सुनते भी हैं।","ᱪᱚᱞᱚᱛᱪᱤᱛᱟᱹᱨ ᱫᱚ ᱦᱩᱭᱩᱜᱠᱟᱱᱟ ᱯᱮᱱᱮᱢᱟᱛᱨᱤᱠ ᱫᱷᱟᱹᱨᱛᱤ ᱨᱮᱭᱟᱜ ᱢᱤᱫᱴᱟᱝ ᱵᱟᱨᱢᱟᱛᱨᱤᱠ ᱯᱨᱚᱡᱮᱠᱥᱚᱱ, ᱡᱟᱦᱟᱸ ᱫᱚ ᱟᱵᱩᱣᱟᱜ ᱟᱸᱡᱚᱢ ᱟᱨ ᱧᱮᱞ ᱵᱷᱟᱱᱟᱨ ᱵᱩᱡᱷᱦᱟᱹᱣ ᱫᱟᱲᱮ ᱥᱟᱶᱜᱤ ᱡᱚᱯᱚᱲᱟᱣᱟ ᱾","ᱪᱚᱞᱚᱛ ᱪᱤᱛᱟᱹᱨ ᱠᱚᱫᱚ ᱯᱮᱭᱟ ᱯᱚᱨᱤᱢᱟᱱ ᱨᱮᱭᱟᱜ ᱡᱮᱜᱮᱫ ᱫᱚ ᱵᱟᱨᱭᱟ ᱯᱚᱨᱤᱢᱟᱱ ᱞᱮᱠᱟᱛᱮ ᱩᱫᱩᱜ ᱥᱚᱫᱚᱨᱼᱟ, ᱱᱚᱶᱟ ᱫᱚ ᱢᱤᱫᱴᱟᱝ ᱠᱟᱹᱨᱤ ᱡᱟᱦᱟᱸ ᱫᱚ ᱟᱢ ᱧᱮᱞ ᱟᱨ ᱵᱟᱰᱟᱭ ᱫᱟᱲᱮᱭᱟᱜᱼᱟ ᱾"
1039,"तब हम कह सकते हैं कि संगीत सुनी जाने वाली ध्वनियों और स्पंदनों को व्यवस्थित करने का ऐसा कौशल है जिससे माधुर्य, सामंजस्य, ताल और ध्वनि की क्वालिटी का उपयोग कर के एक संगीत रचना तैयार की जाती है।","ᱛᱟᱦᱚᱞᱮᱵᱩᱱ ᱢᱮᱱ ᱫᱟᱲᱮᱭᱟᱜᱼᱟ ᱡᱮ ᱨᱟᱦᱟ ᱫᱚ ᱦᱩᱭᱩᱜᱠᱟᱱᱟ ᱨᱚᱲ, ᱳᱭᱠᱚᱛᱟᱱ, ᱛᱟᱞ ᱟᱨ ᱟᱲᱟᱝ ᱠᱟᱹᱢᱤᱨᱮ ᱞᱟᱜᱟᱣᱠᱟᱛᱮ ᱥᱮᱨᱮᱧ ᱞᱟᱹᱜᱤᱫ ᱟᱸᱡᱚᱢ ᱞᱮᱠᱟᱱ ᱟᱲᱟᱝ ᱟᱨ ᱟᱲᱟᱝ ᱛᱟᱨᱠᱚ ᱩᱪᱩᱭ ᱨᱮᱭᱟᱜ ᱜᱟᱹᱠᱷᱩᱲ ᱠᱟᱱᱟ ᱾","ᱚᱱᱟ ᱛᱟᱭᱚᱢ ᱟᱢ ᱞᱟᱹᱭ ᱫᱟᱲᱮᱭᱟᱜᱼᱟ ᱡᱮ, ᱥᱮᱨᱮᱧ ᱫᱚ ᱦᱩᱭᱩᱜ ᱠᱟᱱᱟ ᱥᱮᱨᱮᱧ ᱨᱮᱭᱟᱜ ᱥᱩᱱᱤ, ᱥᱳᱯᱨᱳᱫᱽ, ᱛᱟᱞ ᱟᱨ ᱥᱮᱨᱮᱧ ᱨᱮᱭᱟᱜ ᱜᱩᱱ ᱵᱮᱣᱦᱟᱨ ᱠᱟᱛᱮ ᱢᱤᱫᱴᱟᱝ ᱥᱮᱹᱨᱮᱹᱧ ᱵᱮᱱᱟᱣ ᱞᱟᱹᱜᱤᱫ ᱥᱳᱯᱨᱳᱫᱽ ᱟᱨ ᱵᱚᱞᱥ ᱠᱚ ᱵᱚᱱᱚᱫᱚᱞ ᱨᱮᱭᱟᱜ ᱠᱟᱹᱨᱤ ᱾"
1040,ओके। और अब आख़िरी वाली के बारे में?,ᱦᱮᱸ ᱾ ᱟᱫᱚ ᱛᱟᱦᱚᱞᱮ ᱢᱩᱪᱟᱹᱫ ᱨᱮᱭᱟᱜ ᱫᱚ ᱪᱮᱫ ᱵᱮᱯᱟᱨ ?,ᱳᱠᱮ ᱾ ᱟᱨ ᱱᱤᱛ ᱢᱩᱪᱟᱹᱫ ᱵᱷᱚᱞᱤ ᱤᱫᱤ ᱠᱟᱛᱮ?
1041,रंगमंच ऐसी कला है जिसमें कलाकार दृश्य और नाटकीय दोनों तत्वों को साथ ले आता है।,ᱛᱷᱤᱭᱮᱴᱟᱨ ᱫᱚ ᱢᱤᱫ ᱞᱮᱠᱟᱱ ᱠᱟᱹᱨᱤ ᱡᱟᱦᱟᱸᱨᱮ ᱥᱤᱞᱯᱤᱠᱩ ᱧᱮᱞᱚᱜᱚᱜᱼᱟ ᱟᱨ ᱜᱟᱭᱟᱱ ᱨᱮᱭᱟᱜ ᱵᱷᱟᱱᱟᱨ ᱫᱩᱨᱤᱵᱜᱮ ᱠᱟᱹᱢᱤᱨᱮ ᱞᱟᱜᱟᱜᱼᱟ ᱾,ᱛᱷᱤᱭᱮᱴᱟᱨ ᱦᱩᱭᱩᱜ ᱠᱟᱱᱟ ᱢᱤᱫᱴᱟᱝ ᱠᱟᱹᱨᱤ ᱡᱟᱦᱟᱸ ᱨᱮ ᱠᱟᱹᱨᱤᱜᱚᱞ ᱫᱚ ᱧᱮᱞᱟᱱ ᱟᱨ ᱰᱨᱟᱢᱟ ᱵᱟᱱᱟᱨ ᱦᱤᱸᱥ ᱜᱮ ᱢᱤᱫ ᱥᱟᱶᱛᱮ ᱠᱚ ᱤᱫᱤ ᱞᱮᱫ ᱠᱚᱣᱟ ᱾
1042,"6ठीं सदी ईस्वी से प्राचीन यूनानियों ने जब से रंगमंच का आविष्कार किया, तब से वह सभ्यता का प्रमुख हिस्सा रहा है।","ᱠᱷᱨᱤᱥᱴᱚᱯᱩᱨᱵᱚ ᱖ ᱥᱚᱛᱟᱵᱫᱤ ᱠᱷᱚᱱ, ᱡᱚᱠᱷᱚᱱ ᱢᱟᱨᱮᱱ ᱜᱨᱤᱠ ᱠᱩ ᱛᱷᱤᱭᱮᱴᱟᱨᱠᱩ ᱥᱤᱨᱡᱟᱹᱣ ᱠᱮᱫᱟ, ᱛᱚᱠᱷᱚᱱ ᱠᱷᱚᱱᱜᱮ ᱱᱤᱭᱟᱹ ᱫᱚ ᱥᱚᱵᱵᱷᱚᱛᱟ ᱨᱮᱭᱟᱜ ᱢᱤᱫᱴᱟᱝ ᱦᱤᱸᱥ ᱠᱟᱱᱟ ᱾",ᱥᱚᱛᱟᱵᱫᱤ ᱠᱷᱚᱱ ᱢᱟᱨᱮᱱ ᱜᱨᱤᱠ ᱠᱚ ᱫᱟᱨᱟᱭ ᱛᱮ ᱜᱟᱭᱟᱱ ᱵᱮᱱᱟᱣ ᱛᱟᱭᱚᱢ ᱠᱷᱚᱱ ᱱᱚᱶᱟ ᱫᱚ ᱥᱟᱡᱚᱥ ᱨᱮᱭᱟᱜ ᱢᱤᱫᱴᱟᱝ ᱢᱩᱲᱩᱫ ᱦᱤᱸᱥ ᱠᱟᱱᱟ ᱾
1043,बढ़िया!,ᱟᱹᱫᱤᱢᱚᱡᱽ !,ᱟᱹᱰᱤ ᱱᱟᱯᱟᱭ ᱾
1044,"सर, प्लीज़ हमारी गैलरी को देखें और कमेंट बॉक्स में अपने कमेंट दें।","ᱜᱚᱝᱠᱮ, ᱫᱟᱭᱟᱠᱟᱛᱮ ᱟᱞᱮᱭᱟᱜ ᱜᱮᱞᱟᱨᱤ ᱢᱤᱫᱫᱷᱟᱣ ᱧᱮᱞᱟᱜᱢᱮ ᱟᱨ ᱞᱟᱹᱭᱛᱮᱱᱟᱜ ᱵᱟᱠᱥᱚᱨᱮ ᱟᱢᱟᱜ ᱫᱟᱢᱟᱱ ᱞᱟᱹᱭᱛᱮᱱᱟᱜ ᱚᱞ ᱠᱟᱜᱼᱢᱮ ᱾","ᱥᱟᱨ, ᱫᱟᱭᱟ ᱠᱟᱛᱮ ᱤᱧᱟᱹᱜ ᱜᱮᱞᱟᱨᱤ ᱧᱮᱞ ᱢᱮ ᱟᱨ ᱠᱚᱢᱮᱱᱴ ᱵᱚᱠᱥ ᱨᱮ ᱟᱢᱟᱜ ᱠᱟᱛᱷᱟ ᱮᱢ ᱢᱮ ᱾"
1045,"बिल्कुल, धन्यवाद!","ᱱᱤᱦᱟᱹᱛᱜᱤ, ᱟᱭᱢᱟ ᱥᱟᱨᱦᱟᱣ !","ᱜᱚᱴᱟ ᱜᱮ, ᱟᱢ ᱫᱚ ᱥᱟᱨᱦᱟᱰᱚᱜ ᱠᱟᱱᱟ ᱾"
1046,हाय नमन! मैं राहुल।,"ᱦᱟᱭ, ᱱᱟᱢᱚᱱ ! ᱤᱧ ᱫᱚ ᱨᱟᱦᱩᱞ ᱾",ᱦᱟᱭ ᱱᱟᱢᱟᱱ! ᱤᱧ ᱦᱩᱭᱩᱜ ᱠᱟᱱᱟ ᱨᱟᱡᱩᱞ ᱾
1047,कैसे हो?,ᱪᱮᱫ ᱠᱚᱢ ᱪᱤᱠᱟᱹᱭᱮᱫᱟ ?,ᱟᱢ ᱪᱮᱫ ᱞᱮᱠᱟ ᱦᱩᱭᱩᱜ ᱠᱟᱱᱟ?
1048,"हाय, राहुल! मुझे बहुत अच्छा लगा तुमने कॉल किया।","ᱦᱟᱭ, ᱨᱟᱦᱩᱞ ! ᱤᱧᱮᱢ ᱦᱚᱦᱚ ᱟᱹᱫᱤᱧᱟ ᱟᱹᱰᱤᱧ ᱠᱩᱥᱤᱭᱮᱱᱟ ᱾","ᱦᱟᱭ, ᱨᱟᱦᱳᱞ! ᱟᱢ ᱠᱚᱞ ᱠᱚᱨᱟᱣ ᱫᱚ ᱤᱧ ᱟᱹᱰᱤ ᱱᱟᱯᱟᱭ ᱢᱚᱱᱮ ᱦᱩᱭᱩᱜ ᱠᱟᱱᱟ ᱾"
1049,पिछले कुछ समय से मैं बिज़ी था।,ᱦᱟᱹᱞᱤᱫᱚ ᱡᱚᱦᱚᱲ ᱜᱮᱧ ᱛᱟᱦᱮᱸᱠᱟᱱᱟ ᱾,ᱤᱧ ᱠᱤᱪᱷᱩ ᱚᱠᱛᱚ ᱞᱟᱹᱜᱤᱫ ᱮ ᱠᱟᱹᱢᱤ ᱞᱮᱫᱟ ᱾
1050,मैं अपने प्रोजेक्ट के लिए भारत के नामी म्यूज़ियमों पर रिसर्च कर रहा हूँ।,ᱤᱧ ᱤᱧᱟᱹᱜ ᱯᱟᱛᱷᱟ ᱞᱟᱹᱜᱤᱫ ᱵᱷᱟᱨᱚᱛ ᱨᱮᱭᱟᱜ ᱧᱩᱛᱩᱢᱟᱱ ᱡᱟᱹᱫᱩᱚᱲᱟᱜ ᱠᱚ ᱤᱫᱤ ᱠᱟᱛᱮᱧ ᱠᱷᱚᱸᱫᱨᱚᱸᱫ ᱮᱫᱟ ᱾,ᱤᱧ ᱤᱧᱟᱹᱜ ᱯᱚᱨᱡᱤᱠᱚᱞ ᱞᱟᱹᱜᱤᱫ ᱵᱷᱟᱨᱚᱛ ᱨᱮᱭᱟᱜ ᱧᱩᱛᱩᱢᱟᱱ ᱢᱩᱭᱡᱤᱭᱟᱢ ᱠᱚ ᱛᱚᱞᱟᱥ ᱮᱫᱟ ᱾
1051,वाह... ये बहुत अच्छा है!,ᱳᱹᱹᱹᱹᱹᱹᱹᱟᱹᱰᱤ ᱱᱟᱯᱟᱭ !,ᱳᱣᱟ... ᱱᱚᱶᱟ ᱫᱚ ᱟᱹᱰᱤ ᱱᱟᱯᱟᱭ ᱠᱟᱱᱟ ᱾
1052,कैसा चल रहा है तुम्हारा प्रोजेक्ट?,ᱟᱢᱟᱜ ᱯᱨᱳᱡᱮᱠᱴ ᱪᱮᱫ ᱞᱮᱠᱟ ᱪᱟᱞᱟᱜ ᱠᱟᱱᱟ ?,ᱟᱢᱟᱜ ᱯᱚᱨᱡᱤᱠᱚᱞ ᱪᱮᱫ ᱞᱮᱠᱟ ᱦᱩᱭᱩᱜ ᱠᱟᱱᱟ?
1053,"वैसे, मुझे पता है कि भारत में बहुत सारे म्यूज़ियम हैं।","ᱟᱪᱷᱟ, ᱤᱧ ᱵᱟᱰᱟᱭᱟ ᱵᱷᱟᱨᱚᱛᱨᱮ ᱟᱭᱢᱟ ᱢᱤᱣᱩᱡᱤᱭᱟᱢ ᱢᱮᱱᱟᱜᱼᱟ ᱾","ᱡᱟᱦᱟᱸ ᱞᱮᱠᱟ, ᱤᱧ ᱵᱟᱰᱟᱭ ᱟᱠᱟᱱᱟ ᱡᱮ ᱵᱷᱟᱨᱚᱛ ᱨᱮ ᱟᱭᱢᱟ ᱢᱩᱭᱡᱤᱭᱟᱢ ᱢᱮᱱᱟᱜᱼᱟ ᱾"
1054,"लेकिन, मैं सिर्फ़ सबसे ज़्यादा प्रसिद्ध को ही शामिल करना चाहूंगा।","ᱢᱮᱱᱠᱷᱟᱱ, ᱤᱧᱫᱚ ᱡᱚᱛᱚᱠᱷᱚᱱ ᱧᱩᱛᱩᱢᱟᱱᱟᱜ ᱠᱚᱜᱮᱧ ᱥᱮᱞᱮᱫᱼᱟ ᱾","ᱢᱮᱱᱠᱷᱟᱱ, ᱤᱧ ᱥᱩᱢᱩᱝ ᱡᱚᱛᱚ ᱠᱷᱚᱱ ᱧᱩᱛᱩᱢᱟᱱ ᱠᱚ ᱥᱮᱞᱮᱫ ᱞᱟᱹᱜᱤᱫ ᱤᱧ ᱠᱷᱚᱡ ᱠᱟᱱᱟ ᱾"
1055,क्या तुम अभी भी टूरिस्ट कंपनी के लिए काम कर रहे हो?,ᱟᱢᱫᱚ ᱱᱤᱛᱦᱚᱸ ᱴᱩᱨᱤᱥᱴ ᱠᱳᱢᱯᱟᱱᱤ ᱞᱟᱹᱜᱤᱫ ᱮᱢ ᱠᱟᱹᱢᱤᱭᱮᱫᱟ ?,ᱟᱢ ᱠᱤ ᱱᱤᱛᱦᱚᱸ ᱴᱩᱨᱤᱥᱴ ᱠᱳᱢᱯᱟᱱᱤ ᱞᱟᱹᱜᱤᱫ ᱠᱟᱹᱢᱤ ᱮᱫᱟ?
1056,"हाँ, मैं अभी भी यात्रा ट्रैवल एंड टूर में काम कर रहा हूँ।","ᱦᱮᱸ, ᱤᱧᱫᱚ ᱱᱤᱛᱦᱚᱸ ᱡᱟᱴᱨᱟ ᱴᱨᱟᱵᱷᱮᱞ ᱟᱨ ᱴᱩᱨ ᱨᱮᱧ ᱠᱟᱹᱢᱤᱭᱮᱫᱟ ᱾","ᱦᱩᱭᱩᱜ ᱠᱟᱱᱟ, ᱤᱧ ᱱᱤᱛᱦᱚᱸ ᱴᱨᱟᱵᱷᱮᱞ ᱴᱨᱟᱵᱷᱮᱞ ᱮᱱᱰ ᱴᱩᱨ ᱨᱮ ᱠᱟᱹᱢᱤ ᱮᱫᱟ ᱾"
1057,बढ़िया! क्या तुम इसमें मेरी मदद कर सकते हैं?,ᱟᱹᱰᱤ ᱢᱚᱡ ! ᱟᱢ ᱱᱚᱸᱰᱮ ᱤᱧᱮᱢ ᱜᱚᱲᱚ ᱫᱟᱲᱮᱭᱟᱹᱧᱟᱹ ?,ᱟᱹᱰᱤ ᱱᱟᱯᱟᱭ! ᱟᱢ ᱠᱤ ᱱᱚᱶᱟ ᱨᱮ ᱤᱧ ᱜᱚᱲᱚ ᱮᱢ ᱫᱟᱲᱮᱭᱟᱜᱼᱟ?
1058,हाँ! मुझे लगता है कि तुम भारत के तीन सबसे प्रसिद्ध म्यूज़ियम ले सकते हो।,"ᱦᱮᱸ, ᱤᱧᱟᱹᱜ ᱢᱚᱱᱮ ᱦᱩᱭᱩᱜ ᱠᱟᱱᱟ ᱟᱢ ᱵᱷᱟᱨᱚᱛ ᱨᱮᱭᱟᱜ ᱯᱮᱭᱟ ᱧᱩᱛᱩᱢᱟᱱ ᱢᱤᱣᱩᱡᱤᱭᱟᱢ ᱮᱢ ᱥᱮᱞᱮᱫ ᱫᱟᱲᱮᱭᱟᱜᱼᱟ ᱾",ᱦᱩᱭᱩᱜ ᱠᱟᱱᱟ! ᱤᱧ ᱢᱚᱱᱮ ᱦᱩᱭᱩᱜ ᱠᱟᱱᱟ ᱟᱢ ᱵᱷᱟᱨᱚᱛ ᱨᱮᱭᱟᱜ ᱯᱮᱭᱟ ᱥᱚᱨᱮᱥ ᱢᱩᱭᱡᱤᱭᱟᱢ ᱦᱟᱛᱟᱣ ᱫᱟᱲᱮᱭᱟᱜᱼᱟ ᱾
1059,"वो हैं नेशनल म्यूज़ियम दिल्ली, इंडियन म्यूज़ियम कोलकाता और गवर्नमेंट म्यूज़ियम चेन्नई।","ᱚᱱᱟ ᱠᱚᱫᱚ ᱱᱮᱥᱚᱱᱟᱞ ᱢᱤᱣᱩᱡᱤᱭᱟᱢ ᱫᱤᱞᱞᱤ, ᱤᱱᱰᱤᱭᱟᱱ ᱢᱤᱣᱩᱡᱤᱭᱟᱢ ᱠᱳᱞᱠᱟᱛᱟ, ᱟᱨ ᱜᱳᱵᱷᱚᱨᱢᱮᱱᱴ ᱢᱤᱣᱩᱡᱤᱭᱟᱢ ᱪᱮᱱᱱᱟᱭ ᱾","ᱱᱚᱶᱟ ᱠᱚ ᱦᱩᱭᱩᱜ ᱠᱟᱱᱟ ᱡᱟᱹᱛᱤᱭᱟᱹᱨᱤ ᱢᱩᱭᱡᱤᱭᱟᱢ ᱫᱤᱞᱞᱤ, ᱵᱷᱟᱨᱚᱛᱤᱭᱚ ᱢᱩᱭᱡᱤᱭᱟᱢ ᱠᱚᱞᱠᱟᱛᱟ ᱟᱨ ᱥᱚᱨᱠᱟᱨᱟᱜ ᱢᱩᱭᱡᱤᱭᱟᱢ ᱪᱮᱱᱱᱟᱭ ᱾"
1060,बढ़िया! जानकर अच्छा लगा।,ᱟᱹᱤᱰ ᱢᱚᱡ ! ᱱᱚᱶᱟ ᱵᱟᱰᱟᱭ ᱵᱷᱟᱜᱮᱭᱟ ᱾,ᱟᱹᱰᱤ ᱱᱟᱯᱟᱭ! ᱵᱟᱰᱟᱭ ᱞᱟᱹᱜᱤᱫ ᱟᱹᱰᱤ ᱱᱟᱯᱟᱭ ᱛᱟᱦᱮᱸ ᱠᱟᱱᱟ ᱾
1061,इनका इतना नाम क्यों है?,ᱚᱱᱟ ᱠᱚᱫᱚ ᱪᱮᱫᱟᱜ ᱞᱟᱹᱠᱛᱤᱭᱟᱱᱟᱜ ᱠᱟᱱᱟ ?,ᱩᱱᱠᱩᱭᱟᱜ ᱪᱮᱫ ᱞᱟᱹᱜᱤᱫ ᱟᱹᱰᱤ ᱧᱩᱛᱩᱢ ᱢᱮᱱᱟᱜᱼᱟ?
1062,नेशनल म्यूज़ियम में शानदार प्राचीन काल की तरह-तरह की चीज़ें हैं।,ᱱᱮᱥᱚᱱᱟᱞ ᱡᱟᱹᱫᱩᱚᱲᱟᱜ ᱨᱮ ᱥᱮᱫᱟᱭ ᱡᱩᱜ ᱨᱮᱭᱟᱜ ᱦᱟᱦᱟᱲᱟᱼᱟᱱ ᱟᱭᱢᱟ ᱚᱱᱚᱞᱠᱚ ᱢᱮᱱᱟᱜᱼᱟ ᱾,ᱡᱟᱹᱛᱤᱭᱟᱹᱨᱤ ᱢᱩᱭᱡᱤᱭᱟᱢ ᱨᱮ ᱟᱹᱰᱤ ᱱᱟᱯᱟᱭ ᱢᱟᱨᱮᱱ ᱚᱠᱛᱚ ᱨᱮᱭᱟᱜ ᱟᱭᱢᱟ ᱞᱮᱠᱟᱱ ᱡᱤᱱᱤᱥ ᱢᱮᱱᱟᱜᱼᱟ ᱾
1063,यह 1949 में ज़िंदादिल शहर दिल्ली के जनपथ के कोने पर बना था।,ᱱᱚᱶᱟᱫᱚ ᱫᱤᱞᱞᱤ ᱨᱮᱭᱟᱜ ᱡᱤᱭᱟᱹᱲᱼᱟᱱ ᱥᱟᱦᱟᱨ ᱡᱚᱱᱯᱚᱫ ᱨᱮ ᱑᱙᱔᱙ ᱥᱟᱹᱦᱤᱛ ᱨᱮ ᱵᱮᱱᱟᱣ ᱦᱩᱭᱞᱮᱱᱟ ᱾,ᱱᱚᱶᱟ ᱫᱚ ᱥᱟᱹᱦᱤᱛ ᱨᱮ ᱫᱤᱞᱞᱤ ᱨᱮᱭᱟᱜ ᱡᱳᱱᱯᱚᱛ ᱨᱮᱭᱟᱜ ᱢᱤᱫᱴᱟᱝ ᱡᱩᱭᱟᱹᱱ ᱥᱟᱦᱟᱨ ᱨᱮ ᱵᱮᱱᱟᱣ ᱞᱮᱱᱟ ᱾
1064,यहाँ क्या दिखाया जाता है?,ᱚᱱᱟᱫᱚ ᱪᱮᱫ ᱠᱚᱭ ᱩᱫᱩᱜᱟ ?,ᱱᱚᱶᱟ ᱨᱮ ᱪᱮᱫ ᱩᱫᱩᱜ ᱥᱚᱫᱚᱨ ᱟᱠᱟᱱᱟ?
1065,"यहाँ बहुत तरह के कलेक्शन हैं जिसमें ज्वेलरी, पेंटिंग्स हथियार, सजावट से जुड़ी कलाकृतियाँ और हस्तलिपियाँ शामिल हैं।","ᱱᱚᱶᱟ ᱨᱮᱫᱚ ᱟᱭᱢᱟ ᱞᱮᱠᱟᱱ ᱛᱩᱢᱟᱹᱞᱟᱜ ᱠᱚ ᱢᱮᱱᱟᱜᱼᱟ ᱚᱱᱟ ᱢᱩᱫᱽᱨᱮ ᱜᱚᱭᱱᱟ, ᱪᱤᱛᱟᱹᱨ, ᱢᱮᱬᱦᱮᱫ ᱨᱮᱭᱟᱜ ᱫᱚᱛᱚ, ᱟᱵᱷᱨᱟᱱ ᱵᱤᱨᱤᱛ ᱟᱨ ᱚᱞ ᱱᱚᱛᱷᱤ ᱠᱚ ᱢᱮᱱᱟᱜᱼᱟ ᱾","ᱱᱚᱶᱟ ᱨᱮ ᱟᱭᱢᱟ ᱞᱮᱠᱟᱱ ᱥᱟᱧᱪᱟᱣ ᱢᱮᱱᱟᱜᱼᱟ ᱡᱟᱦᱟᱸ ᱢᱩᱫᱨᱮ ᱢᱮᱱᱟᱜᱼᱟ ᱡᱩᱭᱮᱞᱟᱨᱤ, ᱪᱤᱛᱟᱹᱨ ᱨᱮᱭᱟᱜ ᱚᱥᱚᱢᱟᱱ, ᱥᱳᱯᱨᱳᱫᱽ ᱥᱟᱞᱟᱜ ᱥᱮᱞᱮᱫ ᱟᱠᱟᱱ ᱠᱟᱹᱨᱤ ᱠᱟᱹᱢᱤ ᱟᱨ ᱚᱞᱼᱵᱩᱴᱟᱹ ᱾"
1066,वाह...इंडियन म्यूज़ियम में क्या है?,ᱳᱹᱹᱹᱹᱹᱹᱹᱤᱱᱰᱤᱭᱟᱱ ᱢᱤᱣᱩᱡᱤᱭᱟᱢ ᱨᱮᱫᱚ ᱪᱮᱫ ?,ᱳᱣᱟ... ᱵᱷᱟᱨᱚᱛᱤᱭᱚ ᱢᱩᱭᱡᱤᱭᱟᱢ ᱨᱮ ᱪᱮᱫ ᱢᱮᱱᱟᱜᱼᱟ?
1067,"यहाँ छह सेक्शन हैं जिनमें पुरातत्व, भूविज्ञान, अर्थशास्त्र, इकोनॉमिक ब्यूटी और कला के रचनात्मक और वैज्ञानिक कार्यों की गैलरियाँ हैं हैं।","ᱱᱚᱸᱰᱮ ᱯᱨᱚᱛᱱᱚᱛᱚᱛᱛᱚ, ᱵᱷᱩᱛᱚᱛᱛᱚ, ᱱᱟᱯᱟᱭ ᱠᱟᱹᱣᱰᱤᱟᱹᱨᱤ ᱟᱨ ᱜᱚᱲᱦᱚᱱ ᱟᱱᱟᱜ ᱠᱟᱹᱨᱤ ᱟᱨ ᱥᱟᱸᱲᱮᱥ ᱠᱟᱢᱤ ᱨᱮᱭᱟᱜ ᱢᱚᱸᱲᱮ ᱜᱚᱴᱟᱝ ᱜᱮᱞᱟᱨᱤ ᱥᱟᱶᱛᱮ ᱛᱩᱨᱩᱭ ᱜᱚᱴᱟᱝ ᱛᱷᱚᱱᱚᱛ ᱢᱮᱱᱟᱜᱼᱟ ᱿","ᱱᱚᱶᱟ ᱨᱮ ᱛᱩᱨᱩᱭ ᱜᱚᱴᱟᱝ ᱛᱷᱚᱱᱚᱛ ᱢᱮᱱᱟᱜᱼᱟ ᱡᱟᱦᱟᱸ ᱨᱮ ᱢᱟᱨᱮᱱ, ᱡᱳᱨᱳꯂꯣꯖꯤ, ᱠᱟᱹᱣᱰᱤ ᱟᱹᱨᱤ, ᱠᱟᱹᱣᱰᱤ ᱟᱹᱨᱤ ᱥᱳᱯᱨᱳᱫᱽ ᱟᱨ ᱠᱟᱹᱨᱤ ᱨᱮᱭᱟᱜ ᱵᱮᱱᱟᱣᱟᱱ ᱟᱨ ᱵᱳᱭᱱᱫᱷᱤᱠ ᱠᱟᱹᱢᱤ ᱨᱮᱭᱟᱜ ᱜᱮᱞᱟᱨᱤ ᱢᱮᱱᱟᱜᱼᱟ ᱾"
1068,बढ़िया! ये क्या दुनिया के सबसे पुराने म्यूज़ियमों में से एक है?,ᱟᱹᱰᱤ ᱢᱚᱡ ! ᱱᱚᱶᱟᱫᱚ ᱪᱮᱫ ᱫᱷᱟᱹᱨᱛᱤ ᱨᱮᱭᱟᱜ ᱡᱚᱛᱚᱠᱷᱚᱱ ᱢᱟᱨᱮᱱ ᱡᱟᱹᱫᱩᱚᱲᱟᱜ ᱠᱟᱱᱟ ?,ᱟᱹᱰᱤ ᱱᱟᱯᱟᱭ! ᱱᱚᱶᱟ ᱫᱚ ᱪᱮᱫ ᱡᱮᱜᱮᱫ ᱨᱮᱭᱟᱜ ᱢᱟᱨᱮᱱ ᱢᱩᱭᱡᱤᱭᱟᱢ ᱠᱚ ᱢᱩᱫᱨᱮ ᱢᱤᱫᱴᱟᱝ?
1069,"हाँ, 1814 में एशियाटिक सोसायटी ऑफ़ बंगाल ने इसे कोलकाता में स्थापित किया था।","ᱦᱮᱸ, ᱱᱚᱶᱟᱫᱚ ᱑᱘᱑᱔ ᱥᱟᱹᱦᱤᱛᱨᱮ ᱠᱳᱞᱠᱟᱛᱟ ᱨᱮ ᱮᱥᱤᱭᱟᱴᱤᱠ ᱥᱚᱥᱟᱭᱴᱤ ᱚᱯᱷ ᱵᱮᱝᱜᱚᱞ ᱦᱚᱛᱮᱛᱮ ᱛᱷᱟᱯᱚᱱ ᱞᱮᱱᱟ ᱾","ᱦᱩᱭᱩᱜ ᱠᱟᱱᱟ, ᱥᱟᱹᱦᱤᱛ ᱨᱮ ᱮᱥᱤᱭᱟᱴᱤᱠ ᱥᱳᱥᱟᱭᱴᱤ ᱚᱯᱷ ᱵᱟᱝᱞᱟ ᱫᱟᱨᱟᱭ ᱛᱮ ᱠᱟᱞᱟᱠᱛᱚᱠᱛᱚ ᱨᱮ ᱱᱚᱶᱟ ᱛᱷᱟᱯᱚᱱ ᱦᱩᱭ ᱞᱮᱱᱟ ᱾"
1070,यह तो दिलचस्प है। गवर्नमेंट म्यूज़ियम इतना फ़ेमस क्यों है?,ᱟᱹᱰᱤ ᱨᱤᱡᱦᱟᱹᱣᱼᱟᱱᱟᱜ ᱾ ᱥᱚᱨᱠᱟᱨᱤ ᱡᱟᱹᱫᱩ ᱚᱲᱟᱜ ᱪᱮᱠᱟᱛᱮ ᱩᱱᱟᱹᱜ ᱧᱩᱛᱩᱢᱟᱱ ᱜᱮᱭᱟ ?,ᱱᱚᱶᱟ ᱫᱚ ᱟᱹᱰᱤ ᱱᱟᱯᱟᱭ ᱠᱟᱱᱟ ᱾ ᱥᱚᱨᱠᱟᱨ ᱟᱜ ᱢᱩᱭᱡᱤᱭᱟᱢ ᱫᱚ ᱪᱮᱫ ᱞᱟᱹᱜᱤᱫ ᱟᱹᱰᱤ ᱧᱩᱛᱩᱢᱟᱱ?
1071,"गवर्नमेंट म्यूज़ियम भूविज्ञान, जीवविज्ञान, मानव विज्ञान और वनस्पति विज्ञान के अलग-अलग प्रकार प्रदर्शित करता है।","ᱥᱚᱨᱠᱟᱨᱤ ᱡᱟᱹᱫᱩᱚᱲᱟᱜ ᱨᱮᱫᱚ ᱵᱷᱩᱛᱚᱛᱛᱚ, ᱯᱨᱟᱱᱤᱵᱤᱫᱫᱟ,ᱱᱨᱤᱛᱚᱛᱛᱚ ᱟᱨ ᱩᱫᱵᱷᱤᱛᱵᱤᱫᱫᱟ ᱨᱮᱭᱟᱜ ᱱᱟᱱᱟ ᱦᱩᱱᱟᱹᱨᱟᱱ ᱠᱚ ᱩᱫᱩᱜ ᱦᱩᱭᱩᱜᱼᱟ ᱿","ᱥᱚᱨᱠᱟᱨ ᱟᱜ ᱢᱩᱭᱚᱡᱚ ᱚᱲᱟᱜ ᱫᱚ ᱟᱭᱢᱟ ᱞᱮᱠᱟᱱ ᱡᱳᱨᱳꯂꯣꯖꯤ, ᱡᱳᱨᱳꯂꯣꯖꯤ, ᱦᱤᱭᱩᱢᱮᱱᱳᱡᱤ ᱟᱨ ᱵᱳᱴᱟᱱᱡᱤ ᱠᱚ ᱩᱫᱩᱜ ᱥᱚᱫᱚᱨᱼᱟ ᱾"
1072,1851 में अंग्रेज़ों के ज़माने में बनाया गया ये म्यूज़ियम उन लोगों के लिए सही जगह है जिनका झुकाव इतिहास और कला की ओर है।,"᱑᱘᱕᱑ ᱥᱟᱹᱦᱤᱛ ᱨᱮ ᱵᱨᱤᱴᱤᱥ ᱡᱩᱜ ᱨᱮ ᱛᱷᱟᱯᱚᱱ ᱞᱮᱱᱟ, ᱡᱟᱹᱫᱩᱚᱲᱟᱜ ᱫᱳ ᱱᱟᱜᱟᱢ ᱟᱨ ᱠᱟᱹᱨᱤ ᱥᱮᱡᱽ ᱡᱟᱦᱟᱸᱭ ᱜᱚᱨᱚᱡ ᱢᱮᱱᱟᱜ ᱛᱟᱠᱚᱣᱟ ᱚᱱᱟᱠᱱ ᱦᱚᱲ ᱞᱟᱹᱜᱤᱫ ᱢᱤᱫ ᱱᱤᱯᱟᱹᱴ ᱴᱷᱟᱶ ᱠᱟᱱᱟ ᱾",1851 ᱥᱟᱹᱦᱤᱛ ᱨᱮ ᱵᱨᱤᱴᱤᱥ ᱚᱠᱛᱚ ᱨᱮ ᱵᱮᱱᱟᱣ ᱟᱠᱟᱱ ᱱᱚᱶᱟ ᱢᱩᱭᱡᱤᱭᱟᱢ ᱫᱚ ᱱᱟᱜᱟᱢ ᱟᱨ ᱠᱟᱹᱨᱤ ᱪᱮᱛᱟᱱ ᱨᱮ ᱡᱳᱨ ᱟᱱ ᱦᱚᱲ ᱠᱚ ᱞᱟᱹᱜᱤᱫ ᱥᱚᱨᱮᱥ ᱴᱷᱟᱶ ᱠᱟᱱᱟ ᱾
1073,क्या तुम कुछ पूछना चाहते हो?,ᱟᱢᱟᱜ ᱡᱟᱦᱟᱱ ᱠᱩᱠᱞᱤ ᱢᱮᱱᱟᱜᱼᱟ ?,ᱟᱢ ᱪᱮᱫ ᱠᱤᱪᱷᱩ ᱵᱟᱰᱟᱭ ᱠᱷᱚᱡ ᱠᱟᱱᱟ?
1074,"नहीं, यह शेयर करने के लिए बहुत-बहुत धन्यवाद।","ᱵᱟᱝ, ᱱᱚᱶᱟ ᱥᱮᱭᱟᱨ ᱞᱟᱹᱜᱤᱫ ᱛᱮ ᱟᱭᱢᱟ ᱥᱟᱨᱦᱟᱣ ᱾","ᱵᱟᱝ, ᱱᱚᱶᱟ ᱦᱟᱹᱴᱤᱧ ᱞᱟᱹᱜᱤᱫ ᱟᱹᱰᱤ ᱜᱟᱱ ᱥᱟᱨᱦᱟᱰ ᱾"
1075,मैं इन्हें ध्यान में रखूँगा।,ᱚᱱᱟᱠᱚ ᱛᱮ ᱤᱧ ᱢᱤᱫᱴᱟᱝ ᱱᱳᱴ ᱤᱧ ᱵᱮᱱᱟᱣᱼᱟ ᱾,ᱤᱧ ᱱᱚᱶᱟ ᱠᱚ ᱩᱭᱦᱟᱹᱨ ᱫᱚᱦᱚ ᱤᱧᱢᱮ ᱾
1076,इसमें धन्यवाद की क्या बात है!,ᱟᱢᱟᱜ ᱥᱟᱹᱜᱩᱱ ᱫᱟᱨᱟᱢ !,ᱱᱚᱶᱟ ᱨᱮ ᱪᱮᱫ ᱞᱟᱹᱜᱤᱫ ᱛᱮ ᱥᱟᱨᱦᱟᱰ ᱮᱢ ᱦᱩᱭᱩᱜ ᱠᱟᱱᱟ?
1077,साहित्यिक सहायता संघ आने के लिए धन्यवाद।,ᱞᱤᱴᱮᱨᱮᱥᱤ ᱮᱰ ᱮᱥᱚᱥᱤᱭᱮᱥᱚᱱ ᱧᱮᱞ ᱞᱟᱹᱜᱤᱫ ᱟᱭᱢᱟ ᱥᱟᱨᱦᱟᱣ ᱾,ꯁꯥꯍꯤᱴᱤᱭᱟᱹ ᱮᱥᱤᱥᱴᱮᱱᱥ ᱤᱭᱩᱱᱤᱭᱚᱱ ᱦᱮᱡ ᱞᱟᱹᱜᱤᱫ ᱛᱮ ᱟᱢ ᱫᱚ ᱥᱟᱨᱦᱟᱰᱚᱜ ᱠᱟᱱᱟ ᱾
1078,मैं आपकी क्या सहायता कर सकता हूँ?,ᱟᱢ ᱜᱚᱲᱚᱣᱟᱢ ᱞᱟᱹᱜᱤᱫ ᱪᱮᱫ ᱤᱧ ᱪᱤᱠᱟᱹ ᱫᱟᱲᱮᱭᱟᱜᱼᱟ ?,ᱤᱧ ᱪᱮᱫ ᱞᱟᱹᱜᱤᱫ ᱟᱢ ᱜᱚᱲᱚᱧᱟᱢ ᱫᱟᱲᱮᱭᱟᱜᱼᱟ?
1079,बहुत-बहुत धन्यवाद!,ᱟᱢ ᱟᱭᱢᱟ ᱥᱟᱨᱦᱟᱣ ᱾,ᱟᱹᱰᱤ ᱜᱟᱱ ᱥᱟᱨᱦᱟᱶ ᱮᱢ ᱢᱮ ᱾
1080,मैं आपसे भारत में साहित्यिक कला को लेकर कुछ सवाल करना चाहता हूँ।,ᱤᱧ ᱟᱢ ᱵᱷᱟᱨᱚᱛ ᱨᱮᱭᱟᱜ ᱥᱟᱶᱦᱮᱫ ᱠᱟᱹᱨᱤ ᱤᱫᱤ ᱠᱟᱛᱮᱜ ᱠᱤᱪᱷᱤ ᱠᱩᱠᱞᱤᱧ ᱠᱩᱞᱤ ᱢᱮᱭᱟ ?,ᱤᱧ ᱵᱷᱟᱨᱚᱛ ᱨᱮᱭᱟᱜ ꯁꯥꯍꯤᱴᱤᱭᱟᱹ ᱠᱟᱹᱨᱤ ᱤᱫᱤ ᱠᱟᱛᱮ ᱟᱢ ᱴᱷᱮᱱ ᱠᱤᱪᱷᱩ ᱯᱚᱨᱤᱢᱟᱱ ᱯᱚᱨᱤᱢᱟᱱ ᱯᱚᱨᱤᱢᱟᱱ ᱯᱚᱨᱤᱢᱟᱱ ᱯᱚᱨᱤᱢᱟᱱ ᱯᱚᱨᱤᱢᱟᱱ ᱯᱚᱨᱤᱢᱟᱱ ᱯᱚᱨᱤᱢᱟᱱ ᱯᱚᱨᱤᱢᱟᱱ ᱯᱚᱨᱤᱢᱟᱱ ᱯᱚᱨᱤᱢᱟᱱ ᱯᱚᱨᱤᱢᱟᱱ ᱯᱚᱨᱤᱢᱟᱱ ᱯᱚᱨᱤᱢᱟᱱ ᱯᱚᱨᱤᱢᱟᱱ ᱯᱚᱨᱤᱢᱟᱱ ᱯᱚᱨᱤᱢᱟᱱ ᱯᱚᱨᱤᱢᱟᱱ ᱯᱚᱨᱤᱢᱟᱱ ᱯᱚᱨᱤᱢᱟᱱ ᱯᱚᱨᱤᱢᱟᱱ ᱯᱚᱨᱤᱢᱟᱱ ᱯᱚᱨᱤᱢᱟᱱ ᱯᱚᱨᱤᱢᱟᱱ ᱯᱚᱨᱤᱢᱟᱱ ᱯᱚᱨᱤᱢᱟᱱ ᱯᱚᱨᱤᱢᱟᱱ ᱯᱚᱨᱤᱢᱟᱱ ᱯᱚᱨᱤᱢᱟᱱ ᱯᱚᱨᱤᱢᱟᱱ ᱯᱚᱨᱤᱢᱟᱱ ᱯᱚᱨᱤᱢᱟᱱ ᱯᱚᱨᱤᱢᱟᱱ ᱯᱚᱨᱤᱢᱟᱱ ᱯᱚᱨᱤᱢᱟᱱ ᱯᱚᱨᱤᱢᱟᱱ ᱯᱚᱨᱤᱢᱟᱱ ᱯᱚᱨᱤᱢᱟᱱ ᱯᱚᱨᱤᱢ
1081,हाँ ज़रूर। मैं अपनी जानकारी और समझ के हिसाब से आपकी मदद करने की कोशिश करूँगा।,"ᱴᱷᱤᱠ ᱜᱮᱭᱟ, ᱴᱷᱠ ᱜᱮᱭᱟ ᱾ ᱤᱧᱟᱹᱜ ᱜᱮᱭᱟᱱ ᱟᱨ ᱵᱩᱡᱷᱟᱹᱣ ᱫᱟᱲᱮᱛᱮ ᱟᱢ ᱜᱚᱲᱚ ᱟᱢ ᱨᱮᱭᱟᱜ ᱤᱧ ᱨᱤᱠᱟᱹᱭᱟ ᱾","ᱦᱩᱭᱩᱜ ᱠᱟᱱᱟ, ᱤᱧ ᱟᱢᱟᱜ ᱵᱟᱰᱟᱭ ᱟᱨ ᱵᱟᱰᱟᱭ ᱞᱮᱠᱟᱛᱮ ᱟᱢ ᱜᱚᱲᱚ ᱞᱟᱹᱜᱤᱫ ᱮ ᱨᱤᱠᱟᱹᱭ ᱮᱫᱟ ᱾"
1082,साहित्यिक कला की परिभाषा क्या है?,ᱥᱟᱶᱦᱮᱫ ᱠᱟᱹᱨᱤ ᱨᱮᱭᱟᱜ ᱯᱟᱹᱱᱟᱹᱨᱥᱤ ᱪᱮᱫ ᱠᱟᱱᱟ ?,ꯁꯥꯍꯤᱴᱤᱭᱟᱹ ᱠᱟᱹᱨᱤ ᱨᱮᱭᱟᱜ ᱵᱚᱨᱱᱚᱱ ᱪᱮᱫ?
1083,"साहित्यिक कला, साहित्य से संबंधित कृतियाँ हैं जो शैली, विषय, किरदार या कहानी में बेहतरीन होती हैं। गाई जाने वाली कविताएँ, नाटक, लघु कथाएँ और उपन्यास सभी उदाहरण हैं।","ᱥᱟᱶᱦᱮᱫ ᱠᱟᱹᱨᱤ ᱫᱚ ᱦᱩᱭᱩᱜ ᱠᱟᱱᱟᱱ ᱥᱟᱶᱦᱮᱫ ᱨᱮᱭᱟᱜ ᱠᱟᱹᱢᱤ ᱡᱟᱦᱟᱸᱫᱚ ᱦᱚᱨᱟ,ᱥᱟᱛᱟᱢ,ᱪᱚᱨᱤᱛ ᱥᱮ ᱱᱟᱯᱟᱭ ᱠᱟᱹᱦᱤᱱᱤ ᱾ ᱥᱮᱨᱮᱧ ᱚᱱᱢᱦᱮ, ᱜᱟᱭᱟᱱ, ᱦᱩᱰᱤᱧ ᱠᱟᱹᱦᱤᱱᱤ ᱟᱨ ᱜᱟᱢᱟᱢ ᱥᱟᱱᱟᱢ ᱜᱮ ᱫᱟᱹᱭᱠᱟᱹ ᱠᱟᱱᱟ ᱾","ᱥᱟᱶᱦᱮᱫ ᱠᱟᱹᱨᱤ ᱦᱩᱭᱩᱜ ᱠᱟᱱᱟ ᱥᱟᱶᱦᱮᱫ ᱥᱟᱞᱟᱜ ᱥᱮᱞᱮᱫᱟᱱ ᱠᱟᱹᱢᱤ ᱡᱟᱦᱟᱸ ᱫᱚ ᱠᱟᱹᱨᱤ, ᱥᱟᱛᱟᱢ, ᱪᱚᱨᱤᱛ ᱥᱮ ᱠᱟᱹᱦᱱᱤ ᱨᱮ ᱥᱚᱨᱮᱥ ᱾ ᱥᱮᱨᱮᱧ ᱨᱮᱭᱟᱜ ᱠᱟᱶᱰᱤ, ᱜᱟᱭᱟᱱ, ᱦᱩᱰᱤᱧ ᱠᱟᱹᱦᱱᱤᱭ ᱟᱨ ᱜᱟᱢᱟᱢ ᱥᱟᱱᱟᱢᱟᱜ ᱜᱮ ᱫᱟᱹᱭᱠᱟᱹ ᱾"
1084,साहित्यिक कला का क्या महत्व है?,ᱥᱟᱶᱦᱮᱫ ᱠᱟᱹᱨᱤ ᱨᱮᱭᱟᱜ ᱮᱱᱮᱢ ᱪᱮᱫ ᱠᱟᱱᱟ ?,ꯁꯥꯍꯤᱴᱤᱭᱟᱹ ᱠᱟᱹᱨᱤ ᱨᱮᱭᱟᱜ ᱜᱚᱱᱚᱝ ᱪᱮᱫ?
1085,इससे हम उन सभी चीज़ों के बारे में एक दूसरे को जानकारी दे सकते हैं जिन्हें बोल कर व्यक्त करना असंभव है।,ᱱᱚᱶᱟᱫᱚ ᱟᱞᱮ ᱡᱟᱦᱟᱱ ᱥᱟᱛᱟᱢᱨᱮ ᱜᱮᱭᱟᱱᱮ ᱮᱯᱮᱢ ᱪᱟᱯᱟᱞ ᱟᱞᱮᱭᱟ ᱡᱟᱦᱟᱸᱫᱚ ᱢᱚᱪᱟ ᱠᱟᱛᱷᱟᱛᱮ ᱥᱚᱫᱚᱨ ᱵᱟᱝ ᱜᱟᱱᱚᱜᱼᱟ ᱾,ᱱᱚᱶᱟ ᱫᱚ ᱟᱢ ᱢᱤᱫ ᱦᱚᱲ ᱟᱨ ᱢᱤᱫ ᱦᱚᱲ ᱴᱷᱮᱱ ᱥᱟᱱᱟᱢᱟᱜ ᱠᱟᱛᱷᱟ ᱞᱟᱹᱭ ᱫᱟᱲᱮᱹᱭᱟᱜᱼᱟ ᱡᱟᱦᱟᱸ ᱫᱚ ᱠᱟᱛᱷᱟ ᱞᱟᱹᱭ ᱠᱟᱛᱮ ᱩᱪᱷᱟᱹᱱ ᱵᱟᱝ ᱦᱳᱭᱳᱜᱼᱟ ᱾
1086,"हम अपनी भावनाओं, विचारों, अनुभवों और जो कुछ भी हमारे ध्यान में आता है, उसे लिखकर व्यक्त करना का तरीका ढूँढते हैं।","ᱟᱞᱮᱫᱚ ᱟᱞᱮᱭᱟᱜ ᱟᱹᱭᱠᱟᱹᱣ, ᱩᱭᱦᱟᱹᱨ, ᱵᱩᱡᱩᱱ ᱟᱨ ᱮᱴᱟᱜ ᱡᱟᱦᱟᱸ ᱠᱤᱪᱷᱤ ᱢᱚᱱᱮᱨᱮ ᱦᱤᱡᱩᱜᱼᱟ ᱚᱱᱟ ᱥᱚᱫᱚᱨ ᱨᱮᱭᱟᱜ ᱢᱤᱫ ᱦᱚᱨᱟᱞᱮ ᱯᱟᱸᱡᱟ ᱧᱟᱢᱟ ᱾","ᱤᱧᱟᱹᱜ ᱢᱚᱱᱮ, ᱩᱭᱦᱟᱹᱨ, ᱚᱱᱩᱢᱟᱹᱱ ᱟᱨ ᱡᱟᱦᱟᱸ ᱪᱮᱫ ᱦᱚᱸ ᱤᱧᱟᱹᱜ ᱢᱚᱱᱮ ᱨᱮ ᱦᱮᱡᱚᱜᱼᱟ, ᱚᱱᱟ ᱚᱞ ᱠᱟᱛᱮ ᱞᱟᱹᱭ ᱨᱮᱭᱟᱜ ᱩᱯᱟᱹᱭ ᱤᱧᱟᱹᱜ ᱟ ᱾"
1087,ओके। भारत का सबसे पुराना साहित्य कौन-सा है?,ᱴᱷᱤᱠ ᱜᱮᱭᱟ ᱾ ᱵᱷᱟᱨᱚᱛ ᱨᱮᱭᱟᱜ ᱢᱟᱨᱮ ᱩᱛᱟᱹᱨ ᱥᱟᱶᱦᱮᱫ ᱚᱠᱟ ᱠᱟᱱᱟ ?,ᱳᱠᱮ ᱾ ᱵᱷᱟᱨᱚᱛ ᱨᱮᱭᱟᱜ ᱢᱟᱨᱮᱱ ᱥᱟᱶᱦᱮᱫ ᱪᱮᱫ?
1088,वेदों को भारत के सबसे पुराने साहित्य के तौर पर जाना जाता है।,ᱵᱮᱫ ᱫᱚ ᱦᱩᱭᱩᱜ ᱠᱟᱱᱟ ᱵᱦᱟᱨᱚᱛ ᱨᱮᱭᱟᱜ ᱧᱩᱢᱟᱱ ᱢᱟᱨᱮ ᱥᱟᱶᱦᱮᱫ ᱠᱟᱹᱢᱤ ᱾,ᱵᱷᱟᱨᱚᱛ ᱨᱮᱭᱟᱜ ᱡᱚᱛᱚᱠᱷᱚᱱ ᱢᱟᱨᱮᱱ ᱥᱟᱶᱦᱮᱫ ᱞᱮᱠᱟᱛᱮ ᱵᱳᱭᱫᱥ ᱠᱚ ᱩᱯᱨᱩᱢᱚᱜᱼᱟ ᱾
1089,वे संस्कृत में लिखे गए थे और मौखिक रूप से पीढ़ी दर पीढ़ी आगे बढ़ते गए।,ᱱᱚᱶᱟ ᱠᱚᱫᱚ ᱥᱚᱝᱥᱠᱨᱤᱛ ᱯᱟᱹᱨᱥᱤᱛᱮ ᱚᱞ ᱦᱩᱭᱞᱮᱱᱟ ᱟᱨ ᱛᱷᱩᱛᱤ ᱞᱮᱠᱟᱛᱮ ᱯᱤᱲᱦᱤ ᱠᱷᱚᱱ ᱯᱤᱲᱦᱤᱨᱮ ᱵᱚᱫᱚᱞ ᱦᱩᱭ ᱟᱠᱟᱱᱟ ᱿,ᱱᱚᱶᱟ ᱠᱚᱫᱚ ᱥᱚᱝᱥᱠᱨᱤᱛ ᱯᱟᱹᱨᱥᱤᱛᱮ ᱚᱞ ᱛᱟᱦᱮᱸ ᱠᱟᱱᱟ ᱟᱨ ᱛᱟᱭᱚᱢ ᱛᱟᱭᱚᱢ ᱛᱟᱭᱚᱢ ᱛᱟᱭᱚᱢ ᱛᱟᱭᱚᱢ ᱛᱟᱭᱚᱢ ᱛᱟᱭᱚᱢ ᱛᱟᱭᱚᱢ ᱛᱟᱭᱚᱢ ᱛᱟᱭᱚᱢ ᱛᱟᱭᱚᱢ ᱛᱟᱭᱚᱢ ᱛᱟᱭᱚᱢ ᱛᱟᱭᱚᱢ ᱛᱟᱭᱚᱢ ᱛᱟᱭᱚᱢ ᱛᱟᱭᱚᱢ ᱛᱟᱭᱚᱢ ᱛᱟᱭᱚᱢ ᱛᱟᱭᱚᱢ ᱛᱟᱭᱚᱢ ᱛᱟᱭᱚᱢ ᱛᱟᱭᱚᱢ ᱛᱟᱭᱚᱢ ᱛᱟᱭᱚᱢ ᱛᱟᱭᱚᱢ ᱛᱟᱭᱚᱢ ᱛᱟᱭᱚᱢ ᱛᱟᱭᱚᱢ ᱛᱟᱭᱚᱢ ᱛᱟᱭᱚᱢ ᱛᱟᱭᱚᱢ ᱛᱟᱭᱚᱢ ᱛᱟᱭᱚᱢ ᱛᱟᱭᱚᱢ ᱛᱟᱭᱚᱢ ᱛᱟᱭᱚᱢ ᱛᱟᱭᱚᱢ ᱛᱟᱭᱚᱢ ᱛᱟᱭᱚᱢ ᱛᱟᱭᱚᱢ ᱛᱟᱭᱚᱢ ᱛᱟᱭᱚᱢ ᱛᱟᱭᱚᱢ ᱛᱟᱭᱚᱢ ᱛᱟᱭᱚᱢ ᱛᱟᱭᱚᱢ ᱛᱟᱭᱚᱢ ᱛᱟᱭᱚᱢ ᱛᱟᱭᱚᱢ ᱛᱟᱭᱚᱢ ᱛᱟᱭᱚᱢ ᱛᱟᱭᱚᱢ ᱛᱟᱭᱚᱢ ᱛᱟᱭᱚᱢ ᱛᱟᱭᱚᱢ ᱛᱟᱭᱚᱢ ᱛᱟᱭᱚᱢ ᱛᱟᱭᱚᱢ ᱛᱟᱭᱚᱢ ᱛᱟᱭᱚᱢ ᱛᱟᱭᱚᱢ ᱛᱟᱭᱚᱢ ᱛᱟᱭᱚᱢ ᱛᱟᱭᱚᱢ ᱛᱟᱭᱚᱢ ᱛᱟᱭᱚᱢ ᱛᱟᱭᱚᱢ ᱛᱟᱭᱚᱢ ᱛᱟᱭᱚᱢ ᱛᱟᱭᱚᱢ ᱛᱟᱭᱚᱢ ᱛᱟᱭᱚᱢ ᱛᱟᱭᱚᱢ ᱛᱟᱭᱚᱢ ᱛᱟᱭᱚᱢ ᱛᱟᱭᱚᱢ ᱛᱟᱭᱚᱢ ᱛᱟᱭᱚᱢ ᱛᱟᱭᱚᱢ ᱛᱟᱭᱚᱢ ᱛᱟᱭᱚᱢ ᱛᱟᱭᱚᱢ ᱛᱟᱭᱚᱢ ᱛᱟᱭᱚᱢ ᱛᱟᱭᱚᱢ ᱛᱟᱭᱚᱢ ᱛᱟᱭᱚᱢ ᱛᱟᱭᱚᱢ ᱛᱟᱭᱚᱢ ᱛᱟᱭᱚᱢ ᱛᱟᱭᱚᱢ ᱛᱟᱭᱚᱢ ᱛᱟᱭᱚᱢ ᱛᱟᱭᱚᱢ ᱛᱟᱭᱚᱢ ᱛᱟᱭᱚᱢ ᱛᱟᱭᱚᱢ ᱛᱟᱭᱚᱢ ᱛᱟᱭᱚᱢ ᱛᱟᱭᱚᱢ ᱛᱟᱭᱚᱢ ᱛᱟᱭᱚᱢ ᱛᱟᱭᱚᱢ ᱛᱟᱭᱚᱢ ᱛᱟᱭᱚᱢ ᱛᱟᱭᱚᱢ ᱛᱟᱭᱚᱢ ᱛᱟᱭᱚᱢ ᱛᱟᱭᱚᱢ ᱛᱟᱭᱚᱢ ᱛᱟᱭᱚᱢ ᱛᱟᱭᱚᱢ ᱛᱟᱭᱚᱢ ᱛᱟᱭᱚᱢ ᱛᱟᱭᱚᱢ ᱛᱟᱭᱚᱢ ᱛᱟᱭᱚᱢ
1090,भारत में साहित्यिक कला की कौन-कौन सी शैलियाँ हैं?,ᱵᱦᱟᱨᱚᱛ ᱨᱮ ᱥᱟᱶᱦᱮᱫ ᱠᱟᱹᱨᱤ ᱨᱮᱭᱟᱜ ᱦᱚᱨᱟ ᱠᱚᱫᱚ ᱚᱠᱟᱴᱟᱜ ᱠᱟᱱᱟ ?,ᱵᱷᱟᱨᱚᱛ ᱨᱮ ᱪᱮᱫ ᱞᱮᱠᱟᱱ ꯁꯥꯍꯤᱴᱤᱭᱟᱹ ᱠᱟᱹᱨᱤ ᱢᱮᱱᱟᱜᱼᱟ?
1091,"गद्य, नाटक और काव्य तीन प्रमुख शैलियाँ हैं।","ᱚᱱᱚᱞ, ᱜᱟᱭᱟᱱ ᱟᱨ ᱚᱱᱚᱬᱦᱮ ᱱᱚᱶᱟᱠᱚ ᱯᱮᱭᱟ ᱫᱷᱟᱨᱟ ᱿","ᱯᱮ ᱜᱚᱴᱟᱝ ᱢᱩᱲᱩᱫ ᱠᱟᱹᱨᱤ ᱦᱩᱭᱩᱜ ᱠᱟᱱᱟ ᱵᱚᱨᱱᱚᱱ, ᱜᱟᱭᱟᱱ ᱟᱨ ᱠᱟᱶᱰᱤ ᱾"
1092,गद्य ऐसा साहित्य है जिसमें बातचीत और वाक्य रचना का एक परिचित तरीका अपनाया जाता है।,ᱚᱱᱚᱞ ᱫᱚ ᱦᱩᱭᱩᱜ ᱠᱟᱱᱟ ᱢᱤᱫ ᱞᱮᱠᱟᱱ ᱥᱟᱶᱦᱮᱫ ᱡᱟᱦᱟᱸᱫᱚ ᱠᱟᱛᱷᱟ ᱜᱟᱞᱢᱟᱨᱟᱣ ᱟᱨ ᱟᱹᱭᱟᱹᱛ ᱵᱮᱱᱟᱣ ᱨᱮᱭᱟᱜ ᱟᱭ ᱩᱢᱟᱹᱱ ᱦᱚᱨᱟᱭ ᱯᱟᱸᱡᱟᱭᱟ ᱾,ᱵᱚᱨᱱᱚᱱ ᱫᱚ ᱦᱩᱭᱩᱜ ᱠᱟᱱᱟ ᱚᱱᱟ ꯁꯥꯍꯤᱴᱚ ᱡᱟᱦᱟᱸ ᱨᱮ ᱠᱟᱛᱷᱟᱼᱵᱟᱹᱲᱤᱡ ᱟᱨ ᱵᱚᱨᱱᱚᱱ ᱨᱮᱭᱟᱜ ᱢᱤᱫᱴᱟᱝ ᱩᱯᱨᱩᱢ ᱦᱚᱨᱟ ᱦᱟᱛᱟᱣ ᱦᱳᱭᱳᱜᱼᱟ ᱾
1093,"छंदमयी कथा काल्पनिक या गैर-कथा हो सकती है, और यह कई तरह के विषयों को कवर कर सकती है।",ᱢᱤᱫᱴᱟᱝ ᱪᱷᱟᱸᱫᱟᱛᱮ ᱛᱚᱞ ᱠᱟᱹᱦᱤᱱᱤ ᱫᱚ ᱵᱮᱱᱟᱣ ᱠᱟᱹᱦᱤᱱᱤ ᱥᱮ ᱵᱮᱜᱚᱨ ᱵᱮᱱᱟᱣ ᱠᱟᱹᱦᱤᱱᱤ ᱦᱩᱭ ᱫᱟᱲᱮᱭᱟᱜᱼᱟ ᱟᱨ ᱱᱚᱶᱟᱫᱚ ᱟᱭᱢᱟ ᱥᱟᱛᱟᱢ ᱯᱩᱨᱟᱹᱣ ᱫᱟᱲᱮᱭᱟᱜᱼᱟ ᱾,ᱠᱟᱹᱦᱱᱤᱭ ᱫᱚ ᱩᱭᱦᱟᱹᱨ ᱟᱱᱟᱜ ᱥᱮ ᱵᱟᱝ ᱩᱭᱦᱟᱹᱨᱟᱱ ᱦᱩᱭ ᱫᱟᱲᱮᱭᱟᱜᱼᱟ ᱟᱨ ᱱᱚᱶᱟ ᱫᱚ ᱟᱭᱢᱟ ᱞᱮᱠᱟᱱ ᱥᱟᱛᱟᱢ ᱠᱚ ᱥᱮᱞᱮᱫ ᱫᱟᱲᱮᱭᱟᱜᱼᱟ ᱾
1094,"वहीं दूसरी ओर, कविता ऐसी साहित्यिक रचना है जिसमें किसी प्रबल भावना या विचार को बताने के लिए ताल, तुकबंदी और अन्य तरीके शामिल होते हैं।","ᱮᱴᱟᱜ ᱥᱮᱡ, ᱚᱱᱚᱬᱦᱮ ᱫᱚ ᱦᱩᱭᱩᱜ ᱠᱟᱱᱟ ᱢᱤᱫᱴᱟᱝ ᱥᱟᱶᱦᱮᱫ ᱠᱟᱹᱢᱤ ᱡᱟᱦᱟᱸᱫᱚ ᱢᱤᱫᱴᱟᱝ ᱫᱟᱲᱮᱭᱟᱱ ᱟᱹᱭᱠᱟᱹᱣ ᱥᱮ ᱩᱭᱦᱟᱹᱨ ᱥᱟᱶᱛᱮ ᱡᱳᱜᱟᱡᱳᱜ ᱞᱟᱹᱜᱤᱫ ᱵᱟᱹᱣᱞᱤ, ᱪᱷᱟᱸᱫᱟ ᱟᱨ ᱮᱴᱟᱜ ᱦᱚᱨᱟ ᱠᱚᱭ ᱵᱮᱣᱦᱟᱨᱟ ᱾","ᱮᱴᱟᱜ ᱥᱮᱫ, ᱠᱟᱶᱰᱤ ᱫᱚ ᱦᱩᱭᱩᱜ ᱠᱟᱱᱟ ᱢᱤᱫᱴᱟᱝ ꯁꯥꯍꯤᱴᱤᱭᱟᱹ ᱠᱟᱹᱢᱤ ᱡᱟᱦᱟᱸ ᱨᱮ ᱢᱤᱫᱴᱟᱝ ᱫᱟᱲᱮᱹᱣᱟᱱᱟᱜ ᱚᱱᱩᱢᱟᱹᱱ ᱥᱮ ᱩᱭᱦᱟᱹᱨ ᱞᱟᱹᱭ ᱞᱟᱹᱜᱤᱫ ᱛᱟᱞ, ᱨᱟᱹᱲ ᱟᱨ ᱮᱴᱟᱜ ᱦᱚᱨᱟ ᱥᱮᱞᱮᱫ ᱢᱮᱱᱟᱜᱼᱟ ᱾"
1095,भारत की पहली साहित्यिक भाषा कौन-सी थी?,ᱵᱷᱟᱨᱚᱛ ᱨᱮᱭᱟᱜ ᱯᱳᱭᱞᱳ ᱥᱟᱶᱦᱮᱫ ᱨᱮᱭᱟᱜ ᱯᱟᱹᱨᱥᱤ ᱫᱚ ᱚᱠᱟᱴᱟᱜ ᱠᱟᱱᱟ ?,ᱵᱷᱟᱨᱚᱛ ᱨᱮᱭᱟᱜ ᱯᱳᱭᱞᱳ ꯁꯥꯍꯤᱴᱤᱭᱟᱹ ᱯᱟᱹᱨᱥᱤ ᱫᱚ ᱪᱮᱫ ᱛᱟᱦᱮᱸ ᱠᱟᱱᱟ?
1096,संस्कृत दुनिया की सबसे पुरानी भाषा है।,ᱥᱚᱝᱥᱠᱨᱤᱛ ᱫᱚ ᱫᱷᱟᱹᱨᱛᱤ ᱨᱮᱭᱟᱜ ᱡᱚᱛᱚᱠᱷᱚᱱ ᱢᱟᱨᱮ ᱯᱟᱹᱨᱥᱤ ᱠᱟᱱᱟ ᱾,ᱥᱚᱝᱥᱠᱨᱤᱛ ᱯᱟᱹᱨᱥᱤ ᱫᱚ ᱦᱩᱭᱩᱜ ᱠᱟᱱᱟ ᱡᱮᱜᱮᱫ ᱨᱮᱭᱟᱜ ᱢᱟᱨᱮᱱ ᱯᱟᱹᱨᱥᱤ ᱾
1097,क्या आप इसके बारे में और समझा कर बता सकते हैं?,ᱟᱢ ᱱᱚᱶᱟ ᱵᱤᱪᱷᱱᱟᱹᱣ ᱛᱮᱢ ᱞᱟᱹᱭ ᱫᱟᱲᱮᱭᱟᱜᱼᱟ ?,ᱟᱢ ᱠᱤ ᱱᱚᱶᱟ ᱵᱟᱨᱮᱛᱮ ᱟᱨᱦᱚᱸ ᱵᱚᱨᱱᱚᱱ ᱮᱢ ᱫᱟᱲᱮᱭᱟᱜᱼᱟ?
1098,"बिल्कुल! श्रुति परम्परा के बाद से, संस्कृत साहित्य हमें मौखिक परंपरा द्वारा मिलता गया है।","ᱮᱠᱫᱚᱢ ! ᱟᱸᱡᱚᱢ ᱥᱮᱨᱣᱟ ᱠᱷᱚᱱ, ᱥᱚᱝᱥᱠᱨᱤᱛᱚ ᱥᱟᱶᱦᱮᱫ ᱛᱷᱩᱛᱤ ᱥᱮᱨᱣᱟ ᱛᱟᱞᱟᱛᱮ ᱟᱵᱳᱴᱷᱮᱱ ᱦᱮᱡ ᱟᱠᱟᱱᱟ ᱿","ᱥᱚᱨᱛᱤ ᱥᱮᱨᱣᱟ ᱛᱟᱭᱚᱢ ᱠᱷᱚᱱ, سنسکرت ᱥᱟᱶᱦᱮᱫ ᱫᱚ ᱤᱧᱟᱹᱜ ᱠᱟᱛᱷᱟ ᱞᱮᱠᱟᱛᱮ ᱩᱯᱨᱩᱢᱟ ᱾"
1099,सबसे ज़्यादा काम कविता में किया गया है।,ᱚᱞ ᱛᱚᱞ ᱟᱠᱟᱱ ᱨᱮ ᱡᱚᱛᱚᱠᱷᱚᱱ ᱵᱟᱹᱲᱛᱤ ᱫᱚ ᱚᱱᱚᱬᱦᱮ ᱢᱮᱱᱟᱜᱼᱟ ᱾,ᱠᱟᱶᱰᱤ ᱨᱮ ᱡᱚᱛᱚ ᱠᱷᱚᱱ ᱰᱷᱮᱨ ᱠᱟᱹᱢᱤ ᱠᱚᱨᱟᱣ ᱦᱳᱭ ᱟᱠᱟᱱᱟ ᱾
1100,"कविता में संस्कृत रचनाओं पर लगातार काम ऋग्वेद में देखा जा सकता है, जो विश्व साहित्य का सबसे पुराना दस्तावेज़ है।",ᱚᱱᱚᱬᱦᱮᱨᱮ ᱥᱚᱝᱥᱠᱨᱤᱛ ᱚᱞ ᱨᱮᱭᱟᱜ ᱢᱤᱫ ᱵᱟᱝ ᱵᱷᱮᱜᱟᱨᱼᱟᱱ ᱞᱤᱸᱜᱤᱫᱚ ᱡᱮᱜᱮᱫ ᱡᱟᱠᱟᱛ ᱥᱟᱶᱦᱮᱫ ᱨᱮᱭᱟᱜ ᱢᱟᱨᱮ ᱩᱛᱟᱹᱨ ᱚᱞ ᱨᱤᱜᱵᱮᱫᱽ ᱨᱮ ᱧᱟᱢᱚᱜᱼᱟ ᱾,ᱠᱟᱶᱰᱤ ᱨᱮ سنسکرت ᱨᱮᱭᱟᱜ ᱚᱞ ᱪᱮᱛᱟᱱ ᱨᱮ ᱪᱟᱞᱟᱣᱟᱱ ᱠᱟᱹᱢᱤ ᱫᱚ ᱡᱮᱜᱮᱫ ᱥᱟᱶᱦᱮᱫ ᱨᱮᱭᱟᱜ ᱢᱟᱨᱮᱱ ᱱᱩᱛᱚᱱᱟ ᱨᱤᱜᱵᱮᱫᱽ ᱨᱮ ᱧᱮᱞ ᱧᱟᱢᱚᱜᱼᱟ ᱾
1101,कमाल की बात है!,ᱱᱚᱶᱟᱫᱚ ᱥᱟᱹᱨᱤᱜᱮ ᱦᱟᱦᱟᱲᱟᱼᱟᱱ !,ᱟᱹᱰᱤ ᱱᱟᱯᱟᱭ ᱠᱟᱛᱷᱟ ᱠᱟᱱᱟ ᱾
1102,"सर, इतने अच्छे से समझाने के लिए धन्यवाद।","ᱥᱮᱨ, ᱟᱢᱟᱜ ᱱᱟᱯᱟᱭ ᱵᱤᱪᱷᱱᱟᱹᱣ ᱞᱟᱹᱜᱤᱫ ᱥᱟᱨᱦᱟᱣ ᱾","ᱥᱟᱨ, ᱟᱹᱰᱤ ᱱᱟᱯᱟᱭ ᱛᱮ ᱵᱚᱨᱱᱚᱱ ᱞᱟᱹᱜᱤᱫ ᱛᱮ ᱟᱢ ᱫᱚ ᱥᱟᱨᱦᱟᱰᱚᱜ ᱠᱟᱱᱟ ᱾"
1103,आपका स्वागत है!,ᱡᱟᱦᱟᱸ ᱛᱤᱱᱨᱮᱜᱮ ᱟᱢᱟᱜ ᱫᱚ ᱥᱟᱹᱜᱩᱱ ᱫᱟᱨᱟᱢ !,ᱟᱢ ᱫᱚ ᱥᱟᱨᱦᱟᱶ ᱮᱢ ᱦᱩᱭᱩᱜ ᱠᱟᱱᱟ ᱾
1104,आपका दिन शुभ हो!,ᱱᱟᱯᱟᱭ ᱫᱤᱱ ᱯᱟᱨᱚᱢ ᱢᱮ !,ᱟᱢᱟᱜ ᱫᱤᱱ ᱫᱚ ᱱᱟᱯᱟᱭ ᱦᱚᱭᱩᱜ ᱟ ᱾
1105,बाय!,ᱵᱤᱫᱟᱹᱭ !,ᱵᱳᱭ!
1106,"हैलो, मैं कुतुब मीनार देखने का समय जानने के लिए कॉल कर रहा हूँ।","ᱦᱮᱞᱳ, ᱤᱧᱫᱚ ᱠᱩᱛᱩᱵ ᱢᱤᱱᱟᱨ ᱧᱮᱞ ᱨᱮᱭᱟᱜ ᱚᱠᱛᱚ ᱵᱟᱨᱮᱛᱮ ᱠᱩᱞᱤ ᱞᱟᱹᱜᱤᱫ ᱤᱧ ᱠᱚᱞ ᱟᱠᱟᱫᱟ ᱾","ᱦᱮᱞᱟᱭ, ᱤᱧ ᱠᱩᱛᱩᱵ ᱢᱮᱱᱟᱨᱟ ᱧᱮᱞ ᱨᱮᱭᱟᱜ ᱚᱠᱛᱚ ᱵᱟᱰᱟᱭ ᱞᱟᱹᱜᱤᱫ ᱠᱚᱞ ᱮᱫᱟ ᱾"
1107,"जी, यह स्मारक हर दिन खुला रहता है और आप सुबह 7 बजे से शाम 5 बजे के बीच किसी भी समय आ सकते हैं।","ᱦᱮᱸ, ᱩᱭᱦᱟᱹᱨ ᱵᱟᱛᱷᱟᱱᱫᱚ ᱡᱚᱛᱚ ᱰᱤᱱᱜᱮ ᱡᱷᱤᱡ ᱛᱟᱦᱮᱱᱟ ᱟᱨ ᱟᱢᱫᱚ ᱥᱮᱛᱟᱜ ᱗ᱺ᱐᱐ ᱠᱷᱚᱱ ᱟᱹᱭᱩᱵ ᱕ᱺ᱐᱐ ᱢᱩᱫᱽᱨᱮ ᱡᱟᱦᱟᱸ ᱛᱤᱱ ᱨᱮᱜᱮᱢ ᱧᱮᱞ ᱫᱲᱟᱮᱭᱟᱜᱼᱟ ᱾","ᱡᱤ, ᱱᱚᱶᱟ ᱩᱭᱦᱟᱹᱨᱟᱱ ᱴᱷᱟᱶ ᱫᱚ ᱡᱚᱛᱚ ᱫᱤᱱ ᱜᱮ ᱮᱦᱚᱵᱚᱜᱼᱟ ᱟᱨ ᱟᱢ صبح 7 ᱴᱟᱲᱟᱝ ᱠᱷᱚᱱ شام 5 ᱴᱟᱲᱟᱝ ᱢᱩᱫᱨᱮ ᱡᱟᱦᱟᱸ ᱚᱠᱛᱚ ᱨᱮᱦᱚᱸ ᱦᱮᱡ ᱫᱟᱲᱮᱭᱟᱜᱼᱟ ᱾"
1108,वयस्कों की एंट्री फ़ी क्या है?,ᱥᱮᱱᱲᱟ ᱦᱚᱲ ᱠᱚ ᱞᱟᱹᱜᱤᱫ ᱵᱚᱞᱚᱜ ᱜᱚᱱᱚᱝ ᱫᱚ ᱛᱤᱱᱟᱹᱜ ᱠᱟᱱᱟ ?,ᱢᱟᱨᱟᱝ ᱠᱚᱣᱟᱜ ᱥᱮᱞᱮᱫ ᱯᱷᱤ ᱪᱮᱫ?
1109,वयस्कों के लिए कोई अलग एंट्री फ़ी नहीं है।,ᱥᱮᱸᱲᱟ ᱦᱚᱲᱠᱚ ᱞᱟᱹᱜᱤᱫ ᱡᱟᱦᱟᱱ ᱵᱷᱮᱜᱟᱨ ᱵᱚᱞᱚᱜ ᱜᱚᱱᱚᱝ ᱫᱚ ᱵᱟᱹᱱᱩᱜᱼᱟ ᱿,ᱢᱟᱨᱟᱝ ᱠᱚ ᱞᱟᱹᱜᱤᱫ ᱡᱟᱦᱟᱱ ᱵᱷᱮᱜᱟᱨ ᱥᱮᱞᱮᱫ ᱯᱷᱤ ᱵᱟᱝ ᱢᱮᱱᱟᱜᱼᱟ ᱾
1110,यह इस बात पर निर्भर करता है कि आप भारतीय हैं या विदेशी।,ᱱᱚᱶᱟᱫᱚ ᱟᱢ ᱵᱷᱟᱨᱚᱛ ᱨᱮᱱ ᱥᱮ ᱵᱤᱞᱟᱹᱛ ᱨᱮᱱ ᱠᱟᱱᱟᱢ ᱚᱱᱟ ᱪᱮᱛᱟᱱ ᱨᱮᱭ ᱴᱮᱦᱟᱸᱰᱟ ᱾,ᱟᱢ ᱵᱷᱟᱨᱚᱛ ᱨᱮᱱ ᱥᱮ ᱮᱴᱟᱜ ᱫᱤᱥᱚᱢ ᱨᱮᱱ ᱚᱱᱟ ᱪᱮᱛᱟᱱ ᱴᱮᱦᱟᱴᱚᱜᱼᱟ ᱾
1111,भारतीयों के लिए यह 35 रुपये है और विदेशियों के लिए 550 रुपये है।,ᱵᱷᱟᱨᱚᱛᱤᱭᱚ ᱠᱚ ᱞᱟᱹᱜᱤᱫ ᱓᱕ ᱴᱟᱠᱟ ᱟᱨ ᱵᱤᱞᱟᱹᱛᱤ ᱠᱚ ᱞᱟᱹᱜᱤᱫ ᱕᱕᱐ ᱴᱟᱠᱟ ᱾,ᱵᱷᱟᱨᱚᱛ ᱨᱮᱱ ᱦᱚᱲ ᱠᱚ ᱞᱟᱹᱜᱤᱫ ᱱᱚᱶᱟ ᱫᱚ 35 ᱴᱟᱠᱟ ᱟᱨ ᱮᱴᱟᱜ ᱫᱤᱥᱚᱢ ᱨᱮᱱ ᱦᱚᱲ ᱠᱚ ᱞᱟᱹᱜᱤᱫ 550 ᱴᱟᱠᱟ ᱾
1112,अच्छा। मैं जादवपुर यूनिवर्सिटी का छात्र हूँ।,ᱚᱱᱟ !ᱤᱧᱫᱚ ᱡᱟᱫᱚᱵᱯᱩᱨ ᱡᱮᱜᱮᱫ ᱵᱤᱨᱫᱟᱹᱜᱟᱲᱨᱮᱱ ᱯᱟᱹᱴᱷᱣᱟᱹ ᱠᱟᱱᱟᱹᱧ ᱾,ᱤᱧ ᱡᱟᱫᱚᱵᱯᱩᱨ ᱡᱮᱜᱮᱫ ᱵᱤᱨᱫᱟᱹᱜᱟᱲ ᱨᱮᱱ ᱢᱤᱫ ᱜᱤᱫᱽᱨᱟᱹ ᱾
1113,कोई स्टूडेंट डिस्काउंट है जो मुझे मिल सकता है?,ᱱᱚᱸᱰᱮ ᱯᱟᱴᱷᱣᱟᱹ ᱞᱟᱹᱜᱤᱫ ᱪᱷᱟᱹᱲ ᱢᱮᱱᱟᱜᱼᱟ ᱡᱟᱦᱟᱸᱫᱚ ᱤᱧ ᱧᱟᱢ ᱫᱟᱲᱮᱭᱟᱜᱼᱟ ?,ᱤᱧ ᱪᱮᱫ ᱥᱮᱪᱮᱫᱤᱭᱟᱹ ᱠᱚᱣᱟᱜ ᱪᱷᱟᱹᱲ ᱮᱢ ᱧᱟᱢ ᱫᱟᱲᱮᱭᱟᱜᱼᱟ?
1114,मैं अपने साथ चार दोस्तों को भी लाने के बारे में सोच रहा हूँ।,ᱤᱧ ᱤᱧᱨᱮᱱ ᱯᱳᱱᱭᱟ ᱜᱟᱛᱮᱠᱚ ᱟᱹᱜᱩ ᱨᱮᱭᱟᱜ ᱤᱧ ᱩᱭᱦᱟᱹᱨᱮᱫᱟ ᱿,ᱤᱧ ᱤᱧ ᱥᱟᱶᱛᱮ ᱯᱳᱱ ᱦᱚᱲ ᱜᱟᱛᱮ ᱤᱫᱤ ᱞᱟᱹᱜᱤᱫ ᱮ ᱩᱭᱦᱟᱹᱨ ᱮᱫᱟ ᱾
1115,ऐसा तो कोई स्टूडेंट डिस्काउंट नहीं है।,ᱚᱱᱠᱟᱱ ᱡᱟᱦᱟᱱ ᱯᱟᱴᱷᱣᱟᱹ ᱪᱷᱟᱹᱲ ᱵᱟᱹᱱᱩᱜᱼᱟ ᱾,ᱱᱚᱶᱟ ᱞᱮᱠᱟᱛᱮ ᱡᱟᱦᱟᱱ ᱥᱮᱪᱮᱫᱤᱭᱟᱹ ᱪᱷᱟᱹᱲ ᱵᱟᱝ ᱢᱮᱱᱟᱜᱼᱟ ᱾
1116,"लेकिन अगर आप ऑनलाइन टिकट खरीदते हैं या पेमेंट के लिए क्यू.आर. कोड स्कैन करते हैं, तो आपको डिस्काउंट मिल सकता है।",ᱡᱩᱫᱤ ᱟᱢ ᱚᱱᱞᱟᱭᱤᱱᱛᱮ ᱴᱤᱠᱤᱴ ᱠᱟᱴᱟᱣᱼᱟ ᱥᱮ ᱠᱤᱣᱩᱟᱨ ᱠᱳᱰ ᱥᱠᱮᱱ ᱠᱟᱛᱮᱜ ᱮᱢ ᱯᱮᱢᱮᱱᱴᱼᱟ ᱮᱱᱠᱷᱟᱱ ᱟᱢ ᱪᱷᱟᱹᱲᱮᱢ ᱧᱟᱢ ᱫᱟᱲᱮᱭᱟᱜᱼᱟ ?,"ᱢᱮᱱᱠᱷᱟᱱ ᱟᱢ ᱡᱚᱫᱤ ᱚᱱᱞᱟᱭᱤᱱ ᱴᱤᱠᱤᱴ ᱠᱤᱨᱤᱧ ᱢᱮ ᱵᱟᱝᱠᱷᱟᱱ ᱯᱮᱢᱮᱱᱴ ᱞᱟᱹᱜᱤᱫ <ᱟᱭ ᱰᱤ 1>. ᱠᱳᱰ ᱥᱠᱮᱱ ᱢᱮ, ᱮᱱᱠᱷᱟᱱ ᱟᱢ ᱪᱷᱟᱹᱲ ᱧᱟᱢ ᱫᱟᱲᱮᱭᱟᱜᱼᱟ ᱾"
1117,"ठीक है, यह मेरा नंबर है।","ᱴᱷᱤᱠ ᱜᱮᱭᱟ , ᱱᱚᱜᱼᱚᱭ ᱤᱧᱟᱹᱜ ᱱᱚᱢᱵᱚᱨ ᱾",ᱱᱚᱶᱟ ᱫᱚ ᱤᱧᱟᱹᱜ ᱱᱟᱢᱵᱟᱨ ᱾
1118,क्या आप मुझे वॉट्सएप पर वेबसाइट की लिंक भेज सकते हैं?,ᱟᱢ ᱪᱮᱫ ᱦᱳᱣᱟᱴᱥᱮᱯ ᱨᱮ ᱳᱭᱮᱵᱥᱟᱭᱤᱴ ᱨᱮᱭᱟᱜ ᱢᱤᱫᱴᱟᱝ ᱞᱤᱝᱠ ᱮᱢ ᱠᱳᱞ ᱫᱟᱲᱮᱭᱟᱹᱧᱟᱹ ?,ᱟᱢ ᱠᱤ ᱤᱧ ᱳᱣᱟᱴᱥ ᱮᱯ ᱨᱮ ᱳᱭᱮᱵᱽᱥᱟᱭᱤᱴ ᱨᱮᱭᱟᱜ ᱢᱤᱫᱴᱟᱝ ᱞᱤᱝᱠ ᱮᱢ ᱮᱢ ᱫᱟᱲᱮᱭᱟᱜᱼᱟ?
1119,"हाँ, मैं भेज सकता हूँ।","ᱴᱷᱤᱠᱟᱹᱱᱜᱮ, ᱤᱧ ᱱᱚᱶᱟᱧ ᱠᱚᱨᱟᱣ ᱫᱟᱲᱮᱭᱟᱜᱼᱟ ᱾","ᱦᱩᱭᱩᱜ ᱠᱟᱱᱟ, ᱤᱧ ᱮᱢ ᱵᱷᱮᱡᱟ ᱫᱟᱲᱮᱭᱟᱜᱼᱟ ᱾"
1120,इस तरह से आप बहुत एडवांस में टिकट बुक कर सकते हैं।,ᱟᱢ ᱱᱚᱝᱠᱟᱛᱮ ᱞᱟᱦᱟᱠᱷᱚᱱᱜᱮ ᱴᱤᱠᱤᱴᱮᱢ ᱵᱩᱠ ᱫᱟᱲᱮᱭᱟᱜᱼᱟ ᱾,ᱱᱚᱶᱟ ᱞᱮᱠᱟᱛᱮ ᱟᱢ ᱟᱹᱰᱤ ᱢᱟᱲᱟᱝ ᱠᱷᱚᱱ ᱴᱤᱠᱤᱴ ᱠᱚ ᱵᱚᱠᱤᱝ ᱫᱟᱲᱮᱭᱟᱜᱼᱟᱢ ᱾
1121,"ठीक है, किस समय भीड़ सबसे कम रहती है?","ᱴᱷᱤᱠ ᱜᱮᱭᱟ, ᱚᱠᱟ ᱚᱠᱛᱚ ᱡᱚᱛᱚᱠᱷᱚᱱ ᱠᱚᱢ ᱡᱚᱦᱚᱲ ᱛᱟᱦᱮᱱᱟ ᱿",ᱟᱢ ᱪᱮᱫ ᱚᱠᱛᱚ ᱨᱮ ᱡᱚᱛᱚ ᱠᱷᱚᱱ ᱠᱚᱢ ᱦᱚᱲ ᱠᱚ ᱛᱟᱦᱮᱸᱱᱟ?
1122,मैं और मेरे दोस्त डॉक्यूमेंट्री शूट करने के लिए कुतुब मीनार आना चाहते हैं।,ᱢᱤᱫᱴᱟᱝ ᱰᱚᱜᱚᱨᱪᱤᱛᱟᱹᱨ ᱨᱮᱭᱟᱜ ᱥᱩᱴᱤᱝ ᱞᱟᱹᱜᱤᱫ ᱤᱧ ᱟᱨ ᱤᱧᱨᱮᱱ ᱜᱟᱛᱮᱠᱚ ᱠᱩᱛᱩᱵ ᱢᱤᱱᱟᱨᱛᱮ ᱥᱮᱱᱚᱜ ᱦᱩᱭᱩᱜ ᱛᱟᱞᱮᱭᱟ ᱾,ᱤᱧ ᱟᱨ ᱤᱧᱨᱮᱱ ᱜᱟᱛᱮ ᱠᱚ ᱢᱤᱫᱴᱟᱝ دستاویزی ᱪᱤᱛᱟᱹᱨ ᱥᱩᱴ ᱞᱟᱹᱜᱤᱫ ᱠᱩᱛᱩᱵ ᱢᱮᱱᱟᱨ ᱨᱮ ᱦᱮᱡ ᱞᱟᱹᱜᱤᱫ ᱠᱚ ᱠᱷᱚᱡ ᱠᱟᱱᱟ ᱾
1123,"तो, अगर हम भीड़ से बच सकें तो अच्छा रहेगा।","ᱚᱱᱟᱛᱮ, ᱵᱷᱤᱲ ᱮᱲᱟᱣ ᱠᱟᱛᱮᱜ ᱦᱩᱭ ᱞᱮᱱᱠᱷᱟᱱ ᱱᱚᱶᱟᱫᱚ ᱱᱟᱯᱟᱭᱚᱜᱼᱟ ᱾","ᱚᱱᱟᱛᱮ, ᱟᱢ ᱡᱩᱫᱤ ᱦᱚᱲ ᱠᱚ ᱴᱷᱮᱱ ᱠᱷᱚᱱ ᱮᱲᱟᱣ ᱫᱟᱲᱮᱭᱟᱜᱼᱟ, ᱮᱱᱠᱷᱟᱱ ᱱᱟᱯᱟᱭ ᱦᱩᱭᱩᱜᱼᱟ ᱾"
1124,स्मारक में ज़्यादातर समय भीड़ रहती है ख़ास तौर से नवंबर से लेकर मार्च के बीच क्योंकि इसे देखने का सबसे अच्छा टाइम वही होता है।,ᱩᱭᱦᱟᱹᱨ ᱵᱟᱛᱷᱟᱱᱫᱚ ᱰᱦᱮᱨ ᱚᱠᱛᱚᱜᱮ ᱡᱚᱦᱚᱲ ᱛᱟᱦᱮᱱᱟ ᱮᱱᱠᱷᱟᱱ ᱠᱷᱟᱥ ᱠᱟᱛᱮᱜ ᱱᱚᱵᱷᱮᱢᱵᱚᱨ ᱠᱷᱚᱱ ᱢᱟᱨᱪ ᱦᱟᱹᱵᱤᱡ ᱪᱮᱫᱟᱜ ᱥᱮ ᱱᱚᱶᱟ ᱧᱮᱞ ᱞᱟᱹᱜᱤᱫ ᱱᱤᱭᱟᱹᱫᱚ ᱥᱚᱨᱮᱥ ᱚᱠᱛᱚ ᱠᱟᱱᱟ ᱾,"ᱱᱚᱶᱟ ᱩᱭᱦᱟᱹᱨᱟᱱ ᱴᱷᱟᱶ ᱫᱚ ᱡᱟᱹᱥᱛᱤ ᱚᱠᱛᱚ ᱜᱮ ᱟᱹᱰᱤ ᱵᱟᱹᱲᱛᱤ ᱦᱚᱭᱩᱜ ᱟ, ᱵᱤᱥᱮᱥᱠᱟᱭᱛᱮ ᱱᱚᱵᱷᱮᱢᱵᱚᱨ ᱠᱷᱚᱱ ᱢᱟᱨᱪ ᱢᱩᱫᱨᱮ, ᱪᱮᱫᱟᱜ ᱥᱮ ᱱᱚᱶᱟ ᱧᱮᱞ ᱞᱟᱹᱜᱤᱫ ᱥᱚᱨᱮᱥ ᱚᱠᱛᱚ ᱚᱱᱟ ᱜᱮ ᱾"
1125,"कोविड की वजह से भीड़ थोड़ी कम हो गई है, तो अगर आप सुबह जल्दी आ सकते हों तो आप शांत माहौल में शूट कर सकेंगे।",ᱠᱳᱵᱷᱤᱰ ᱠᱷᱟᱹᱛᱤᱨᱛᱮ ᱵᱷᱤᱲ ᱠᱤᱪᱷᱤ ᱠᱚᱢ ᱟᱠᱟᱱᱟ ᱚᱱᱟᱛᱮ ᱟᱢ ᱡᱩᱫᱤ ᱟᱹᱰᱤ ᱥᱮᱛᱟᱜᱨᱮᱢ ᱦᱤᱡᱩᱜᱼᱟ ᱮᱱᱠᱷᱟᱱ ᱟᱢ ᱵᱮᱥᱛᱮᱢ ᱥᱩᱴᱤᱝ ᱫᱟᱲᱮᱭᱟᱜᱼᱟ ᱾,"ᱠᱳᱵᱤᱰ ᱚᱡᱮᱛᱮ ᱦᱚᱲ ᱠᱚ ᱠᱤᱪᱷᱩᱠ ᱠᱚᱢ ᱟᱠᱟᱱᱟ, ᱚᱱᱟᱛᱮ ᱟᱢ ᱡᱩᱫᱤ صبح ᱨᱮ ᱢᱟᱲᱟᱝ ᱨᱮ ᱦᱮᱡ ᱫᱟᱲᱮᱭᱟᱜᱼᱟ, ᱮᱱᱠᱷᱟᱱ ᱟᱢ ᱢᱤᱫᱴᱟᱝ ᱥᱩᱛᱚ ᱦᱚᱭᱦᱩᱫᱤᱥ ᱨᱮ ᱥᱩᱴ ᱠᱚᱨᱟᱣ ᱫᱟᱲᱮᱭᱟᱜᱼᱟ ᱾"
1126,"ठीक है, सुबह जल्दी, ये मैं ध्यान रखूँगा।","ᱴᱷᱤᱠ ᱜᱮᱭᱟ, ᱟᱹᱰᱤ ᱥᱮᱛᱟᱜ ᱨᱮ, ᱫᱤᱥᱟᱹ ᱠᱟᱹᱜᱟᱹᱧ ᱱᱚᱶᱟᱫᱚ ᱾","ᱦᱚᱭᱦᱩᱫᱤᱥ, صبح ᱨᱮᱭᱟᱜ ᱮᱛᱚᱦᱚᱵ ᱥᱮᱫ, ᱱᱚᱶᱟ ᱫᱚ ᱤᱧ ᱧᱮᱞᱧᱟᱢᱚᱜᱼᱟ ᱾"
1127,क्या हम मीनार के ऊपर जा सकते हैं?,ᱟᱞᱮ ᱪᱮᱫ ᱴᱟᱣᱟᱨ ᱪᱮᱛᱟᱱᱨᱮ ᱞᱮ ᱥᱮᱱ ᱫᱟᱲᱮᱭᱟᱜᱼᱟ ?,ᱤᱧᱟᱹᱜ ᱠᱤ ᱴᱟᱣᱟᱨ ᱪᱮᱛᱟᱱ ᱨᱮ ᱪᱟᱞᱟᱣ ᱫᱟᱲᱮᱭᱟᱜᱼᱟᱢ?
1128,अगर हम अपनी डॉक्यूमेंट्री में मीनार के ऊपर से लिया गया व्यू शामिल कर सके तो बहुत बढ़िया रहेगा।,ᱱᱚᱶᱟᱫᱚ ᱟᱹᱰᱤ ᱦᱟᱦᱟᱲᱟ ᱟᱱᱟᱜ ᱦᱩᱭᱩᱜᱼᱟ ᱡᱩᱫᱤ ᱟᱞᱮ ᱟᱞᱮᱭᱟᱜ ᱰᱚᱜᱚᱨ ᱪᱤᱛᱟᱹᱨᱨᱮ ᱢᱤᱱᱟᱨ ᱪᱮᱛᱟᱱ ᱨᱮᱭᱟᱜ ᱪᱤᱛᱟᱹᱨᱞᱮ ᱥᱮᱞᱮᱫ ᱫᱟᱲᱮᱭᱟᱜᱼᱟ ᱾,ᱤᱧᱟᱹᱜ ᱰᱩᱭᱤᱠ ᱨᱮ ᱴᱟᱣᱟᱨ ᱪᱮᱛᱟᱱ ᱨᱮ ᱦᱟᱛᱟᱣ ᱟᱠᱟᱱ ᱧᱮᱞ ᱥᱮᱞᱮᱫ ᱦᱩᱭ ᱞᱮᱱ ᱠᱷᱟᱱ ᱟᱹᱰᱤ ᱱᱟᱯᱟᱭ ᱦᱩᱭᱩᱜᱼᱟ ᱾
1129,ऐसा पहले किया जा सकता था लेकिन कुछ समय पहले हुए एक हादसे की वजह से अब ये मना हो गया है।,"ᱱᱚᱶᱟᱫᱚ ᱢᱟᱲᱟᱝᱨᱮ ᱦᱩᱭ ᱠᱚᱜᱼᱟ, ᱮᱱᱠᱷᱟᱱ ᱠᱤᱪᱷᱤ ᱜᱷᱟᱹᱲᱤᱠ ᱞᱟᱦᱟᱨᱮ ᱜᱷᱚᱴᱟᱣ ᱟᱠᱟᱱ ᱵᱟᱹᱲᱤᱡ ᱜᱷᱚᱴᱚᱱ ᱠᱷᱟᱹᱛᱤᱨᱛᱮ ᱱᱤᱛ ᱢᱟᱱᱟ ᱟᱠᱟᱱᱟ ᱿","ᱱᱚᱶᱟ ᱫᱚ ᱢᱟᱲᱟᱝ ᱦᱩᱭ ᱫᱟᱲᱮᱭᱟᱜᱼᱟ, ᱢᱮᱱᱠᱷᱟᱱ ᱠᱤᱪᱷᱩ ᱚᱠᱛᱚ ᱞᱟᱦᱟ ᱢᱤᱫᱴᱟᱝ ᱜᱷᱟᱹᱞ ᱠᱷᱟᱹᱛᱤᱨ ᱛᱮ ᱱᱚᱶᱟ ᱫᱚ ᱱᱤᱛ ᱵᱟᱝ ᱥᱤᱜᱤᱞ ᱟᱠᱟᱱᱟ ᱾"
1130,मुझे यकीन है कि आपको बाहर की तरफ़ से स्मारक के बहुत सारे खूबसूरत शॉट मिल जाएंगे।,ᱤᱧ ᱴᱷᱤᱠᱟᱹᱱ ᱜᱮᱭᱟ ᱟᱢ ᱵᱟᱨᱦᱮ ᱠᱷᱚᱱᱜᱮ ᱩᱭᱦᱟᱹᱨ ᱵᱟᱛᱷᱟᱱ ᱨᱮᱭᱟᱜ ᱟᱭᱢᱟ ᱱᱟᱯᱟᱭ ᱥᱚᱴᱼᱮᱢ ᱧᱟᱢᱟ ᱿,"ᱤᱧ ᱜᱚᱴᱟᱼᱵᱩᱴᱟᱹ ᱠᱟᱱᱟ ᱡᱮ, ᱟᱢ ᱫᱚ ᱮᱴᱟᱜ ᱥᱮᱫ ᱠᱷᱚᱱ ᱩᱭᱦᱟᱹᱨᱟᱱ ᱩᱭᱦᱟᱹᱨᱟᱱ ᱩᱭᱦᱟᱹᱨᱟᱱ ᱩᱭᱦᱟᱹᱨᱟᱱ ᱩᱭᱦᱟᱹᱨᱟᱱ ᱩᱭᱦᱟᱹᱨᱟᱱ ᱩᱭᱦᱟᱹᱨᱟᱱ ᱩᱭᱦᱟᱹᱨᱟᱱ ᱩᱭᱦᱟᱹᱨᱟᱱ ᱩᱭᱦᱟᱹᱨᱟᱱ ᱩᱭᱦᱟᱹᱨᱟᱱ ᱩᱭᱦᱟᱹᱨᱟᱱ ᱩᱭᱦᱟᱹᱨᱟᱱ ᱩᱭᱦᱟᱹᱨᱟᱱ ᱩᱭᱦᱟᱹᱨᱟᱱ ᱩᱭᱦᱟᱹᱨᱟᱱ ᱩᱭᱦᱟᱹᱨᱟᱱ ᱩᱭᱦᱟᱹᱨᱟᱱ ᱩᱭᱦᱟᱹᱨᱟᱱ ᱩᱭᱦᱟᱹᱨᱟᱱ ᱩᱭᱦᱟᱹᱨᱟᱱ ᱩᱭᱦᱟᱹᱨᱟᱱ ᱩᱭᱦᱟᱹᱨᱟᱱ ᱩᱭᱦᱟᱹᱨᱟᱱ ᱩᱭᱦᱟᱹᱨᱟᱱ ᱩᱭᱦᱟᱹᱨᱟᱱ ᱩᱭᱦᱟᱹᱨᱟᱱ ᱩᱭᱦᱟᱹᱨᱟᱱ ᱩᱭᱦᱟᱹᱨᱟᱱ ᱩᱭᱦᱟᱹᱨᱟᱱ ᱩᱭᱦᱟᱹᱨᱟᱱ ᱩᱭᱦᱟᱹᱨᱟᱱ ᱩᱭᱦᱟᱹᱨᱟᱱ ᱩᱭᱦᱟᱹᱨᱟᱱ ᱩᱭᱦᱟᱹᱨᱟᱱ ᱩᱭᱦᱟᱹᱨᱟᱱ ᱩᱭᱦᱟᱹᱨᱟᱱ ᱩᱭᱦᱟᱹᱨᱟᱱ ᱩᱭᱦᱟᱹᱨᱟᱱ ᱩᱭᱦᱟᱹᱨᱟᱱ ᱩᱭᱦᱟᱹᱨᱟᱱ ᱩᱭᱦᱟᱹᱨᱟᱱ ᱩᱭᱦᱟᱹᱨᱟᱱ ᱩᱭᱦᱟᱹᱨᱟᱱ ᱩᱭᱦᱟᱹᱨᱟᱱ ᱩᱭᱦᱟᱹᱨᱟᱱ ᱩᱭᱦᱟᱹᱨᱟᱱ ᱩᱭᱦᱟᱹᱨᱟᱱ ᱩᱭᱦᱟᱹᱨᱟᱱ ᱩᱭᱦᱟᱹᱨᱟᱱ ᱩᱭᱦᱟᱹᱨᱟᱱ ᱩᱭᱦᱟᱹᱨᱟᱱ ᱩᱭᱦᱟᱹᱨᱟᱱ ᱩᱭᱦᱟᱹᱨᱟᱱ ᱩᱭᱦᱟᱹᱨᱟᱱ ᱩᱭᱦᱟᱹᱨᱟᱱ ᱩᱭᱦᱟᱹᱨᱟᱱ"
1131,"ओह, यह तो अच्छा नहीं है।",ᱳᱹᱹᱹᱹᱹᱹᱱᱚᱶᱟᱫᱚ ᱢᱚᱞᱤᱱᱜᱮ ᱾,"ᱳᱦ, ᱱᱚᱶᱟ ᱫᱚ ᱱᱟᱯᱟᱭ ᱫᱚ ᱵᱟᱝ ᱠᱟᱱᱟ ᱾"
1132,"लेकिन मुझे लगता है कि हमें जो मिल सकता है, हम उसी से काम चला लेंगे।",ᱢᱮᱱᱠᱷᱟᱱ ᱤᱧ ᱚᱱᱢᱟᱱ ᱮᱫᱟ ᱡᱟᱦᱟᱸᱵᱚ ᱧᱟᱢᱟ ᱚᱱᱟ ᱛᱮᱜᱮ ᱵᱚᱱ ᱠᱚᱨᱟᱣᱼᱟ ᱾,"ᱢᱮᱱᱠᱷᱟᱱ ᱤᱧ ᱢᱚᱱᱮ ᱦᱩᱭᱩᱜ ᱠᱟᱱᱟ ᱡᱮ, ᱟᱢ ᱡᱟᱦᱟᱸ ᱮᱢ ᱧᱟᱢ ᱫᱟᱲᱮᱭᱟᱜᱼᱟ, ᱚᱱᱟ ᱠᱷᱚᱱ ᱟᱢ ᱠᱟᱹᱢᱤ ᱦᱟᱛᱟᱣᱼᱟ ᱾"
1133,वहाँ कैमरे के इस्तेमाल कर सकते हैं ना?,"ᱚᱸᱰᱮ ᱠᱮᱢᱮᱨᱟ ᱵᱮᱣᱦᱟᱨ ᱴᱷᱤᱠ ᱜᱮᱭᱟ, ᱥᱮ ᱵᱟᱝ ?",ᱟᱢ ᱚᱱᱟ ᱴᱷᱟᱶ ᱨᱮ ᱠᱮᱢᱮᱨᱟ ᱵᱮᱣᱦᱟᱨ ᱫᱟᱲᱮᱭᱟᱜᱼᱟᱢ?
1134,"हाँ, बिल्कुल, कैमरा ला सकते हैं।","ᱦᱮᱸ, ᱮᱠᱟᱞ ᱜᱮ, ᱠᱮᱢᱮᱨᱟ ᱫᱚ ᱪᱷᱟᱹᱲ ᱜᱮᱭᱟ ᱾","ᱦᱩᱭᱩᱜ ᱠᱟᱱᱟ, ᱜᱚᱴᱟ ᱜᱮ, ᱠᱮᱢᱮᱨᱟ ᱠᱚ ᱤᱫᱤ ᱫᱟᱲᱮᱭᱟᱜᱼᱟ ᱾"
1135,"गुड मॉर्निंग, तुम्हारी महाराष्ट्र की ट्रिप कैसी रही?","ᱥᱟᱹᱜᱩᱱ ᱥᱮᱛᱟᱜ, ᱟᱢᱟᱜ ᱢᱚᱦᱟᱨᱟᱥᱴᱨᱚ ᱥᱟᱸᱜᱷᱟᱨ ᱚᱠᱟ ᱞᱮᱠᱟ ᱛᱟᱦᱮᱸᱠᱟᱱᱟ ?","ᱜᱩᱰ ᱢᱟᱨᱱᱤᱝ, ᱛᱩᱢᱟᱨᱤ ᱢᱚᱦᱟᱨᱟᱥᱴᱨᱚ ᱴᱨᱤᱯ ᱪᱮᱫ ᱞᱮᱠᱟ ᱛᱟᱦᱮᱸ ᱠᱟᱱᱟ?"
1136,"हेलो, बहुत ही शानदार थी।","ᱦᱮᱞᱳ, ᱟᱹᱰᱤ ᱱᱟᱯᱟᱭ ᱾","ᱦᱮᱞᱳ, ᱟᱹᱰᱤ ᱱᱟᱯᱟᱭ ᱛᱟᱦᱮᱸ ᱠᱟᱱᱟ ᱾"
1137,मैं बहुत सी जगहों पर गई और लोकल खाने से लेकर कुछ प्रसिद्ध स्थानों तक बहुत कुछ ट्राई किया।,ᱤᱧ ᱟᱭᱢᱟ ᱡᱟᱭᱜᱟᱧ ᱧᱮᱞ ᱠᱮᱫᱟ ᱟᱨ ᱚᱱᱟ ᱠᱚᱨᱮᱱᱟᱜ ᱡᱚᱢᱟᱜ ᱠᱷᱚᱱ ᱮᱦᱚᱵ ᱠᱟᱛᱮᱜ ᱠᱤᱪᱷᱤ ᱧᱩᱢ ᱩᱨᱩᱢ ᱡᱟᱭᱜᱟᱧ ᱧᱮᱞ ᱟᱹᱪᱩᱨ ᱠᱮᱫᱟ ᱾,ᱤᱧ ᱟᱭᱢᱟ ᱴᱷᱟᱶ ᱨᱮᱭ ᱥᱮᱱ ᱞᱮᱱᱟ ᱟᱨ ᱴᱚᱴᱷᱟ ᱨᱮᱭᱟᱜ ᱡᱚᱢᱟᱜ ᱠᱷᱚᱱ ᱮᱦᱚᱵ ᱠᱟᱛᱮ ᱠᱤᱪᱷᱩ ᱧᱩᱛᱩᱢᱟᱱ ᱴᱷᱟᱶ ᱦᱟᱹᱵᱤᱡ ᱟᱭᱢᱟ ᱠᱟᱹᱢᱤ ᱞᱟᱹᱜᱤᱫ ᱮ ᱵᱤᱰᱟᱹᱣ ᱞᱮᱫᱟ ᱾
1138,"तुम्हें मुझको सब कुछ बताना होगा, आखिर तुम मुझे यहाँ पर अकेला छोड़ कर पूरे हफ्ते के लिए अकेले ही चली गई थी।","ᱤᱧ ᱥᱟᱱᱟᱢᱟᱜ ᱞᱟᱹᱭᱟᱹᱧ ᱦᱩᱭᱩᱜ ᱛᱟᱢᱟ, ᱟᱨ ᱡᱚᱛᱚᱠᱷᱚᱱ ᱢᱟᱨᱟᱝ ᱠᱟᱛᱷᱟ ᱤᱧ ᱱᱚᱸᱰᱮ ᱮᱠᱞᱟ ᱵᱟᱹᱜᱤ ᱠᱟᱛᱮᱜ ᱢᱤᱫ ᱦᱟᱯᱛᱟ ᱞᱟᱹᱜᱤᱫ ᱟᱢ ᱮᱠᱞᱟᱜᱮᱢ ᱥᱮᱱ ᱮᱱᱟ ᱿","ᱟᱢ ᱤᱧ ᱥᱟᱱᱟᱢᱟᱜ ᱠᱟᱛᱷᱟ ᱞᱟᱹᱭ ᱦᱩᱭᱩᱜ ᱛᱟᱢᱟ, ᱢᱩᱪᱟᱹᱫ ᱫᱷᱟᱹᱵᱤᱡ ᱟᱢ ᱤᱧ ᱢᱤᱫᱞᱮ ᱫᱚᱦᱚ ᱠᱮᱫᱟ ᱟᱨ ᱥᱟᱱᱟᱢ ᱦᱟᱯᱛᱟ ᱞᱟᱹᱜᱤᱫ ᱢᱤᱫᱞᱮ ᱪᱟᱞᱟᱣ ᱮᱱᱟ ᱾"
1139,तुम्हें भी महाराष्ट्र घूम कर आना चाहिए।,ᱟᱢᱦᱚᱸ ᱢᱚᱦᱟᱨᱟᱥᱴᱨᱚ ᱫᱟᱲᱟᱱ ᱪᱟᱞᱟᱜ ᱦᱩᱭᱩᱜ ᱛᱟᱢᱟ ᱾,ᱟᱢ ᱦᱚᱸ ᱢᱚᱦᱟᱨᱟᱥᱴᱨᱚ ᱨᱮ ᱦᱮᱡ ᱢᱮ ᱾
1140,"वहाँ पर कितनी सारी जगहें हैं जो तुम देख सकती हो, खासकर जब तुम्हें ऐतिहासिक जगहें पसंद हों।","ᱚᱸᱰᱮ ᱟᱭᱢᱟ ᱚᱱᱠᱟᱱ ᱡᱟᱭᱜᱟ ᱢᱮᱱᱟᱜᱼᱟ ᱡᱟᱦᱟᱸᱠᱚ ᱟᱢᱮᱢ ᱧᱮᱞ ᱫᱟᱲᱮᱭᱟᱜᱼᱟ, ᱟᱨ ᱵᱤᱥᱮᱥ ᱠᱟᱭᱛᱮ ᱡᱚᱠᱷᱚᱱ ᱟᱢ ᱱᱟᱜᱟᱢᱤᱭᱟᱹ ᱴᱷᱟᱶᱨᱮᱢ ᱪᱟᱞᱟᱜᱼᱟ ᱾","ᱟᱢ ᱡᱟᱦᱟᱸ ᱟᱭᱢᱟ ᱴᱷᱟᱶ ᱧᱮᱞ ᱫᱟᱲᱮᱭᱟᱜᱼᱟ, ᱵᱤᱥᱮᱥᱠᱟᱭᱛᱮ ᱟᱢ ᱡᱚᱠᱷᱚᱱ ᱱᱟᱜᱟᱢᱤᱭᱟᱹ ᱴᱷᱟᱶ ᱠᱚ ᱠᱷᱚᱡᱟ, ᱩᱱᱫᱚ ᱚᱱᱟ ᱠᱚ ᱢᱮᱱᱟᱜᱼᱟ ᱾"
1141,"हाँ, मैंने महाराष्ट्र की ऐतिहासिक धरोहर के बारे में बहुत सुन रखा है।","ᱦᱮᱸ, ᱤᱧ ᱢᱚᱦᱟᱨᱟᱥᱴᱨᱚ ᱨᱮᱭᱟᱜ ᱱᱟᱜᱟᱢ ᱥᱮᱨᱣᱟ ᱤᱫᱤ ᱠᱟᱛᱮᱜ ᱟᱭᱢᱟ ᱠᱟᱛᱷᱟᱧ ᱟᱸᱡᱚᱢ ᱟᱠᱟᱫᱟ ᱾","ᱦᱩᱭᱩᱜ ᱠᱟᱱᱟ, ᱤᱧ ᱢᱚᱦᱟᱨᱟᱥᱴᱨᱚ ᱨᱮᱭᱟᱜ ᱱᱟᱜᱟᱢᱤᱭᱟᱹ ᱥᱮᱨᱣᱟ ᱤᱫᱤ ᱠᱟᱛᱮ ᱟᱭᱢᱟ ᱵᱟᱰᱟᱭ ᱧᱟᱢ ᱟᱠᱟᱫᱟ ᱾"
1142,क्या तुम औरंगाबाद गई थीं?,ᱟᱢ ᱳᱣᱨᱚᱝᱜᱚᱵᱟᱫ ᱮᱢ ᱥᱮᱱᱞᱮᱱᱟ ᱿,ᱟᱢ ᱠᱤ ᱳᱨᱚᱝᱜᱚᱵᱟᱫᱽ ᱮ ᱥᱮᱱ ᱞᱮᱱᱟ?
1143,"बिलकुल, इस बार मैं इस मौके को कैसे छोड़ देती।","ᱱᱤᱦᱟᱹᱛ ᱜᱮ, ᱱᱤᱭᱟᱹ ᱵᱟᱨ ᱫᱚ ᱚᱱᱟ ᱮᱨᱮᱲ ᱨᱮᱭᱟ ᱫᱟᱣᱜᱮ ᱵᱟᱹᱧ ᱦᱟᱛᱟᱣ ᱟᱠᱟᱫᱟ ᱾","ᱜᱚᱴᱟ ᱜᱮ, ᱱᱚᱶᱟ ᱚᱠᱛᱮ ᱤᱧ ᱪᱮᱫ ᱞᱮᱠᱟᱛᱮ ᱱᱚᱣᱟ ᱫᱟᱣ ᱮ ᱵᱟᱛᱟᱣᱟ ᱾"
1144,मैंने इन जगहों के बारे में पहले ही इतना सुन रखा है और पिछली बार समय की कमी के कारण औरंगाबाद जा नहीं सकी थी।,ᱱᱤᱭᱟᱹ ᱢᱩᱫᱽ ᱤᱧ ᱚᱱᱟ ᱴᱷᱟᱶᱠᱚ ᱤᱫᱤ ᱠᱟᱛᱮᱜ ᱟᱭᱢᱟᱧ ᱯᱟᱲᱦᱟᱣ ᱟᱠᱟᱫᱟ ᱟᱨ ᱢᱩᱪᱟᱹᱫ ᱫᱷᱟᱣ ᱳᱣᱨᱚᱝᱜᱚᱵᱟᱫ ᱪᱟᱞᱟᱜ ᱚᱠᱛᱚ ᱵᱟᱹᱧ ᱛᱟᱦᱮᱸᱠᱟᱱᱟ ᱿,ᱤᱧ ᱱᱚᱶᱟ ᱴᱷᱟᱶ ᱠᱚ ᱤᱫᱤ ᱠᱟᱛᱮ ᱢᱟᱲᱟᱝ ᱠᱷᱚᱱ ᱜᱮ ᱟᱹᱰᱤ ᱜᱟᱱ ᱵᱟᱰᱟᱭ ᱧᱟᱢ ᱟᱠᱟᱫᱟ ᱟᱨ ᱢᱩᱪᱟᱹᱫ ᱚᱠᱛᱮ ᱚᱠᱛᱚ ᱨᱮᱭᱟᱜ ᱚᱵᱷᱟᱵᱽ ᱚᱡᱮᱛᱮ ᱳᱣᱨᱚᱝᱜᱚᱯᱚᱫ ᱨᱮ ᱵᱟᱝ ᱥᱮᱱ ᱟᱠᱟᱱᱟ ᱾
1145,इस बार तुम वहाँ पर कितने दिन रहीं और तुमने वहाँ क्या-क्या देखा?,ᱟᱢ ᱚᱸᱰᱮ ᱛᱤᱱᱟᱹᱜ ᱫᱤᱱᱮᱢ ᱠᱟᱴᱟᱣ ᱟᱠᱟᱫᱟ ᱟᱨ ᱟᱢ ᱪᱮᱫᱠᱚᱢ ᱧᱮᱞ ᱟᱠᱟᱫᱟ ?,ᱱᱚᱶᱟ ᱚᱠᱛᱮ ᱟᱢ ᱛᱤᱱᱟᱹᱜ ᱫᱤᱱ ᱮ ᱛᱟᱦᱮᱸ ᱠᱟᱱᱟ ᱟᱨ ᱟᱢ ᱪᱮᱫ ᱪᱮᱫ ᱮ ᱧᱮᱞ ᱟᱠᱟᱫᱟ?
1146,इस बार मैं वहाँ पर करीबन 10 दिनों के लिए थी और मेरे पास काफी समय था।,ᱱᱤᱭᱟᱹ ᱵᱟᱨᱫᱚ ᱤᱧ ᱡᱟᱹᱱᱤᱡ ᱑᱐ ᱫᱤᱱ ᱞᱟᱹᱜᱤᱫ ᱚᱸᱰᱮᱧ ᱛᱟᱦᱮᱸᱠᱟᱱᱟ ᱚᱱᱟᱛᱮ ᱪᱟᱵᱟᱭ ᱞᱟᱹᱜᱤᱫ ᱟᱹᱰᱤ ᱜᱷᱟᱹᱲᱤᱡ ᱤᱧ ᱛᱟᱦᱮᱸᱠᱟᱱᱟ ᱿,ᱱᱚᱶᱟ ᱚᱠᱛᱮ ᱤᱧ ᱚᱱᱢᱟᱱ 10 ᱢᱟᱦᱟ ᱞᱟᱹᱜᱤᱫ ᱮ ᱛᱟᱦᱮᱸ ᱠᱟᱱᱟ ᱟᱨ ᱤᱧ ᱴᱷᱮᱱ ᱟᱭᱢᱟ ᱚᱠᱛᱚ ᱛᱟᱦᱮᱸ ᱠᱟᱱᱟ ᱾
1147,मैं अजन्ता और एलोरा की गुफाएं देखने गई थी।,ᱤᱧᱫᱚ ᱧᱩᱛᱩᱢᱟᱱ ᱚᱡᱚᱱᱛᱟ ᱟᱨ ᱤᱞᱳᱨᱟ ᱜᱷᱚᱸᱜᱚᱨ ᱤᱧ ᱧᱮᱞ ᱟᱠᱟᱫᱟ ᱿,ᱤᱧ ᱚᱡᱚᱱᱛᱟ ᱟᱨ ᱮᱞᱳᱨᱟ ᱨᱮᱭᱟᱜ ᱜᱩᱦᱟᱹᱭ ᱧᱮᱞ ᱞᱟᱹᱜᱤᱫ ᱮ ᱥᱮᱱ ᱞᱮᱱᱟ ᱾
1148,अजन्ता की गुफाएं औरंगाबाद की सबसे पुरानी ऐतिहासिक जगहों में से हैं और ये अपनी केव पेंटिंग्स और बौद्ध मूर्तियों के लिए जानी जाती हैं।,"ᱚᱡᱚᱱᱛᱟ ᱜᱷᱚᱸᱜᱚᱨ, ᱳᱣᱨᱚᱝᱜᱚᱵᱟᱫ ᱨᱮᱭᱟᱜ ᱧᱩᱢᱟᱱ ᱢᱟᱨᱮᱱ ᱱᱟᱜᱟᱢᱤᱭᱟᱹ ᱴᱷᱟᱶᱠᱚ ᱟᱠᱚᱣᱟᱜ ᱜᱷᱚᱸᱜᱚᱨ ᱪᱤᱛᱟᱹᱨ ᱟᱨ ᱵᱳᱣᱫᱷᱚ ᱜᱚᱲᱦᱚᱱ ᱠᱷᱟᱹᱛᱤᱨ ᱛᱮ ᱥᱚᱨᱮᱥ ᱜᱮᱭᱟ ᱿",ᱚᱝᱜᱨᱚᱵᱟᱫ ᱨᱮᱭᱟᱜ ᱢᱟᱨᱮᱱ ᱱᱟᱜᱟᱢᱤᱭᱟᱹ ᱴᱷᱟᱶ ᱠᱚ ᱢᱩᱫᱽᱨᱮ ᱢᱮᱱᱟᱜᱼᱟ ᱚᱝᱜᱚᱨᱟᱵᱟᱫ ᱨᱮᱭᱟᱜ ᱜᱩᱦᱟᱨᱮ ᱟᱨ ᱱᱚᱶᱟ ᱫᱚ ᱜᱩᱦᱟᱨᱮ ᱪᱤᱛᱟᱹᱨ ᱟᱨ ᱵᱳᱫᱽᱫᱷᱚ ᱢᱩᱨᱛᱤ ᱞᱟᱹᱜᱤᱫ ᱩᱯᱨᱩᱢᱟ ᱾
1149,चारों तरफ हरी-भरी पहाड़ियों से घिरी ये गुफाएं शानदार भारतीय आर्किटेक्चर दर्शाती हैं।,"ᱱᱚᱶᱟ ᱵᱮᱲᱦᱟᱭᱛᱮ ᱱᱤᱨᱚᱲ ᱵᱩᱨᱩ, ᱱᱚᱶᱟ ᱜᱷᱚᱸᱜᱚᱨ ᱠᱚᱫᱚ ᱵᱦᱟᱨᱚᱛᱤᱭᱚ ᱠᱩᱸᱫᱟᱹᱣ ᱪᱤᱛᱟᱹᱨ ᱠᱚᱭ ᱡᱷᱟᱞᱠᱟᱣᱼᱟ ᱾","ᱱᱚᱶᱟ ᱜᱩᱦᱟᱨᱮ ᱠᱚ ᱥᱩᱨ ᱥᱩᱯᱩᱨ ᱨᱮ ᱦᱟᱹᱨᱭᱟᱹᱲ ᱵᱩᱨᱩ ᱢᱮᱱᱟᱜᱼᱟ, ᱡᱟᱦᱟᱸ ᱫᱚ ᱟᱹᱰᱤ ᱱᱟᱯᱟᱭ ᱵᱷᱟᱨᱚᱛᱤᱭᱟᱹ ᱜᱚᱲᱦᱚᱱ ᱠᱚ ᱩᱫᱩᱜ ᱥᱚᱫᱚᱨᱼᱟ ᱾"
1150,एलोरा की गुफाएं दुनिया कि सबसे बड़ी चट्टानें काट कर बनाई गई गुफाओं में से हैं।,ᱤᱞᱳᱨᱟ ᱜᱷᱚᱸᱜᱚᱨ ᱫᱷᱟᱹᱨᱛᱤ ᱨᱮᱭᱟᱜ ᱡᱚᱛᱚᱠᱷᱚᱱ ᱢᱟᱨᱟᱝ ᱫᱷᱤᱨᱤ ᱠᱩᱸᱫᱟᱹᱣ ᱜᱷᱚᱸᱜᱚᱨ ᱠᱚ ᱢᱩᱫᱽᱨᱮ ᱢᱤᱫᱴᱟᱝ ᱞᱮᱠᱟᱛᱮ ᱵᱟᱪᱷᱟᱚᱣᱜᱼᱟ ᱿,ᱮᱞᱳᱨᱟ ᱨᱮᱭᱟᱜ ᱜᱩᱦᱟᱨᱮ ᱡᱮᱜᱮᱫ ᱨᱮᱭᱟᱜ ᱢᱟᱨᱟᱝ ᱫᱷᱤᱨᱤ ᱠᱟᱴᱟᱣ ᱜᱩᱦᱟᱨᱮ ᱢᱮᱱᱟᱜᱼᱟ ᱾
1151,"इनका निर्माण 600 और 1000 ईस्वी के बीच हुआ था, एलोरा की गुफाओं में 100 हिंदू, जैन और बौद्ध गुफाएं हैं, जिनमें से 34 दर्शकों के लिए खुली हैं।","ᱱᱚᱶᱟ ᱠᱚᱫᱚ ᱖᱐᱐ ᱟᱨ ᱑᱐᱐᱐ ᱥᱤᱤ ᱢᱩᱫᱽᱨᱮ ᱵᱮᱱᱟᱣ ᱟᱠᱟᱱᱟ, ᱤᱞᱳᱨᱟ ᱜᱩᱦᱟ ᱫᱚ ᱑᱐᱐ ᱜᱚᱴᱟᱝ ᱦᱤᱱᱫᱩ, ᱡᱳᱭᱱᱚ ᱟᱨ ᱵᱳᱣᱫᱷᱚ ᱜᱩᱦᱟᱛᱮ ᱵᱮᱱᱟᱣ ᱟᱠᱟᱱᱟ, ᱡᱟᱦᱟᱸᱠᱚ ᱢᱩᱫᱽᱨᱮ ᱓᱔ ᱜᱚᱴᱟᱝ ᱫᱚ ᱧᱮᱧᱮᱞ ᱠᱚ ᱞᱟᱹᱜᱤᱫ ᱫᱚ ᱡᱷᱤᱡ ᱜᱮᱭᱟ ᱾","ᱱᱚᱶᱟ ᱠᱚᱫᱚ 600 ᱠᱷᱚᱱ 1000 ᱠᱷᱨᱤᱥᱴᱟᱵᱫᱚ ᱢᱩᱫᱨᱮ ᱵᱮᱱᱟᱣ ᱦᱩᱭ ᱞᱮᱱᱟ, ᱮᱞᱳᱨᱟ ᱨᱮᱭᱟᱜ ᱜᱩᱦᱟᱨᱮ 100 ᱜᱚᱴᱟᱝ ᱦᱤᱱᱫᱩ, ᱡᱳᱭᱱᱚ ᱟᱨ ᱵᱳᱫᱽᱫᱷᱚ ᱜᱩᱦᱟᱨᱮ ᱢᱮᱱᱟᱜᱼᱟ, ᱡᱟᱦᱟᱸ ᱢᱩᱫᱨᱮ 34 ᱜᱚᱴᱟᱝ ᱧᱮᱞᱟᱱ ᱠᱚ ᱞᱟᱹᱜᱤᱫ ᱥᱚᱫᱚᱨ ᱢᱮᱱᱟᱜᱼᱟ ᱾"
1152,क्या तुमने कैलाशनाथ मंदिर देखा?,ᱟᱢ ᱠᱳᱭᱞᱟᱥᱱᱟᱛᱷ ᱢᱚᱱᱫᱤᱨ ᱮᱢ ᱧᱮᱞ ᱟᱠᱟᱫᱟ ?,ᱟᱢ ᱠᱤ ᱠᱟᱞᱟᱥᱱᱟᱛ ᱢᱩᱱᱫᱤᱞ ᱧᱮᱞ ᱟᱠᱟᱫᱟ?
1153,मैंने सुना है कि ये चट्टानें काट कर बनाया गया सबसे बड़ा मोनोलिथिक मंदिर है।,ᱤᱧ ᱟᱸᱡᱚᱢ ᱟᱠᱟᱫᱟ ᱱᱚᱶᱟᱫᱚ ᱫᱷᱤᱨᱤ ᱠᱩᱸᱫᱟᱹᱣ ᱠᱟᱛᱮᱜ ᱵᱮᱱᱟᱣ ᱢᱚᱱᱫᱤᱨ ᱠᱟᱱᱟ ᱾,"ᱤᱧ ᱵᱟᱰᱟᱭ ᱧᱟᱢ ᱟᱠᱟᱫᱟ ᱡᱮ, ᱱᱚᱶᱟ ᱫᱚ ᱦᱩᱭᱩᱜ ᱠᱟᱱᱟ ᱡᱚᱛᱚ ᱠᱷᱚᱱ ᱢᱟᱨᱟᱝ ᱢᱚᱱᱳᱞᱤᱛᱷᱤᱠ ᱢᱩᱱᱫᱤᱞ ᱡᱟᱦᱟᱸ ᱫᱚ ᱫᱷᱤᱨᱤ ᱠᱟᱴᱟᱣ ᱠᱟᱛᱮ ᱵᱮᱱᱟᱣ ᱟᱠᱟᱱᱟ ᱾"
1154,कैलाशनाथ बहुत ही शानदार गुफा मंदिर है जो एलोरा की 34 पुरानी गुफाओं में से एक है।,ᱠᱳᱭᱞᱟᱥᱱᱟᱛᱷ ᱢᱚᱱᱫᱤᱨ ᱢᱤᱫ ᱦᱟᱦᱟᱲᱟᱼᱟᱱ ᱜᱩᱦᱟ ᱢᱚᱱᱫᱤᱨ ᱠᱟᱱᱟᱢ ᱡᱟᱦᱟᱸᱫᱚ ᱤᱞᱳᱨᱟ ᱨᱮᱭᱟᱜ ᱓᱔ ᱜᱚᱴᱟᱝ ᱢᱟᱨᱮ ᱜᱩᱦᱟ ᱠᱚ ᱢᱩᱫ ᱨᱮᱭᱟᱜ ᱢᱤᱫᱴᱟᱝ ᱠᱟᱱᱟ ᱾,ᱠᱟᱞᱟᱥᱱᱟᱛᱷ ᱫᱚ ᱦᱩᱭᱩᱜ ᱠᱟᱱᱟ ᱟᱹᱰᱤ ᱱᱟᱯᱟᱭ ᱜᱩᱦᱟᱨᱮ ᱢᱮᱱᱟᱜ ᱢᱩᱱᱫᱤᱞ ᱡᱟᱦᱟᱸ ᱫᱚ ᱮᱞᱳᱨᱟ ᱨᱮᱭᱟᱜ 34 ᱜᱚᱴᱟᱝ ᱢᱟᱨᱮᱱ ᱜᱩᱦᱟᱨᱮ ᱢᱤᱫᱴᱟᱝ ᱾
1155,"एलोरा की गुफाओं में से 16वीं गुफा, कैलाशनाथ मोनोलिथिक संरचना है जिसे राष्ट्रकूट वंश के दौरान बनाया गया था और जो भगवान शिव को समर्पित है।","ᱤᱞᱳᱨᱟ ᱫᱚ ᱜᱩᱦᱟ ᱠᱚ ᱨᱮᱭᱟᱜ ᱑᱖ ᱟᱱᱟᱜ ᱜᱩᱦᱟ ᱠᱟᱱᱟ, ᱠᱳᱭᱞᱟᱥᱱᱟᱛᱷ ᱫᱚ ᱦᱩᱭᱩᱜ ᱠᱟᱱᱟ ᱨᱟᱥᱴᱨᱚᱠᱩᱴ ᱨᱟᱡᱽᱵᱚᱝᱥᱚ ᱚᱠᱛᱮ ᱨᱮ ᱵᱮᱱᱟᱣ ᱟᱠᱟᱱᱟ ᱟᱨ ᱥᱤᱵ ᱵᱚᱸᱜᱟ ᱥᱳᱯᱨᱳᱫ ᱟᱠᱟᱱ ᱢᱤᱫᱴᱟᱝ ᱫᱷᱤᱨᱤ ᱜᱚᱲᱦᱚᱱ ᱾","ᱮᱞᱳᱨᱟ ᱨᱮᱭᱟᱜ ᱜᱩᱦᱟ ᱠᱚ ᱢᱩᱫᱽᱨᱮ 16 ᱟᱱᱟᱜ ᱫᱚ ᱦᱩᱭᱩᱜ ᱠᱟᱱᱟ ᱠᱟᱞᱟᱥᱱᱟᱛᱷ ᱢᱚᱱᱳᱞᱤᱛᱷᱤᱠ ᱵᱮᱱᱟᱣ, ᱡᱟᱦᱟᱸ ᱫᱚ ᱡᱟᱹᱛᱤᱭᱟᱹᱨᱤᱠᱩᱴ ᱨᱟᱡᱽᱵᱚᱝᱥᱚ ᱚᱠᱛᱮ ᱵᱮᱱᱟᱣ ᱞᱮᱱᱟ ᱟᱨ ᱵᱚᱸᱜᱟ ᱥᱤᱵ ᱞᱟᱹᱜᱤᱫ ᱮᱢ ᱦᱩᱭ ᱟᱠᱟᱱᱟ ᱾"
1156,तुम्हारा मतलब है कि यह द्रविड़ आर्किटेक्चर है?,ᱟᱢᱮᱢ ᱞᱟᱭ ᱟᱪᱚᱭᱮᱫᱟ ᱱᱚᱶᱟᱫᱚ ᱫᱨᱟᱵᱤᱲ ᱵᱮᱱᱟᱣ ᱠᱟᱹᱨᱤ ᱠᱟᱱᱟ ?,ᱟᱢ ᱪᱮᱫ ᱢᱮᱱ ᱮᱫᱟ ᱱᱚᱶᱟ ᱫᱚ ᱢᱤᱫᱴᱟᱝ ᱫᱨᱟᱵᱤᱰ ᱵᱮᱱᱟᱣ ᱠᱟᱹᱨᱤ ᱠᱟᱱᱟ?
1157,ये पूरी तरह से द्रविड़ आर्किटेक्चर में है।,ᱱᱚᱶᱟᱫᱚ ᱯᱩᱨᱟᱹᱜᱮ ᱫᱨᱟᱵᱤᱲ ᱵᱮᱱᱟᱣ ᱠᱟᱹᱨᱤ ᱠᱟᱱᱟ ᱾,ᱱᱚᱶᱟ ᱫᱚ ᱥᱟᱱᱟᱢᱟᱜ ᱛᱮ ᱫᱨᱟᱵᱤᱰ ᱵᱮᱱᱟᱣ ᱠᱟᱹᱨᱤ ᱨᱮ ᱢᱮᱱᱟᱜᱼᱟ ᱾
1158,"29 बौद्ध रॉक-कट गुफाएँ हैं जिनमें शांति और पवित्रता महसूस होती है और जो प्रसिद्ध अजंता की गुफाओं का एक हिस्सा हैं, जो दूसरी शताब्दी ईसा पूर्व में बनाई गई थीं और जिनमें मठ और चैत्य गृह हैं।","ᱧᱩᱛᱩᱢᱟᱱ ᱚᱡᱚᱱᱛᱟ ᱜᱩᱦᱟ ᱦᱤᱸᱥᱨᱮ, ᱜᱩᱴ ᱒᱙ ᱜᱚᱴᱟᱝ ᱫᱷᱤᱨᱤᱼᱜᱮᱫ ᱟᱜ ᱵᱳᱣᱫᱷᱚ ᱜᱩᱦᱟ ᱢᱮᱱᱟᱜᱼᱟ ᱡᱟᱦᱟᱸᱫᱚ ᱥᱟᱹᱱᱛᱤ ᱟᱨ ᱱᱤᱨᱟᱹᱞᱟᱭ ᱵᱮᱱᱟᱣᱼᱟ, ᱚᱱᱟᱠᱚᱫᱚ ᱠᱷᱤᱥᱴᱚ ᱯᱩᱨᱵᱚ ᱒ ᱥᱚᱛᱟᱵᱫᱤ ᱨᱮᱭᱟᱜ ᱠᱟᱱᱟ ᱟᱨ ᱱᱚᱸᱰᱮ ᱢᱚᱴᱷ ᱟᱨ ᱪᱳᱭᱛᱚ ᱜᱨᱤᱦᱚ ᱠᱚ ᱢᱮᱱᱟᱜᱼᱟ ᱾","29 ᱜᱚᱴᱟᱝ ᱵᱳᱫᱽᱫᱷᱚ ᱨᱚᱠᱼᱠᱟᱴ ᱜᱩᱦᱟᱹᱭ ᱢᱮᱱᱟᱜᱼᱟ ᱡᱟᱦᱟᱸ ᱫᱚ ᱥᱩᱛᱚᱱᱛᱤ ᱟᱨ ᱫᱷᱚᱨᱚᱢ ᱮ ᱢᱚᱱᱮ ᱞᱮᱫᱟ ᱟᱨ ᱡᱟᱦᱟᱸ ᱫᱚ ᱧᱩᱛᱩᱢᱟᱱ ᱚᱡᱚᱱᱛᱚ ᱜᱩᱦᱟᱹᱭ ᱨᱮᱭᱟᱜ ᱢᱤᱫᱴᱟᱝ ᱦᱤᱸᱥ ᱠᱟᱱᱟ, ᱡᱟᱦᱟᱸ ᱫᱚ ᱫᱚᱥᱟᱨ ᱥᱚᱛᱟᱵᱫᱤ ᱠᱷᱤᱥᱴᱚᱯᱩᱨᱵᱚ ᱨᱮ ᱵᱮᱱᱟᱣ ᱞᱮᱱᱟ ᱟᱨ ᱱᱚᱶᱟ ᱨᱮ ᱢᱤᱫᱴᱟᱝ ᱢᱟᱱᱛᱚᱨ ᱟᱨ ᱪᱚᱭᱛᱚ ᱚᱲᱟᱜ ᱢᱮᱱᱟᱜᱼᱟ ᱾"
1159,गुफाओं की दीवारों पर सुंदर भित्ति-चित्र और प्रभावकारी मूर्तियाँ हैं जो गौतम बुद्ध के जीवन के बारे में बताती हैं।,ᱜᱩᱦᱟ ᱠᱚ ᱨᱮᱭᱟᱜ ᱵᱷᱤᱛ ᱫᱚ ᱱᱟᱯᱟᱭ ᱪᱤᱛᱟᱹᱨ ᱟᱨ ᱨᱚᱡᱷᱤᱟᱹᱜ ᱞᱮᱠᱟᱱ ᱜᱚᱲᱦᱚᱱ ᱪᱤᱛᱟᱹᱨ ᱛᱮ ᱥᱟᱡᱟᱣ ᱢᱮᱱᱟᱜᱼᱟ ᱡᱟᱦᱟᱸᱫᱚ ᱜᱳᱣᱛᱚᱢ ᱵᱩᱫᱫᱷᱚᱼᱟᱜ ᱡᱤᱭᱤᱱᱤᱫᱤ ᱠᱟᱛᱮᱭ ᱞᱟᱹᱭᱟ ᱿,ᱜᱩᱦᱟ ᱨᱮᱭᱟᱜ ᱞᱚᱫᱚᱢ ᱠᱚ ᱪᱮᱛᱟᱱ ᱨᱮ ᱱᱟᱯᱟᱭ ᱜᱟᱹᱨᱰᱩ ᱪᱤᱛᱟᱹᱨ ᱟᱨ ᱱᱟᱯᱟᱭ ᱢᱩᱨᱛᱤ ᱢᱮᱱᱟᱜᱼᱟ ᱡᱟᱦᱟᱸ ᱫᱚ ᱜᱳᱣᱛᱚᱢ ᱵᱳᱫᱽᱫᱷᱚᱭᱟᱜ ᱡᱤᱭᱚᱱ ᱨᱮᱭᱟᱜ ᱠᱟᱛᱷᱟ ᱞᱟᱹᱭ ᱟᱠᱟᱫᱟ ᱾
1160,"हाँ, बौद्ध वास्तुकला इस उपमहाद्वीप की सबसे पुरानी उपलब्धियों में से एक है।","ᱥᱟᱹᱨᱤᱜᱮ, ᱵᱳᱣᱫᱷᱚ ᱛᱷᱟᱯᱚᱛᱛᱚ ᱩᱯᱚᱢᱟᱦᱟᱫᱤᱥᱚᱢ ᱨᱮᱭᱟᱜ ᱡᱚᱛᱚᱠᱷᱚᱱ ᱢᱟᱨᱮᱱ ᱮᱱᱮᱢ ᱠᱟᱱᱟ ᱾","ᱦᱩᱭᱩᱜ ᱠᱟᱱᱟ, ᱵᱳᱫᱽᱫᱷᱚ ᱵᱮᱱᱟᱣ ᱠᱟᱹᱨᱤ ᱫᱚ ᱱᱚᱶᱟ ᱩᱯᱚᱢ ᱫᱤᱥᱚᱢ ᱨᱮᱭᱟᱜ ᱢᱟᱨᱮᱱ ᱥᱤᱜᱤᱞ ᱠᱚ ᱢᱩᱫᱨᱮ ᱢᱤᱫᱴᱟᱝ ᱾"
1161,वहाँ का इस्लामी आर्किटेक्चर कैसा है?,ᱚᱸᱰᱮᱱᱟᱜ ᱢᱩᱥᱞᱟᱹ ᱠᱩᱸᱫᱟᱹᱣ ᱠᱟᱹᱨᱤ ᱨᱮᱭᱟᱜ ᱫᱚ ᱪᱮᱫ ᱦᱩᱭᱩᱜᱼᱟ ?,ᱚᱱᱟ ᱨᱮᱭᱟᱜ ᱤᱥᱞᱟᱢᱤ ᱵᱮᱱᱟᱣ ᱠᱟᱹᱨᱤ ᱪᱮᱫ ᱞᱮᱠᱟ?
1162,"तुम्हें हर हाल में जामा मस्जिद जाना चाहिए, जो औरंगाबाद की महत्वपूर्ण धार्मिक इमारतों में से एक है जो अपने बेमिसाल आर्किटेक्चर के लिए जानी जाती है।","ᱟᱢᱫᱚ ᱡᱟᱢᱟ ᱢᱚᱥᱡᱤᱫ ᱧᱮᱞ ᱞᱟᱹᱠᱛᱤ ᱠᱟᱱᱟ, ᱡᱟᱦᱟᱸᱫᱚ ᱟᱫᱷᱟᱛᱛᱤᱠ ᱞᱮᱠᱟᱛᱮ ᱞᱟᱹᱠᱛᱤᱭᱟᱢ ᱳᱣᱨᱚᱝᱜᱚᱵᱟᱫ ᱩᱭᱦᱟᱹᱨ ᱵᱟᱛᱷᱟᱱ ᱠᱚ ᱢᱩᱫ ᱨᱮᱱᱟᱜ ᱢᱤᱫᱴᱟᱝ ᱠᱟᱱᱟ ᱟᱨ ᱱᱚᱶᱟᱫᱚ ᱟᱡᱟᱜ ᱜᱚᱲᱦᱚᱱ ᱠᱟᱹᱨᱤ ᱞᱟᱹᱜᱤᱫ ᱟᱹᱰᱤᱭ ᱱᱟᱯᱟᱭ ᱜᱮᱭᱟ ᱾","ᱟᱢ ᱥᱟᱱᱟᱢ ᱚᱠᱛᱚ ᱜᱮ ᱡᱟᱢᱟ ᱢᱳᱡᱤᱥᱫ ᱨᱮ ᱥᱮᱱ ᱦᱳᱭᱳᱜᱼᱟ, ᱡᱟᱦᱟᱸ ᱫᱚ ᱳᱣᱨᱚᱝᱜᱚᱵᱟᱫᱽ ᱨᱮᱭᱟᱜ ᱢᱤᱫᱴᱟᱝ ᱧᱩᱛᱩᱢᱟᱱ ᱫᱷᱚᱨᱚᱢ ᱟᱱᱟᱜ ᱚᱲᱟᱜ, ᱡᱟᱦᱟᱸ ᱫᱚ ᱱᱚᱶᱟ ᱨᱮᱭᱟᱜ ᱵᱮᱼᱵᱟᱹᱛᱤᱞ ᱵᱮᱱᱟᱣ ᱠᱟᱹᱨᱤ ᱞᱟᱹᱜᱤᱫ ᱩᱯᱨᱩᱢᱟ ᱾"
1163,"इस इस्लामी मज़ार में कुल 50 पॉलिगोनल खंभे हैं, लंबी मीनारें हैं और हैरान करने वाले मेहराब हैं।","ᱱᱤᱭᱟᱹ ᱢᱩᱥᱞᱟᱹ ᱫᱮᱵᱟᱼᱥᱮᱵᱟ ᱴᱷᱟᱶᱨᱮ ᱜᱩᱴ ᱕᱐ ᱜᱚᱴᱟᱝ ᱵᱚᱦᱩᱵᱷᱩᱡ ᱠᱷᱩᱱᱴᱤ, ᱩᱥᱩᱞ ᱢᱤᱱᱟᱨ ᱟᱨ ᱦᱟᱦᱟᱲᱟᱼᱟᱱ ᱠᱷᱤᱞᱟᱱ ᱢᱮᱱᱟᱜᱼᱟ ᱾","ᱱᱚᱶᱟ ᱤᱥᱞᱟᱢᱤ ᱢᱩᱱᱫᱤᱞ ᱨᱮ ᱜᱩᱴ 50 ᱜᱚᱴᱟᱝ ᱯᱚᱞᱤᱜᱳᱱᱚᱞ ᱛᱩᱛᱚ, ᱡᱮᱞᱮᱧ ᱴᱟᱣᱟᱨ ᱟᱨ ᱟᱹᱰᱤ ᱱᱟᱯᱟᱭ ᱟᱨᱪ ᱢᱮᱱᱟᱜᱼᱟ ᱾"
1164,क्या तुमने औरंगाबाद की गुफाएं भी देखीं जो अजन्ता और एलोरा की गुफाओं से थोड़ी अलग हैं?,"ᱟᱢ ᱪᱮᱫ ᱳᱣᱨᱚᱝᱜᱚᱵᱟᱫ ᱜᱩᱦᱟᱢ ᱧᱮᱞ ᱟᱠᱟᱫᱟ, ᱡᱟᱦᱟᱸ ᱠᱚᱫᱚ ᱚᱡᱚᱱᱛᱟ ᱟᱨ ᱤᱞᱳᱨᱟ ᱠᱷᱚᱱ ᱱᱟᱥᱮ ᱱᱟᱜ ᱵᱷᱮᱜᱟᱨ ᱜᱮᱭᱟ ?",ᱟᱢ ᱠᱤ ᱳᱨᱚᱝᱜᱚᱵᱟᱫᱽ ᱨᱮᱭᱟᱜ ᱜᱩᱦᱟᱹᱭ ᱧᱮᱞ ᱟᱠᱟᱫᱟ ᱡᱟᱦᱟᱸ ᱫᱚ ᱚᱡᱚᱱᱛᱛᱚ ᱟᱨ ᱮᱞᱳᱨᱟ ᱨᱮᱭᱟᱜ ᱜᱩᱦᱟᱹᱭ ᱠᱷᱚᱱ ᱠᱤᱪᱷᱩ ᱵᱷᱮᱜᱟᱨ ᱠᱟᱱᱟ?
1165,हाँ। 9वी शताब्दी ईस्वी में खुदाई कर के बनाई गई पाँच पुरानी जैन गुफाओं का यह समूह एलोरा की गुफाओं में है और औरंगाबाद की सबसे रोचक जगहों में से है।,"ᱦᱮᱸ, ᱙ ᱟᱱᱟᱜ ᱥᱚᱛᱟᱵᱫᱤ ᱨᱮ ᱱᱚᱶᱟ ᱞᱟ ᱦᱩᱭ ᱞᱮᱱᱟ,ᱤᱞᱳᱨᱟ ᱜᱩᱦᱟ ᱠᱚᱫᱚ ᱢᱚᱬᱮ ᱜᱚᱴᱟᱝ ᱢᱟᱨᱮ ᱡᱚᱭᱱᱚ ᱜᱩᱦᱟ ᱠᱚ ᱨᱮᱭᱟᱜ ᱢᱤᱫ ᱜᱩᱴ ᱢᱮᱱᱟᱜᱼᱟ ᱟᱨ ᱱᱚᱶᱟᱫᱚ ᱳᱣᱨᱚᱝᱜᱚᱵᱟᱫ ᱨᱮᱭᱟᱜ ᱢᱤᱫ ᱧᱩᱢᱟᱱ ᱩᱭᱦᱟᱹᱨ ᱵᱟᱛᱷᱟᱱᱮ ᱵᱮᱱᱟᱣ ᱟᱠᱟᱫᱟ ᱿",ᱤᱭᱟᱭ ᱾ ᱥᱚᱛᱟᱵᱫᱤ ᱨᱮ ᱠᱷᱟᱹᱨᱰᱩ ᱠᱟᱛᱮ ᱵᱮᱱᱟᱣ ᱢᱚᱬᱮ ᱜᱚᱴᱟᱝ ᱢᱟᱨᱮᱱ ᱡᱚᱭᱱᱚ ᱜᱩᱦᱟᱹᱭ ᱨᱮᱭᱟᱜ ᱱᱚᱶᱟ ᱜᱩᱴ ᱫᱚ ᱮᱞᱳᱨᱟ ᱜᱩᱦᱤᱭ ᱨᱮ ᱢᱮᱱᱟᱜᱼᱟ ᱟᱨ ᱳᱣᱨᱚᱝᱜᱚᱵᱟᱫᱽ ᱨᱮᱭᱟᱜ ᱥᱚᱨᱮᱥ ᱱᱟᱯᱟᱭ ᱴᱷᱟᱶ ᱠᱚ ᱢᱩᱫᱨᱮ ᱢᱮᱱᱟᱜᱼᱟ ᱾
1166,सुंदर नक्काशी और पेंटिंग्स दर्शाती ये गुफाएं जैन मान्यताओं और उपदेशों का जश्न मनाती हैं।,"ᱨᱤᱡᱷᱟᱹᱜ ᱞᱮᱠᱟᱱ ᱠᱷᱚᱫᱟ ᱪᱤᱛᱟᱹᱨ ᱟᱨ ᱯᱮᱱᱴᱤᱝ ᱯᱷᱞᱟᱱᱴᱤᱝ, ᱱᱤᱭᱟᱹ ᱜᱷᱚᱸᱜᱚᱨ ᱠᱚᱫᱚ ᱡᱚᱭᱱᱚ ᱫᱷᱚᱨᱚᱢ ᱨᱮ ᱯᱟᱹᱛᱭᱟᱹᱣ ᱟᱨ ᱯᱟᱥᱱᱟᱣ ᱠᱚ ᱢᱟᱱᱟᱣᱼᱮᱫ ᱛᱟᱦᱮᱸᱜ ᱾",ᱱᱚᱶᱟ ᱜᱩᱦᱟᱨᱮᱠᱚ ᱫᱚ ᱟᱹᱰᱤ ᱱᱟᱯᱟᱭ ᱵᱮᱱᱟᱣ ᱟᱨ ᱪᱤᱛᱟᱹᱨ ᱩᱫᱩᱜ ᱥᱚᱫᱚᱨ ᱠᱟᱛᱮ ᱡᱳᱭᱱᱚ ᱫᱷᱚᱨᱚᱢ ᱟᱨ ᱫᱷᱚᱨᱚᱢ ᱠᱚ ᱢᱟᱱᱟᱣᱼᱟ ᱾
1167,"मेरे खयाल से तुम बीबी का मकबरा देखने तो जरूर गई होगी, जो ताज महल की कॉपी लगता है।","ᱤᱧ ᱢᱚᱱᱮᱭᱟ ᱦᱩᱭᱩᱜ ᱠᱟᱱᱟ ᱵᱤᱵᱤ ᱠᱟ ᱢᱟᱠᱵᱟᱨᱟ ᱧᱮᱞ ᱫᱚ ᱵᱟᱢ ᱦᱤᱲᱤᱧ ᱟᱠᱟᱫᱟ, ᱡᱟᱦᱟᱸᱫᱚ ᱛᱟᱡᱽᱢᱚᱦᱚᱞ ᱞᱮᱠᱟ ᱧᱮᱞᱚᱜᱼᱟ ᱿","ᱢᱮᱨᱮ ᱠᱷᱮᱭᱟᱞ ᱠᱷᱚᱱ ᱟᱢ ᱫᱚ ᱵᱤᱵᱤᱭᱟᱜ ᱢᱳᱵᱚᱨ ᱧᱮᱞ ᱞᱟᱹᱜᱤᱫ ᱛᱮ ᱪᱟᱞᱟᱣ ᱦᱳᱭᱳᱜᱼᱟ, ᱡᱟᱦᱟᱸ ᱫᱚ ᱛᱚᱡᱚᱢᱦᱚᱞ ᱨᱮᱭᱟᱜ ᱢᱤᱫᱴᱟᱝ ᱠᱚᱯᱤ ᱢᱮᱱᱛᱮ ᱢᱚᱱᱮ ᱦᱩᱭᱩᱜ ᱠᱟᱱᱟ ᱾"
1168,मैं वहां कैसे न जाती।,ᱤᱧᱫᱚ ᱫᱷᱟᱹᱨᱛᱤ ᱞᱟᱹᱜᱤᱫ ᱵᱟᱹᱧ ᱦᱤᱲᱤᱧ ᱫᱟᱲᱮᱭᱟᱜᱼᱟ ᱿,ᱤᱧ ᱪᱮᱫ ᱞᱮᱠᱟᱛᱮ ᱚᱱᱟ ᱴᱷᱟᱶ ᱨᱮ ᱵᱟᱝ ᱥᱮᱱ ᱫᱟᱲᱮᱭᱟᱜᱼᱟ ᱾
1169,बीबी का मकबरा अंतिम मुगल राजा औरंगज़ेब ने अपनी प्यारी बीवी दिलरास बानो बेगम की याद में बनवाया था।,ᱵᱤᱵᱤᱼᱠᱟᱼᱢᱟᱠᱵᱟᱨᱟ ᱫᱚ ᱢᱩᱜᱷᱚᱞ ᱨᱟᱡᱽᱯᱟᱴ ᱨᱮᱢ ᱢᱩᱪᱟᱹᱫ ᱥᱟᱥᱚᱠ ᱳᱣᱨᱚᱝᱜᱚᱡᱮᱵ ᱟᱡᱽᱨᱮᱱ ᱫᱩᱞᱟᱹᱲᱤᱭᱟᱹ ᱚᱲᱟᱜ ᱮᱨᱟ ᱫᱤᱞᱨᱟᱥ ᱵᱟᱱᱩ ᱵᱮᱜᱚᱢ ᱼᱟᱜ ᱩᱭᱦᱟᱹᱨᱛᱮᱭ ᱵᱮᱱᱟᱣ ᱞᱮᱫᱟ ᱾,ᱵᱤᱵᱤᱭᱟᱜ ᱛᱚᱯᱟ ᱫᱚ ᱢᱩᱪᱟᱹᱫ ᱢᱩᱜᱷᱚᱞ ᱨᱟᱡᱟ ᱳᱨᱚᱝᱜᱚᱡᱮᱵ ᱟᱡ ᱨᱮᱱ ᱫᱩᱞᱟᱹᱲ ᱮᱨᱟ ᱫᱤᱞᱨᱟᱥ ᱵᱟᱱᱩ ᱵᱮᱜᱚᱢ ᱟᱜ ᱩᱭᱦᱟᱹᱨ ᱛᱮ ᱵᱮᱱᱟᱣ ᱞᱮᱫᱟᱭ ᱾
1170,इसे प्यार का प्रतीक माना जाता है और ये औरंगाबाद की महत्वपूर्ण ऐतिहासिक जगहों में से एक है।,ᱱᱚᱶᱟᱫᱚ ᱫᱩᱞᱟᱹᱲ ᱨᱮᱭᱟᱜ ᱪᱤᱱᱦᱟᱹ ᱟᱨ ᱳᱣᱨᱚᱝᱜᱚᱵᱟᱫ ᱨᱮᱭᱟᱜ ᱧᱩᱛᱩᱢᱟᱱ ᱢᱩᱲᱩᱫ ᱱᱟᱜᱟᱢᱤᱭᱟᱹ ᱴᱷᱟᱶ ᱞᱮᱠᱟᱛᱮ ᱞᱟᱹᱭᱚᱜᱼᱟ ᱾,ᱱᱚᱶᱟ ᱫᱚ ᱫᱩᱞᱟᱹᱲ ᱨᱮᱭᱟᱜ ᱪᱤᱱᱦᱟᱹ ᱢᱮᱱᱛᱮ ᱢᱚᱱᱮ ᱦᱩᱭᱩᱜ ᱠᱟᱱᱟ ᱟᱨ ᱳᱣᱨᱚᱝᱜᱚᱵᱟᱫᱽ ᱨᱮᱭᱟᱜ ᱢᱤᱫᱴᱟᱝ ᱞᱟᱹᱠᱛᱤᱭᱟᱱ ᱱᱟᱜᱟᱢᱤᱭᱟᱹ ᱴᱷᱟᱶ ᱠᱟᱱᱟ ᱾
1171,बारीक नक्काशी के साथ बिलकुल सफेद संगमरमर से बनी यह संरचना औरंगाबाद के सबसे बड़े स्मारकों में से एक है।,"ᱠᱷᱟᱹᱴᱤ ᱯᱳᱲ ᱢᱟᱨᱵᱮᱞ ᱛᱮ ᱵᱮᱱᱟᱣ ᱟᱨ ᱞᱤᱴᱤ ᱵᱤᱲᱥᱤ ᱠᱷᱚᱫᱟ ᱠᱟᱹᱨᱤᱛᱮ ᱥᱟᱡᱟᱣ, ᱱᱤᱭᱟᱹ ᱛᱷᱟᱯᱱᱟᱣ ᱨᱮᱦᱚᱸ ᱳᱣᱨᱚᱝᱜᱟᱵᱟᱫ ᱨᱮᱭᱟᱜ ᱡᱚᱛᱚᱠᱷᱚᱱ ᱢᱟᱨᱟᱝ ᱩᱭᱦᱟᱹᱨ ᱵᱟᱛᱷᱟᱱ ᱢᱩᱫᱨᱮ ᱢᱤᱫᱴᱟᱝ ᱠᱟᱱᱟ ᱾",ᱟᱹᱰᱤ ᱱᱟᱯᱟᱭ ᱛᱮ ᱵᱮᱱᱟᱣ ᱠᱟᱛᱮ ᱟᱹᱰᱤ ᱥᱟᱭᱴ ᱢᱟᱨᱵᱮᱞ ᱛᱮ ᱵᱮᱱᱟᱣ ᱱᱚᱶᱟ ᱵᱮᱱᱟᱣ ᱫᱚ ᱳᱣᱨᱚᱝᱜᱚᱵᱟᱫᱽ ᱨᱮᱭᱟᱜ ᱢᱟᱨᱟᱝ ᱩᱭᱦᱟᱹᱨᱟᱱ ᱴᱷᱟᱶ ᱠᱚ ᱢᱩᱫᱨᱮ ᱢᱤᱫᱴᱟᱝ ᱾
1172,वाओ! मुझे तुम से जलन हो रही है।,ᱪᱮᱫ ᱱᱟᱯᱟᱭ ! ᱟᱢ ᱤᱧᱮᱢ ᱨᱟᱹᱜᱤ ᱟᱪᱚᱧ ᱠᱟᱱᱟ ᱾,ᱳᱣᱟᱣᱳ! ᱤᱧ ᱟᱢ ᱪᱮᱛᱟᱱ ᱨᱮ ᱜᱷᱟᱹᱞᱚᱜ ᱠᱟᱱᱟ ᱾
1173,"अगली बार मैं तुम्हारे साथ जाउंगी, चाहे कुछ भी हो जाए।",ᱛᱟᱭᱚᱢ ᱛᱮᱫᱚ ᱟᱨ ᱡᱟᱦᱟᱱᱟᱜ ᱜᱮ ᱦᱩᱭᱩᱜ ᱟᱢ ᱥᱟᱶᱛᱮ ᱤᱧᱦᱚᱧ ᱪᱟᱞᱟᱜᱼᱟ ᱾,ᱛᱟᱭᱚᱢ ᱫᱟᱨᱟᱢ ᱚᱠᱛᱮ ᱤᱧ ᱟᱢ ᱥᱟᱶᱛᱮ ᱤᱧ ᱤᱧ ᱤᱧ ᱤᱧ ᱤᱧ ᱤᱧ ᱤᱧ ᱤᱧ ᱤᱧ ᱤᱧ ᱤᱧ ᱤᱧ ᱤᱧ ᱤᱧ ᱤᱧ ᱤᱧ ᱤᱧ ᱤᱧ ᱤᱧ ᱤᱧ ᱤᱧ ᱤᱧ ᱤᱧ ᱤᱧ ᱤᱧ ᱤᱧ ᱤᱧ ᱤᱧ ᱤᱧ ᱤᱧ ᱤᱧ ᱤᱧ ᱤᱧ ᱤᱧ ᱤᱧ ᱤᱧ ᱤᱧ ᱤᱧ ᱤᱧ ᱤᱧ ᱤᱧ ᱤᱧ ᱤᱧ ᱤᱧ ᱤᱧ ᱤᱧ ᱤᱧ ᱤᱧ ᱤᱧ ᱤᱧ ᱤᱧ ᱤᱧ ᱤᱧ ᱤᱧ ᱤᱧ ᱤᱧ ᱤᱧ ᱤᱧ ᱤᱧ ᱤᱧ ᱤᱧ ᱤᱧ ᱤᱧ ᱤᱧ ᱤᱧ ᱤᱧ ᱤᱧ ᱤᱧ ᱤᱧ ᱤᱧ ᱤᱧ ᱤᱧ ᱤᱧ ᱤᱧ ᱤᱧ ᱤᱧ ᱤᱧ ᱤᱧ ᱤᱧ ᱤᱧ ᱤᱧ ᱤᱧ ᱤᱧ ᱤᱧ ᱤᱧ ᱤᱧ ᱤᱧ ᱤᱧ ᱤᱧ ᱤᱧ ᱤᱧ ᱤᱧ ᱤᱧ ᱤᱧ ᱤᱧ ᱤᱧ ᱤᱧ ᱤᱧ ᱤᱧ ᱤᱧ ᱤᱧ ᱤᱧ ᱤᱧ ᱤᱧ ᱤᱧ ᱤᱧ ᱤᱧ ᱤᱧ ᱤᱧ ᱤᱧ ᱤᱧ ᱤᱧ ᱤᱧ ᱤᱧ ᱤᱧ ᱤᱧ ᱤᱧ ᱤᱧ ᱤᱧ ᱤᱧ ᱤᱧ ᱤᱧ
1174,"हे, सूफ़ी।","ᱟᱨᱮ, ᱥᱩᱯᱷᱤ ᱾","ᱮᱦ, ᱥᱩᱯᱷᱤ ᱾"
1175,अभी तुम बिज़ी हो क्या?,ᱟᱢ ᱪᱮᱫ ᱱᱤᱛ ᱡᱚᱦᱚᱲ ᱢᱮᱱᱟᱢᱟ ?,ᱱᱤᱛ ᱟᱢ ᱪᱮᱫ ᱠᱟᱹᱢᱤᱡ ᱠᱟᱱᱟ?
1176,हे कीरत।,ᱟᱨᱮ ᱠᱤᱨᱟᱛ ᱾,"ᱮᱦ, ᱠᱤᱨᱚᱛ ᱾"
1177,नहीं कोई खास नहीं।,ᱟᱥᱚᱞᱨᱮ ᱚᱱᱠᱟ ᱫᱚ ᱾,"ᱵᱟᱝ, ᱡᱟᱦᱟᱱ ᱟᱹᱰᱤ ᱱᱟᱯᱟᱭ ᱫᱚ ᱵᱟᱝ ᱠᱟᱱᱟ ᱾"
1178,बोलो।,ᱤᱧ ᱞᱟᱹᱭᱟᱹᱧ ᱢᱮ ᱾,ᱞᱟᱹᱭ ᱢᱮ ᱾
1179,मैं अपने दादू को उनके कुछ कागज़ात सँभालने में मदद कर रहा था।,ᱤᱧ ᱟᱯᱟᱛ ᱟᱡᱟᱜ ᱠᱤᱪᱷᱤ ᱠᱟᱜᱚᱡᱽ ᱨᱮᱭᱟᱜ ᱠᱟᱹᱢᱤ ᱨᱮᱧ ᱜᱚᱲᱚ ᱟᱫᱮ ᱛᱟᱦᱮᱸ ᱾,ᱤᱧ ᱤᱧᱟᱹᱜ ᱰᱚᱫᱩ ᱫᱚ ᱩᱱᱤᱭᱟᱜ ᱠᱤᱪᱷᱩᱜᱟᱱ ᱛᱟᱹᱞᱤᱠᱟ ᱫᱚᱦᱚ ᱞᱟᱹᱜᱤᱫ ᱮ ᱜᱚᱲᱚ ᱞᱮᱫᱮᱭᱟᱭ ᱾
1180,और मुझे एक स्कीम मिली जिसमें उन्होंने निवेश किया था लेकिन उन्हें उसके कोई डिटेल्स याद नहीं है।,ᱟᱨ ᱢᱤᱫᱴᱟᱝ ᱱᱚᱝᱠᱟᱱ ᱥᱠᱤᱢ ᱤᱧ ᱧᱟᱢ ᱟᱠᱟᱫᱟ ᱡᱟᱦᱟᱸ ᱫᱚ ᱩᱱᱤ ᱠᱟᱹᱣᱰᱤ ᱥᱚᱯᱚᱦᱚᱫ ᱮ ᱮᱢ ᱟᱠᱟᱫᱟ ᱮᱱᱠᱷᱟᱱ ᱱᱚᱶᱟ ᱨᱮᱭᱟᱜ ᱵᱚᱨᱱᱚᱱ ᱠᱚ ᱫᱚ ᱵᱟᱹᱧ ᱫᱤᱥᱟᱹ ᱮᱫᱟ ᱾,ᱟᱨ ᱤᱧ ᱢᱤᱫᱴᱟᱝ ᱥᱤᱠᱤᱢ ᱧᱟᱢ ᱟᱠᱟᱫᱟ ᱡᱟᱦᱟᱸ ᱨᱮ ᱩᱱᱤ ᱵᱤᱱᱤᱭᱳᱜ ᱞᱮᱫᱟᱭ ᱢᱮᱱᱠᱷᱟᱱ ᱩᱱᱤ ᱚᱱᱟ ᱨᱮᱭᱟᱜ ᱡᱟᱦᱟᱱ ᱵᱚᱨᱱᱚᱱ ᱵᱟᱝ ᱩᱭᱦᱟᱹᱨ ᱟᱠᱟᱫᱟ ᱾
1181,क्या तुम मेरी उसमें मदद करोगी?,ᱟᱢ ᱪᱮᱫ ᱤᱧ ᱮᱢ ᱜᱚᱲᱚ ᱫᱟᱲᱮ ᱟᱹᱧᱟᱹ ?,ᱟᱢ ᱠᱤ ᱤᱧ ᱱᱚᱣᱟ ᱞᱟᱹᱜᱤᱫ ᱜᱚᱲᱚ ᱮᱢ ᱢᱮ?
1182,तुमने तो एक एन.जी.ओ. के साथ काम किया है जो सीनियर सिटिजन्स को इस तरह की चीज़ों में मदद करता है।,.ᱟᱢ ᱢᱤᱫᱴᱟᱝ NGO ᱥᱟᱶ ᱮᱢ ᱠᱟᱹᱢᱤᱟᱠᱟᱫᱟ ᱡᱟᱦᱟᱸ ᱯᱩᱨᱩᱫᱷᱩᱞ ᱱᱟᱜᱚᱨᱤᱭᱟᱹ ᱠᱚ ᱱᱚᱝᱠᱟᱱ ᱡᱤᱱᱤᱥ ᱠᱚᱨᱮᱭ ᱜᱚᱲᱚ ᱟᱫ ᱠᱚ ᱛᱟᱦᱮᱸ ᱾,ᱟᱢ ᱮᱢᱚᱱ ᱢᱤᱫᱴᱟᱝ <ᱟᱭ ᱰᱤ 1> ᱥᱟᱶ ᱠᱟᱹᱢᱤ ᱟᱠᱟᱫᱟ ᱡᱟᱦᱟᱸ ᱫᱚ ᱢᱟᱨᱟᱝ ᱦᱚᱲ ᱠᱚ ᱱᱚᱶᱟ ᱞᱮᱠᱟᱱ ᱠᱟᱹᱢᱤ ᱨᱮ ᱜᱚᱲᱚ ᱮᱢᱼᱟ ᱾
1183,"हाँ, हाँ।","ᱦᱮᱸ, ᱦᱮᱸ,᱾","ᱦᱩᱭᱩᱜ ᱠᱟᱱᱟ, ᱦᱩᱭᱩᱜ ᱠᱟᱱᱟ ᱾"
1184,बताओ तुम्हें क्या दिखाई दे रहा है?,ᱞᱟᱹᱭ ᱢᱮ ᱟᱢ ᱪᱮᱫ ᱮᱢ ᱧᱮᱞ ᱮᱫᱟ ?,ᱟᱢ ᱪᱮᱫ ᱧᱮᱞᱧᱟᱢ ᱠᱟᱱᱟ ᱚᱱᱟ ᱞᱟᱹᱭ ᱢᱮ ᱾
1185,"तो, पेपर में लिखा है: पी.एम. वय वंदना योजना।",ᱛᱟᱦᱞᱮ ᱠᱷᱟᱱ ᱠᱟᱜᱚᱡᱽ ᱫᱚᱭ ᱯᱟᱲᱦᱟᱣ ᱟᱠᱟᱫᱟ ᱺ ᱯᱨᱚᱫᱷᱟᱱᱢᱚᱱᱛᱨᱤ ᱵᱷᱟᱭᱟ ᱵᱚᱱᱫᱚᱱᱟ ᱡᱳᱡᱚᱱᱟ ᱾,"ᱚᱱᱟᱛᱮ, ᱛᱟᱹᱞᱤᱠᱟ ᱨᱮ ᱚᱞ ᱢᱮᱱᱟᱜᱼᱟ <ᱟᱭ ᱰᱤ 1>. ᱳᱭᱟ ᱵᱳᱱᱫᱟ ᱩᱭᱦᱟᱹᱨ ᱾"
1186,यह किस बारे में है?,ᱱᱚᱶᱟ ᱫᱚ ᱪᱮᱫ ᱵᱟᱨᱮᱛᱮ ?,ᱱᱚᱶᱟ ᱫᱚ ᱪᱮᱫ ᱤᱫᱤ ᱠᱟᱛᱮ?
1187,क्या फ़ायदे हैं इसके?,ᱯᱚᱲᱛᱟ ᱫᱚ ᱪᱮᱫ ?,ᱱᱚᱶᱟ ᱨᱮᱭᱟᱜ ᱪᱮᱫ ᱪᱮᱫ ᱜᱚᱱᱚᱝ ᱢᱮᱱᱟᱜᱼᱟ?
1188,यह कैसे काम करता है?,ᱪᱮᱫ ᱞᱮᱠᱟᱭ ᱠᱟᱹᱢᱤᱭᱟ ?,ᱱᱚᱶᱟ ᱫᱚ ᱪᱮᱫ ᱞᱮᱠᱟᱛᱮ ᱠᱟᱹᱢᱤᱼᱟ?
1189,"ओह, उन्होंने इसमें निवेश किया है?","ᱳᱦ, ᱩᱱᱤ ᱱᱚᱶᱟ ᱨᱮ ᱥᱚᱯᱚᱦᱚᱫ ᱠᱟᱹᱣᱰᱤᱭ ᱮᱢ ᱟᱠᱟᱫᱟ ?","ᱳᱦ, ᱩᱱᱠᱩ ᱱᱚᱶᱟ ᱨᱮ ᱵᱤᱱᱤᱭᱳᱜ ᱟᱠᱟᱫᱟ?"
1190,सरकार की ये एक अच्छी कल्याणकारी स्कीम है।,ᱱᱚᱶᱟ ᱫᱚ ᱥᱚᱨᱠᱟᱨ ᱟᱜ ᱵᱷᱟᱜᱮ ᱯᱟᱱᱛᱷᱟ ᱠᱟᱱᱟ ᱾,ᱱᱚᱶᱟ ᱫᱚ ᱥᱚᱨᱠᱟᱨ ᱟᱜ ᱢᱤᱫᱴᱟᱝ ᱱᱟᱯᱟᱭ ᱱᱟᱯᱟᱭ ᱯᱚᱨᱤᱠᱚᱞ ᱾
1191,यह स्कीम वित्त मंत्रालय में आती है।,ᱱᱚᱶᱟ ᱯᱟᱱᱛᱷᱟ ᱫᱚ ᱠᱟᱹᱣᱰᱤ ᱛᱷᱚᱱᱚᱛᱨᱮ ᱢᱮᱱᱟᱜᱼᱟ ᱾,ᱱᱚᱶᱟ ᱯᱚᱨᱤᱠᱚᱞ ᱫᱚ ᱠᱟᱹᱣᱰᱤ ᱢᱚᱱᱛᱚᱨᱚ ᱴᱷᱮᱱ ᱢᱮᱱᱟᱜᱼᱟ ᱾
1192,यह सीनियर सिटिज़न्स को मार्केट के वित्तीय प्रभाव से सुरक्षित रखने के लिए बनाई गई है।,ᱱᱚᱶᱟ ᱫᱚ ᱯᱩᱨᱩᱫᱷᱩᱞ ᱱᱟᱜᱚᱨᱤᱭᱟᱹ ᱠᱚ ᱵᱟᱡᱟᱨ ᱨᱮᱭᱟᱜ ᱠᱟᱹᱣᱰᱤ ᱚᱨᱥᱚᱝ ᱠᱷᱚᱱ ᱵᱟᱧᱪᱟᱣ ᱞᱟᱹᱜᱤᱫ ᱵᱮᱱᱟᱣ ᱦᱩᱭ ᱟᱠᱟᱱᱟ ᱾,ᱱᱚᱶᱟ ᱫᱚ ᱢᱟᱨᱟᱝ ᱦᱚᱲ ᱠᱚ ᱵᱟᱡᱟᱨ ᱨᱮᱭᱟᱜ ᱠᱟᱹᱣᱰᱤ ᱮᱥᱮᱨ ᱠᱷᱚᱱ ᱨᱩᱠᱷᱟᱹᱭᱟᱹ ᱞᱟᱹᱜᱤᱫ ᱵᱮᱱᱟᱣ ᱦᱩᱭ ᱟᱠᱟᱱᱟ ᱾
1193,मैं समझा नहीं?,ᱤᱧ ᱫᱚ ᱪᱮᱫ ᱵᱟᱹᱧ ᱧᱟᱢᱼᱟ ?,ᱤᱧ ᱪᱮᱫᱦᱚᱸ ᱵᱟᱝ ᱵᱟᱰᱟᱭ ᱟᱠᱟᱱᱟ?
1194,यह उन्हें डायनैमिक मार्केट निवेश से कैसे सुरक्षित रखती है?,ᱪᱮᱫ ᱞᱮᱠᱟᱛᱮ ᱱᱚᱶᱟ ᱫᱚ ᱪᱟᱞᱟᱜᱠᱟᱱ ᱵᱟᱡᱟᱨ ᱨᱮᱭᱟᱜ ᱥᱚᱯᱚᱦᱚᱫ ᱠᱟᱹᱣᱰᱤ ᱠᱷᱚᱱ ᱮ ᱵᱟᱧᱪᱟᱣᱼᱟ ᱾,ᱱᱚᱶᱟ ᱫᱚ ᱪᱮᱫ ᱞᱮᱠᱟᱛᱮ ᱩᱱᱠᱩ ᱫᱚ ᱪᱟᱞᱟᱣᱟᱱ ᱵᱟᱡᱟᱨ ᱨᱮᱭᱟᱜ ᱵᱤᱱᱤᱭᱳᱜ ᱠᱷᱚᱱ ᱨᱩᱠᱷᱟᱹᱭᱟᱹ ᱫᱚᱦᱚᱼᱟ?
1195,मैं समझाती हूँ।,ᱵᱤᱪᱷᱱᱟᱹᱣ ᱛᱮ ᱞᱟᱹᱭᱟᱹᱧ ᱢᱮ ᱾,ᱤᱧ ᱵᱚᱨᱱᱚᱱ ᱮᱫᱟ ᱾
1196,"तो, अगर निवेश करने से ब्याज से होने वाली आय में भविष्य में गिरावट आती है, तो ये स्कीम इस तरह के अनिश्चितता वाले निवेश के विकल्प बताती है।","ᱮᱱᱠᱷᱟᱱ, ᱡᱩᱫᱤ ᱥᱚᱯᱚᱦᱚᱫ ᱠᱟᱹᱣᱰᱤ ᱠᱷᱚᱱ ᱦᱟᱯᱮᱱᱫᱤᱱ ᱨᱮ ᱥᱩᱫᱽ ᱟᱨᱡᱟᱣ ᱦᱟᱯᱤᱫᱚᱜᱼᱟ ᱮᱱᱠᱷᱟᱱ ᱱᱚᱶᱟ ᱥᱠᱤᱢ ᱫᱚ ᱱᱚᱝᱠᱟᱱ ᱵᱤᱱ ᱴᱷᱟᱹᱣᱠᱟᱹ ᱟᱱ ᱥᱚᱯᱚᱦᱚᱫ ᱠᱟᱹᱣᱰᱤ ᱠᱷᱚᱱ ᱮᱴᱟᱜ ᱦᱚᱨᱟᱭ ᱥᱟᱨᱵᱷᱟᱨᱼᱟ ᱾","ᱚᱱᱟᱛᱮ, ᱡᱩᱫᱤ ᱵᱤᱱᱤᱭᱳᱜ ᱠᱚᱨᱟᱣ ᱠᱷᱟᱹᱛᱤᱨ ᱛᱮ ᱥᱩᱫ ᱠᱷᱚᱱ ᱧᱟᱢ ᱟᱭ ᱛᱟᱭᱚᱢ ᱫᱟᱨᱟᱢ ᱨᱮ ᱠᱚᱢᱚᱜᱼᱟ, ᱮᱱᱠᱷᱟᱱ ᱱᱚᱶᱟ ᱥᱤᱠᱤᱢ ᱫᱚ ᱱᱚᱶᱟ ᱞᱮᱠᱟᱱ ᱵᱟᱝᱼᱵᱩᱴᱟᱹ ᱵᱤᱱᱤᱭᱳᱜ ᱨᱮᱭᱟᱜ ᱮᱴᱟᱜ ᱦᱚᱨᱟ ᱠᱚ ᱩᱫᱩᱜ ᱥᱚᱫᱚᱨᱼᱟ ᱾"
1197,"इस स्कीम में, सीनियर सीटिज़न्स को उनके निवेश पर 8 परसेंट का रिटर्न पक्के तौर पर मिलता है।",ᱱᱚᱶᱟ ᱯᱟᱱᱛᱷᱟ ᱨᱮᱭᱟᱜ ᱟᱣᱛᱟᱨᱮ ᱯᱩᱨᱩᱫᱷᱩᱞ ᱱᱟᱜᱚᱨᱤᱭᱟᱹ ᱠᱚ ᱫᱚ ᱟᱠᱚᱣᱟᱜ ᱥᱚᱯᱚᱦᱚᱫ ᱞᱟᱹᱜᱤᱫ ᱔ ᱥᱟᱭᱦᱤᱸᱥ ᱧᱟᱢ ᱨᱮᱭᱟᱜ ᱠᱚ ᱟᱥᱚᱜᱼᱟ ᱾,"ᱱᱚᱶᱟ ᱥᱤᱠᱤᱢ ᱨᱮ, ᱢᱟᱨᱟᱝ ᱦᱚᱲ ᱠᱚ ᱩᱱᱠᱩᱭᱟᱜ ᱵᱤᱱᱤᱭᱳᱜ ᱨᱮ 8 ᱥᱟᱭᱦᱤᱸᱥ ᱨᱮᱭᱟᱜ ᱨᱤᱴᱟᱨᱱ ᱜᱚᱴᱟ ᱞᱮᱠᱟᱛᱮ ᱠᱚ ᱧᱟᱢᱼᱟ ᱾"
1198,"और अगर कोई डिफ़रेंशियल रिटर्न होता है, तो सरकार उसका भार उठाती है।",ᱟᱨ ᱡᱩᱫᱤ ᱡᱟᱦᱟᱱ ᱰᱤᱯᱟᱨᱮᱱᱥᱤᱭᱟᱞ ᱨᱤᱴᱟᱨᱱ ᱛᱟᱦᱮᱱᱟ ᱮᱱᱠᱷᱟᱱ ᱚᱱᱟ ᱫᱚ ᱥᱚᱨᱠᱟᱨ ᱜᱮᱭ ᱵᱚᱦᱚᱱᱼᱟ ᱾,"ᱟᱨ ᱡᱩᱫᱤ ᱡᱟᱦᱟᱱ ᱵᱷᱮᱜᱟᱨ ᱨᱩᱣᱟᱹᱲ ᱦᱳᱭᱳᱜᱼᱟ, ᱮᱱᱠᱷᱟᱱ ᱥᱚᱨᱠᱟᱨ ᱚᱱᱟ ᱨᱮᱭᱟᱜ ᱞᱟᱹᱞᱤᱥ ᱠᱚ ᱦᱟᱛᱟᱣᱼᱟ ᱾"
1199,डिफ़रेंशियल रिटर्न क्या होता है?,ᱰᱤᱯᱷᱟᱨᱮᱱᱥᱤᱭᱟᱞ ᱨᱤᱴᱟᱨᱱ ᱫᱚ ᱪᱮᱫ ᱠᱟᱱᱟ ?,ᱵᱷᱮᱜᱟᱨ ᱨᱩᱣᱟᱹᱲ ᱪᱮᱫ?
1200,ये स्कीम एल.आई.सी. के सहयोग से है।,ᱱᱚᱶᱟ ᱥᱠᱤᱢ ᱫᱚ LIC ᱟᱜ ᱜᱚᱲᱚᱛᱮ ᱢᱮᱱᱟᱜᱼᱟ ᱾,ᱱᱚᱶᱟ ᱥᱤᱠᱤᱢ ᱫᱚ <ᱟᱭ ᱰᱤ 1> ᱼ ᱨᱮᱭᱟᱜ ᱜᱚᱲᱚ ᱛᱮ ᱵᱮᱱᱟᱣ ᱟᱠᱟᱱᱟ ᱾
1201,"तो, एल.आई.सी. तुम्हारे निवेश पर 8 परसेंट पक्के तौर पर देगी।","ᱮᱱᱠᱷᱟᱱ, LIC ᱠᱟᱹᱣᱰᱤ ᱥᱚᱯᱚᱦᱚᱫ ᱞᱟᱹᱜᱤᱫ ᱔ ᱥᱟᱭᱦᱤᱸᱥ ᱮᱢᱚᱜ ᱨᱮᱭᱟᱜ ᱟᱸᱥ ᱮ ᱮᱢᱟᱢᱟ ᱾","ᱚᱱᱟᱛᱮ, <ᱟᱭ ᱰᱤᱼ1>. ᱟᱢᱟᱜ ᱵᱤᱱᱤᱭᱳᱜ ᱨᱮ 8 ᱥᱟᱭᱦᱤᱸᱥ ᱜᱚᱴᱟ ᱞᱮᱠᱟᱛᱮ ᱮᱢ ᱦᱩᱭᱩᱜᱼᱟ ᱾"
1202,"अगर कोई अंतर होता है यानी अगर कोई नुक़सान होते हैं, तो सरकार उसका भार उठाएगी।","ᱡᱩᱫᱤ ᱡᱟᱦᱟᱱ ᱵᱷᱮᱜᱟᱨ ᱛᱟᱦᱮᱱᱟ, ᱡᱮᱞᱮᱠᱟ ᱡᱟᱦᱟᱱ ᱠᱷᱚᱛᱤ ᱦᱩᱭ ᱞᱮᱱᱠᱷᱟᱱ ᱥᱚᱨᱠᱟᱨ ᱚᱱᱟᱭ ᱵᱚᱦᱚᱱᱼᱟ ᱾","ᱡᱩᱫᱤ ᱡᱟᱦᱟᱱ ᱵᱷᱮᱜᱟᱨ ᱛᱟᱦᱮᱸᱱᱟ, ᱡᱟᱦᱟᱸ ᱫᱚ ᱦᱩᱭᱩᱜ ᱠᱟᱱᱟ, ᱡᱩᱫᱤ ᱡᱟᱦᱟᱱ ᱦᱟᱹᱱ ᱦᱳᱭᱳᱜᱼᱟ, ᱮᱱᱠᱷᱟᱱ ᱥᱚᱨᱠᱟᱨ ᱚᱱᱟ ᱨᱮᱭᱟᱜ ᱞᱟᱹᱞᱤᱥ ᱠᱚ ᱦᱟᱛᱟᱣᱼᱟ ᱾"
1203,तुम्हारा निवेश फिर भी 8 परसेंट रहेगा।,ᱟᱢᱟᱜ ᱥᱚᱯᱚᱦᱚᱫ ᱠᱟᱹᱣᱰᱤ ᱱᱤᱛᱦᱚᱸ ᱔ ᱥᱟᱭᱦᱤᱸᱥ ᱦᱩᱭᱩᱜᱼᱟ ᱾,ᱟᱢᱟᱜ ᱵᱤᱱᱤᱭᱳᱜ ᱱᱤᱛᱦᱚᱸ 8 ᱥᱟᱭᱦᱤᱸᱥ ᱛᱟᱦᱮᱸᱱᱟ ᱾
1204,"ओह, अच्छा।","ᱳᱦ, ᱴᱷᱤᱠ ᱜᱮᱭᱟ ᱾","ᱳᱦ, ᱱᱟᱯᱟᱭ ᱠᱟᱱᱟ ᱾"
1205,अब मैं समझा।,ᱤᱧ ᱱᱤᱛ ᱜᱮ ᱱᱚᱶᱟ ᱧᱟᱢ ᱠᱮᱫᱟ ᱾,ᱱᱤᱛ ᱤᱧ ᱵᱟᱰᱟᱭᱧᱟᱢ ᱟᱠᱟᱱᱟ ᱾
1206,और इसकी अदायगी के बारे में?,ᱟᱨ ᱯᱮᱟᱣᱩᱴ ᱵᱟᱵᱚᱛ ᱫᱚ ᱪᱮᱫ ?,ᱟᱨ ᱚᱱᱟ ᱨᱮᱭᱟᱜ ᱠᱟᱹᱣᱰᱤ ᱮᱢᱚᱜ ᱤᱫᱤ ᱠᱟᱛᱮ?
1207,अदायगी 10 साल के लिए मासिक है।,ᱯᱮᱟᱣᱩᱴ ᱠᱚ ᱫᱚ ᱪᱟᱸᱫᱚ ᱯᱤᱪᱷᱤ ᱑᱐ ᱥᱮᱨᱢᱟ ᱨᱮᱭᱟᱜ ᱠᱟᱱᱟ ᱾,10 ᱥᱮᱨᱢᱟ ᱞᱟᱹᱜᱤᱫ ᱠᱟᱹᱣᱰᱤ ᱮᱢᱚᱜ ᱦᱩᱭᱩᱜ ᱠᱟᱱᱟ ᱪᱟᱸᱫᱚ ᱟᱱᱟᱜ ᱾
1208,दादू ने कितना निवेश किया है?,ᱵᱟᱵᱟ ᱛᱤᱱᱟᱹ ᱠᱟᱹᱣᱰᱤᱭ ᱮᱢ ᱟᱠᱟᱫᱟ ?,ᱫᱟᱰᱩ ᱛᱤᱱᱟᱹᱜ ᱵᱤᱱᱤᱭᱳᱜ ᱞᱮᱫᱟᱭ?
1209,शुरू में 7.5 लाख और बाद में 15 दिखा रहा है।,ᱱᱚᱶᱟ ᱫᱚ ᱯᱳᱭᱞᱳ ᱨᱮ ᱗ᱹ᱕ ᱞᱚᱠᱷᱚ ᱟᱨ ᱛᱟᱭᱚᱢᱛᱮ ᱑᱕ ᱩᱫᱩᱜᱼᱟ ᱾,ᱮᱛᱚᱦᱚᱵ ᱨᱮ 7.5 ᱞᱚᱠ ᱟᱨ ᱛᱟᱭᱚᱢᱛᱮ 15 ᱞᱚᱠ ᱩᱫᱩᱜ ᱥᱚᱫᱚᱨ ᱟᱠᱟᱱᱟ ᱾
1210,"हाँ, तो यह सिर्फ़ एक साल की सदस्यता के लिए ही खुला था और और बाद में प्रति परिवार निवेश की कैपिंग बढ़ा दी गई थी।","ᱦᱮᱸ, ᱮᱱᱠᱷᱟᱱ ᱱᱚᱶᱟ ᱫᱚ ᱥᱩᱢᱩᱝ ᱢᱤᱫ ᱥᱮᱨᱢᱟ ᱞᱟᱹᱜᱤᱫ ᱥᱟᱵᱽᱥᱠᱨᱤᱯᱥᱚᱱ ᱵᱟᱵᱚᱛ ᱡᱷᱤᱡ ᱛᱟᱦᱮᱸ ᱠᱟᱱᱟ ᱟᱨ ᱥᱚᱯᱚᱦᱚᱫ ᱠᱮᱢᱯᱤᱝ ᱛᱟᱭᱚᱢ ᱜᱷᱟᱨᱚᱸᱡᱽ ᱯᱤᱪᱷᱤ ᱵᱟᱲᱦᱟᱣ ᱦᱩᱭ ᱠᱞᱮᱱᱟ ᱾","ᱦᱩᱭᱩᱜ ᱠᱟᱱᱟ, ᱚᱱᱟᱛᱮ ᱱᱚᱶᱟ ᱫᱚ ᱥᱩᱢᱩᱝ ᱢᱤᱫ ᱥᱮᱨᱢᱟ ᱨᱮᱭᱟᱜ ᱨᱟᱹᱥᱤᱭᱟᱹ ᱞᱟᱹᱜᱤᱫ ᱮᱦᱚᱵ ᱞᱮᱱᱟ ᱟᱨ ᱛᱟᱭᱚᱢᱛᱮ ᱡᱚᱛᱚ ᱜᱷᱟᱨᱚᱸᱡᱽ ᱨᱮ ᱵᱤᱱᱤᱭᱳᱜ ᱨᱮᱭᱟᱜ ᱠᱮᱯᱝ ᱰᱷᱮᱨ ᱦᱩᱭ ᱞᱮᱱᱟ ᱾"
1211,इससे वाकई बहुत मदद मिली।,ᱱᱚᱶᱟ ᱫᱚ ᱥᱟᱹᱨᱤ ᱜᱮ ᱜᱚᱲᱚᱭ ᱮᱢᱚᱜ ᱠᱟᱱᱟ ᱾,ᱱᱚᱶᱟ ᱫᱚ ᱟᱹᱰᱤ ᱜᱚᱲᱚ ᱮᱢ ᱟᱠᱟᱫᱟ ᱾
1212,उन्हें ऐसा करने के बारे में कुछ याद नहीं है।,ᱱᱚᱶᱟ ᱠᱚᱨᱟᱣ ᱨᱮᱭᱟᱜ ᱡᱟᱦᱟᱱ ᱩᱭᱦᱟᱹᱨ ᱩᱱᱤᱭᱟᱜ ᱫᱚ ᱵᱟᱹᱱᱩᱜᱼᱟ ᱾,ᱩᱱᱤ ᱫᱚ ᱚᱱᱟ ᱠᱚᱨᱟᱣ ᱵᱟᱨᱮᱛᱮ ᱪᱮᱫᱦᱚᱸ ᱩᱭᱦᱟᱹᱨ ᱵᱟᱝ ᱛᱟᱸᱦᱮ ᱠᱟᱱᱟ ᱾
1213,मैं उनके ऑफ़िस जाऊँगा और इसके बारे में पता करूँगा।,ᱤᱧ ᱩᱱᱠᱚᱣᱟᱜ ᱚᱯᱷᱤᱥᱨᱮ ᱥᱮᱱᱠᱟᱛᱮ ᱟᱨᱦᱚᱸᱧ ᱵᱟᱰᱟᱭ ᱫᱟᱲᱮᱭᱟᱜᱼᱟ ᱾,ᱤᱧ ᱩᱱᱤᱭᱟᱜ ᱚᱯᱷᱤᱥ ᱨᱮᱭ ᱥᱮᱱᱚᱜᱼᱟ ᱟᱨ ᱚᱱᱟ ᱵᱟᱨᱮᱛᱮ ᱵᱟᱰᱟᱭᱧᱟᱢᱚᱜᱼᱟ ᱾
1214,कभी भी यार।,ᱡᱟᱦᱟᱸ ᱛᱤᱱ ᱚᱠᱛᱮ ᱜᱮ ᱾,"ᱤᱧᱟᱹᱜ ᱜᱟᱛᱮ, ᱤᱧᱟᱹᱜ ᱪᱮᱫᱦᱚᱸ ᱵᱟᱝ ᱦᱩᱭᱩᱜ ᱠᱟᱱᱟ ᱾"
1215,अगर तुम्हें कुछ और जानकारी चाहिए हो तो मुझे बताना।,ᱤᱧᱟᱜ ᱡᱟᱦᱟᱱ ᱵᱟᱹᱲᱛᱤ ᱰᱚᱜᱚᱨ ᱞᱟᱹᱠᱛᱤᱜ ᱠᱷᱚᱟᱱ ᱵᱟᱰᱟᱭ ᱦᱚᱪᱚᱟᱹᱧ ᱢᱮ ᱾,"ᱟᱢ ᱡᱩᱫᱤ ᱟᱨᱦᱚᱸ ᱠᱤᱪᱷᱩ ᱰᱚᱜᱚᱨᱮᱢ ᱠᱷᱚᱡᱟ, ᱮᱱᱠᱷᱟᱱ ᱤᱧ ᱞᱟᱹᱭ ᱢᱮ ᱾"
1216,अपना ख्रयाल रखना।,ᱡᱚᱛᱚᱱᱚᱜ ᱢᱮ ᱾,ᱟᱢᱟᱜ ᱠᱨᱤᱭᱟᱞ ᱫᱚᱦᱚ ᱢᱮ ᱾
1217,गुड मॉर्निंग क्लास।,ᱥᱟᱹᱜᱩᱱ ᱥᱮᱛᱟᱜ ᱠᱞᱟᱥ ᱾,ᱜᱩᱰ مارنᱤᱝ ᱠᱞᱟᱥ ᱾
1218,सभी अपनी-अपनी सीट पर बैठ जाएँ।,"ᱥᱟᱱᱟᱢ ᱠᱚ, ᱫᱟᱭᱟ ᱠᱟᱛᱮ ᱡᱤᱨᱟᱹᱣᱚᱜ ᱯᱮ ᱾",ᱥᱟᱱᱟᱢᱟᱜ ᱜᱮ ᱩᱱᱠᱩᱭᱟᱜ ᱥᱤᱴ ᱨᱮ ᱥᱮᱱ ᱢᱮ ᱾
1219,आज हम मतदाताओं के बारे में बात करेंगे।,ᱛᱮᱹᱦᱮᱹᱧ ᱟᱵᱚ ᱵᱷᱳᱴᱟᱨ ᱠᱚᱣᱟᱜ ᱠᱟᱛᱷᱟ ᱵᱚᱱ ᱞᱟᱹᱭᱼᱟ ᱾,ᱛᱮᱦᱮᱧ ᱟᱢ ᱵᱷᱳᱴᱟᱨ ᱠᱚ ᱤᱫᱤ ᱠᱟᱛᱮ ᱠᱟᱛᱷᱟ ᱞᱟᱹᱭᱼᱟ ᱾
1220,"हम सब जानते हैं कि जो व्यक्ति चुनाव में अपना वोट डालता है, उसे मतदाता कहा जाता है।",ᱟᱵᱚ ᱥᱟᱱᱟᱢ ᱠᱚ ᱵᱚᱱ ᱵᱟᱰᱟᱭᱼᱟ ᱡᱮ ᱡᱟᱦᱟᱸᱭ ᱦᱚᱲ ᱵᱟᱪᱷᱱᱟᱣ ᱨᱮ ᱵᱷᱳᱴ ᱮ ᱮᱢᱼᱟ ᱩᱱᱤ ᱜᱮ ᱵᱷᱳᱴᱟᱨ ᱠᱚ ᱢᱮᱛᱟᱭᱟ ᱾,"ᱟᱢ ᱥᱟᱱᱟᱢᱟᱜ ᱜᱮ ᱵᱟᱰᱟᱭ ᱟᱠᱟᱱᱟ ᱡᱮ, ᱡᱟᱦᱟᱸᱭ ᱦᱚᱲ ᱵᱟᱪᱷᱱᱟᱣ ᱨᱮ ᱟᱡᱟᱜ ᱵᱷᱳᱴ ᱮᱢ ᱞᱮᱫᱟᱭ, ᱩᱱᱤ ᱫᱚ ᱵᱷᱳᱴᱟᱨ ᱠᱚ ᱢᱮᱱᱚᱜᱼᱟ ᱾"
1221,"अब, क्या कोई मुझे बता सकता है कि मतदाता वोट करने के लायक कैसे बनता है?","ᱱᱤᱛ, ᱡᱟᱦᱟᱸᱭ ᱯᱮ ᱞᱟᱹᱭ ᱫᱟᱲᱮᱭᱟᱹᱧᱟᱹ ᱪᱮᱫ ᱞᱮᱠᱟᱛᱮ ᱢᱤᱫᱴᱟᱝ ᱵᱷᱳᱴᱟᱨ ᱵᱷᱳᱴ ᱮᱢᱨᱮᱱ ᱡᱳᱜᱽᱜᱚᱭ ᱦᱩᱭᱩᱜᱼᱟ ?","ᱱᱤᱛ, ᱡᱟᱦᱟᱸᱭ ᱫᱚ ᱤᱧ ᱞᱟᱹᱭ ᱫᱟᱲᱮᱭᱟᱜᱼᱟ ᱡᱮ ᱵᱷᱳᱴᱟᱨ ᱫᱚ ᱪᱮᱫ ᱞᱮᱠᱟᱛᱮ ᱵᱷᱳᱴ ᱮᱢ ᱞᱟᱹᱜᱤᱫ ᱮ ᱫᱟᱲᱮᱹᱭᱟᱜᱼᱟ?"
1222,उस व्यक्ति की उम्र 18 साल या उससे अधिक होनी चाहिए।,ᱩᱱᱤ ᱦᱚᱲᱟᱜ ᱫᱚ ᱑᱘ ᱥᱮᱨᱢᱟ ᱥᱮ ᱚᱱᱟ ᱠᱷᱚᱱ ᱰᱷᱮᱨ ᱩᱢᱮᱨ ᱦᱩᱭᱩᱜ ᱨᱮᱭᱟᱜ ᱞᱟᱹᱠᱛᱤ ᱢᱮᱱᱟᱜᱼᱟ ᱾,ᱦᱚᱲ ᱫᱚ 18 ᱥᱮᱨᱢᱟ ᱥᱮ ᱚᱱᱟ ᱠᱷᱚᱱ ᱰᱷᱮᱨ ᱩᱢᱮᱨᱟᱱ ᱦᱳᱭᱳᱜᱼᱟ ᱾
1223,"बिल्कुल ठीक। नागरिकता अधिनियम से सभी नागरिक जाति, धर्म, लिंग आदि के आधार पर बिना किसी भेदभाव के वोट कर सकते हैं।","ᱮᱠᱟᱞᱜᱮ ᱾ ᱱᱟᱜᱚᱨᱤᱠᱚᱛᱛᱚ ᱟᱭᱤᱱ ᱫᱚ ᱥᱟᱱᱟᱢ ᱱᱟᱜᱟᱨᱤᱭᱟᱹ ᱠᱚ ᱡᱟᱹᱛ, ᱫᱷᱚᱨᱚᱢ, ᱡᱟᱱᱟᱝ ᱮᱢᱟᱱ ᱠᱚ ᱪᱮᱛᱟᱱ ᱡᱟᱦᱟᱱ ᱵᱷᱮᱯᱮᱜᱮᱫ ᱵᱟᱝ ᱢᱟᱱᱟᱣ ᱠᱟᱛᱮ ᱵᱷᱳᱴ ᱮᱢᱚᱜ ᱨᱮᱭᱟᱜ ᱫᱟᱣ ᱮ ᱮᱢᱟ ᱠᱚᱣᱟ ᱾","ᱥᱟᱱᱟᱢ ᱦᱚᱲ ᱜᱮ ᱡᱟᱹᱛᱤᱭᱟᱹᱨᱤ ᱟᱹᱱ ᱛᱟᱞᱟᱛᱮ ᱫᱤᱥᱚᱢ, ᱫᱷᱚᱨᱚᱢ, ᱡᱳᱜᱟᱹᱨ ᱮᱢᱟᱱ ᱪᱮᱛᱟᱱ ᱴᱮᱦᱟᱴ ᱠᱟᱛᱮ ᱡᱟᱦᱟᱱ ᱵᱤᱪᱷᱚᱱᱟ ᱵᱟᱝ ᱫᱚᱦᱚ ᱠᱟᱛᱮ ᱵᱷᱳᱴ ᱮᱢ ᱫᱟᱲᱮᱹᱭᱟᱜᱼᱟ ᱾"
1224,लेकिन उनकी उम्र 18 वर्ष या उससे अधिक होनी चाहिए।,ᱮᱱᱠᱷᱟᱱ ᱩᱱᱤᱭᱟᱜ ᱩᱢᱮᱨ ᱑᱘ ᱥᱮᱨᱢᱟ ᱥᱮ ᱚᱱᱟ ᱠᱷᱚᱱ ᱰᱷᱮᱨ ᱦᱩᱭᱩᱜ ᱞᱟᱹᱠᱛᱤ ᱠᱟᱱᱟ ᱾,ᱢᱮᱱᱠᱷᱟᱱ ᱩᱱᱠᱩᱭᱟᱜ ᱩᱢᱮᱨ ᱦᱳᱭᱳᱜᱼᱟ 18 ᱥᱮᱨᱢᱟ ᱥᱮ ᱚᱱᱟ ᱠᱷᱚᱱ ᱰᱷᱮᱨ ᱾
1225,"साथ ही, मतदाता तभी वोट दे सकते हैं जब वे भारत के नागरिक हों।","ᱱᱚᱶᱟ ᱵᱮᱜᱚᱨ, ᱵᱷᱳᱴᱟᱨ ᱫᱚ ᱥᱩᱢᱩᱝ ᱡᱩᱫᱤ ᱵᱷᱟᱨᱚᱛ ᱨᱮᱱ ᱱᱟᱜᱚᱨᱤᱭᱟᱹᱭ ᱦᱩᱭᱩᱜᱼᱟ ᱮᱱᱠᱷᱟᱱ ᱡᱳᱜᱽᱜᱚ ᱠᱟᱱᱟᱭ ᱾","ᱚᱱᱟ ᱥᱟᱶ ᱥᱟᱶᱛᱮ, ᱵᱷᱳᱴᱟᱨ ᱠᱚ ᱵᱷᱟᱨᱚᱛ ᱨᱮᱱ ᱡᱟᱹᱛᱤᱭᱟᱹᱨᱤ ᱦᱩᱭ ᱞᱮᱱ ᱠᱷᱟᱱ ᱜᱮ ᱵᱷᱳᱴ ᱮᱢ ᱫᱟᱲᱮᱹᱭᱟᱜᱼᱟ ᱾"
1226,यदि किसी को भारत के चुनाव में वोट डालना हो तो उनके पास भारत की नागरिकता होनी चाहिए।,ᱡᱩᱫᱤ ᱡᱟᱦᱟᱸᱭ ᱵᱷᱟᱨᱚᱛᱤᱭᱚ ᱵᱟᱪᱷᱱᱟᱣ ᱨᱮ ᱵᱷᱳᱴ ᱮ ᱮᱢᱚᱜ ᱞᱟᱹᱜᱤᱫᱜᱼᱟ ᱮᱱᱠᱷᱟᱱ ᱩᱱᱤᱭᱟᱜ ᱵᱷᱟᱨᱚᱛᱤᱭᱚ ᱱᱟᱜᱚᱨᱤᱠᱚᱛᱛᱚ ᱛᱟᱦᱮᱱ ᱞᱟᱹᱠᱛᱤ ᱠᱟᱱᱟ ᱾,"ᱵᱷᱟᱨᱚᱛ ᱨᱮᱭᱟᱜ ᱵᱟᱪᱷᱱᱟᱣ ᱨᱮ ᱡᱟᱦᱟᱸᱭ ᱠᱚ ᱵᱷᱳᱴ ᱮᱢ ᱦᱩᱭᱩᱜ ᱠᱷᱟᱱ, ᱩᱱᱠᱩᱭᱟᱜ ᱵᱷᱟᱨᱚᱛ ᱨᱮᱭᱟᱜ ᱡᱟᱹᱛᱤᱭᱟᱹᱨᱤ ᱫᱷᱚᱨᱚᱢ ᱛᱟᱦᱮᱸ ᱠᱟᱱᱟ ᱾"
1227,योग्यता के और कौन-कौन से मानदंड तुम लोग जानते हो?,ᱡᱚᱜᱽᱢᱟᱱᱚᱜ ᱨᱮᱭᱟᱜ ᱮᱴᱟᱜ ᱜᱩᱱ ᱪᱮᱫ ᱟᱢᱮᱢ ᱵᱟᱰᱟᱭᱼᱟ ?,ᱟᱢ ᱪᱮᱫ ᱮᱴᱟᱜ ᱯᱚᱨᱤᱢᱟᱱ ᱨᱮᱭᱟᱜ ᱯᱚᱨᱤᱢᱟᱱᱢ ᱵᱟᱰᱟᱭ ᱠᱟᱱᱟ?
1228,उनके नाम मतदाता सूची में होने चाहिए।,ᱩᱱᱠᱚᱣᱟᱜ ᱧᱩᱛᱩᱢ ᱵᱟᱪᱷᱱᱟᱣ ᱨᱳᱞᱨᱮ ᱦᱩᱭᱩᱜ ᱞᱟᱹᱠᱛᱤ ᱠᱟᱱᱟ ᱾,ᱩᱱᱠᱩᱭᱟᱜ ᱧᱩᱛᱩᱢ ᱵᱷᱳᱴᱟᱨ ᱥᱩᱪᱤ ᱨᱮ ᱛᱟᱦᱮᱸ ᱠᱟᱱᱟ ᱾
1229,"सही। जो लोग वोट डाल सकते हैं, उन सभी का नाम मतदाता सूची में होगा।",ᱴᱷᱤᱠ ᱾ ᱵᱷᱳᱴ ᱮᱢᱨᱮᱱ ᱡᱳᱜᱽᱜᱚ ᱥᱟᱱᱟᱢ ᱦᱚᱲ ᱠᱚᱣᱟᱜ ᱧᱩᱛᱩᱢ ᱵᱟᱪᱷᱱᱟᱣ ᱨᱳᱞᱨᱮ ᱛᱟᱦᱮᱱ ᱛᱟᱠᱚᱣᱟ ᱾,"ᱱᱟᱯᱟᱭ ᱾ ᱡᱟᱦᱟᱸᱭ ᱠᱚ ᱵᱷᱳᱴ ᱮᱢ ᱫᱟᱲᱮᱹᱭᱟᱜᱼᱟ, ᱩᱱᱠᱩ ᱥᱟᱱᱟᱢᱟᱜ ᱧᱩᱛᱩᱢ ᱵᱷᱳᱴᱟᱨ ᱥᱩᱪᱤ ᱨᱮ ᱛᱟᱦᱮᱸᱱᱟ ᱾"
1230,तुम लोगों को मतदान करने के लिए सूची में अपना नाम लिखवाना चाहिए।,ᱵᱷᱳᱴ ᱮᱢᱚᱜ ᱞᱟᱹᱜᱤᱫ ᱨᱳᱞᱨᱮ ᱟᱢᱟᱜ ᱧᱩᱛᱩᱢ ᱥᱮᱞᱮᱫ ᱞᱟᱹᱠᱛᱤ ᱠᱟᱱ ᱛᱟᱢᱟ ᱾,ᱵᱷᱳᱴ ᱮᱢ ᱞᱟᱹᱜᱤᱫ ᱟᱢ ᱦᱚᱲ ᱠᱚᱣᱟᱜ ᱛᱟᱹᱞᱤᱠᱟ ᱨᱮ ᱟᱢᱟᱜ ᱧᱩᱛᱩᱢ ᱚᱞ ᱫᱚᱦᱚ ᱞᱟᱹᱠᱛᱤ ᱠᱟᱱᱟ ᱾
1231,तुम्हारा निर्वाचन क्षेत्र के उस भाग/मतदान क्षेत्र का सामान्य निवासी होना जरूरी है जहाँ तुम नामांकन कराना चाहते हो।,ᱟᱢ ᱡᱟᱦᱟᱸᱨᱮ ᱥᱮᱞᱮᱫᱚᱜ ᱥᱟᱱᱟᱭᱮᱫ ᱢᱮᱭᱟ ᱚᱱᱰᱮᱱᱟᱜ ᱴᱚᱴᱷᱟ / ᱯᱳᱞᱤᱝ ᱨᱮᱱ ᱢᱤᱫᱴᱟᱝ ᱥᱟᱫᱷᱟᱨᱚᱱ ᱜᱤᱨᱟᱹᱵᱟᱹᱥᱤ ᱦᱩᱭᱩᱜ ᱞᱟᱹᱠᱛᱤ ᱠᱟᱱ ᱛᱟᱢᱟ ᱾,"ᱟᱢ ᱡᱟᱦᱟᱸ ᱴᱚᱴᱷᱟ ᱨᱮ ᱵᱟᱪᱷᱱᱟᱣ ᱞᱟᱹᱜᱤᱫ ᱮᱢ ᱠᱷᱚᱡᱟ, ᱚᱱᱟ ᱴᱚᱴᱷᱟ/ᱵᱟᱪᱷᱱᱟᱣ ᱴᱚᱴᱷᱟ ᱨᱮ ᱟᱢ ᱥᱟᱫᱷᱟᱨᱚᱱ ᱞᱮᱠᱟᱛᱮ ᱛᱟᱦᱮᱸᱱ ᱞᱟᱹᱠᱛᱤ ᱠᱟᱱᱟ ᱾"
1232,"मैम, मैंने सुना है कि यदि आप किसी निर्धारित जगह पर अपना नाम लिखवाते हैं, तो आप केवल उसी जगह पर वोट दे सकते हैं?",ᱢᱟᱪᱮᱛᱟᱱᱤ ᱟᱸᱡᱚᱢ ᱟᱠᱟᱫᱟᱹᱧ ᱟᱢ ᱡᱩᱫᱤ ᱡᱟᱦᱟᱱ ᱴᱷᱟᱹᱣᱠᱟᱹ ᱡᱟᱭᱜᱟ ᱨᱮᱱᱟᱜ ᱛᱟᱹᱞᱤᱠᱟᱨᱮᱢ ᱥᱮᱞᱮᱫᱚᱜᱼᱟ ᱮᱱᱠᱦᱟᱱ ᱥᱩᱢᱩᱝ ᱚᱱᱟ ᱡᱟᱭᱜᱟ ᱨᱮᱜᱮ ᱵᱷᱳᱴ ᱫᱚᱢ ᱮᱢ ᱫᱟᱲᱮᱭᱟᱜᱼᱟ ?,"ᱢᱟᱢ, ᱤᱧ ᱵᱟᱰᱟᱭ ᱧᱟᱢ ᱟᱠᱟᱫᱟ ᱡᱮ ᱟᱢ ᱡᱩᱫᱤ ᱡᱟᱦᱟᱱ ᱜᱚᱴᱟ ᱟᱠᱟᱱ ᱴᱷᱟᱶ ᱨᱮ ᱟᱢᱟᱜ ᱧᱩᱛᱩᱢ ᱚᱞ ᱫᱚᱦᱚ ᱮᱫᱟ, ᱮᱱᱠᱷᱟᱱ ᱟᱢ ᱥᱩᱢᱩᱝ ᱚᱱᱟ ᱴᱷᱟᱶ ᱨᱮ ᱵᱷᱳᱴ ᱮᱢ ᱫᱟᱲᱮᱭᱟᱜᱼᱟ ᱾"
1233,"हाँ, नाम केवल एक ही जगह पर लिखवाया जा सकता है।","ᱦᱮᱸ, ᱛᱟᱹᱞᱤᱠᱟᱨᱮ ᱥᱮᱞᱮᱫᱚᱜ ᱫᱚ ᱥᱩᱢᱩᱝ ᱢᱤᱫ ᱡᱟᱭᱜᱟ ᱨᱮᱜᱮ ᱦᱩᱭ ᱫᱟᱲᱮᱭᱟᱜᱼᱟ ᱾","ᱦᱩᱭᱩᱜ ᱠᱟᱱᱟ, ᱧᱩᱛᱩᱢ ᱫᱚ ᱥᱩᱢᱩᱝ ᱢᱤᱫᱴᱟᱝ ᱴᱷᱟᱶ ᱨᱮ ᱚᱞ ᱦᱩᱭ ᱫᱟᱲᱮᱭᱟᱜᱼᱟ ᱾"
1234,"तो, यदि तुम अपने चुनावी क्षेत्र में मतदाता के तौर पर नाम लिखवाते हो, तो जहाँ भी तुम हो, वोट डालने के लिए तुम्हें अपने चुनावी क्षेत्र में आना होगा।","ᱮᱱᱠᱷᱟᱱ, ᱟᱢ ᱡᱩᱫᱤ ᱟᱢᱟᱜ ᱵᱟᱪᱷᱱᱟᱣ ᱴᱚᱴᱷᱟ ᱨᱮ ᱵᱷᱳᱴᱟᱨ ᱞᱮᱠᱟᱛᱮᱢ ᱵᱷᱩᱨᱛᱤᱜᱼᱟ, ᱟᱢ ᱡᱟᱦᱟᱸ ᱨᱮᱜᱮᱢ ᱛᱟᱦᱮᱱ ᱥᱮ, ᱵᱷᱳᱴ ᱮᱢᱚᱜ ᱞᱟᱹᱜᱤᱫ ᱫᱚ ᱟᱢᱟᱜ ᱵᱟᱪᱷᱱᱟᱣ ᱴᱚᱴᱷᱟ ᱨᱮᱜᱮ ᱦᱤᱡᱩᱜ ᱦᱩᱭᱩᱜ ᱛᱟᱢᱟ ᱾","ᱚᱱᱟᱛᱮ, ᱟᱢ ᱡᱩᱫᱤ ᱟᱢᱟᱜ ᱵᱟᱪᱷᱱᱟᱣ ᱴᱚᱴᱷᱟ ᱨᱮ ᱵᱷᱳᱴᱟᱨ ᱞᱮᱠᱟᱛᱮ ᱧᱩᱛᱩᱢ ᱮᱢ ᱢᱮ, ᱮᱱᱠᱷᱟᱱ ᱟᱢ ᱡᱟᱦᱟᱸ ᱴᱷᱟᱶ ᱨᱮ ᱢᱮᱱᱟᱜ ᱟ, ᱚᱱᱟ ᱨᱮ ᱵᱷᱳᱴ ᱮᱢ ᱞᱟᱹᱜᱤᱫ ᱟᱢ ᱟᱢᱟᱜ ᱵᱟᱪᱷᱱᱟᱣ ᱴᱚᱴᱷᱟ ᱨᱮ ᱦᱮᱡ ᱦᱩᱭᱩᱜ ᱛᱟᱢᱟ ᱾"
1235,किसी दूसरे बूथ पर तुम वोट नहीं डाल सकोगे।,ᱟᱢ ᱫᱚ ᱮᱴᱟᱜ ᱡᱟᱦᱟᱱ ᱵᱩᱛᱷ ᱨᱮᱱ ᱡᱳᱜᱽᱜᱚ ᱵᱷᱳᱴᱟᱨ ᱫᱚ ᱵᱟᱢ ᱦᱩᱭᱩᱜᱼᱟ ᱾᱾,ᱮᱴᱟᱜ ᱡᱟᱦᱟᱱ ᱵᱳᱛᱷ ᱨᱮ ᱟᱢ ᱵᱷᱳᱴ ᱮᱢ ᱵᱟᱝ ᱮᱢ ᱫᱟᱲᱮᱹᱭᱟᱜᱼᱟ ᱾
1236,क्या दिव्यांग लोगों के पास वोट डालने के लिए कोई विशेषाधिकार होते हैं?,ᱵᱷᱮᱜᱟᱨ ᱞᱮᱠᱟᱛᱮ ᱦᱚᱲ ᱠᱚ ᱪᱮᱫ ᱜᱟᱛᱟᱠ ᱨᱮᱭᱟᱜ ᱵᱷᱳᱴ ᱠᱚ ᱮᱢ ᱰᱟᱲᱮᱭᱟᱜ ᱞᱟᱹᱜᱤᱫ ᱠᱷᱟᱥ ᱫᱟᱣ ᱢᱮᱱᱟᱜᱼᱟ ?,ᱵᱮᱼᱵᱟᱹᱛᱤᱞ ᱦᱚᱲ ᱠᱚ ᱴᱷᱮᱱ ᱵᱷᱳᱴ ᱮᱢ ᱞᱟᱹᱜᱤᱫ ᱡᱟᱦᱟᱱ ᱪᱷᱟᱹᱲ ᱢᱮᱱᱟᱜᱼᱟ ᱥᱮ ᱵᱟᱝ?
1237,उनका पंजीकरण दिव्यांग मतदाता के तौर पर किया जाता है।,ᱩᱱᱠᱚ ᱫᱚ ᱞᱮᱸᱡᱽᱨᱟ ᱵᱷᱳᱴᱟᱨ ᱞᱮᱠᱟᱛᱮ ᱠᱚ ᱨᱮᱡᱤᱥᱴᱟᱨ ᱟᱠᱟᱱᱟ ᱾,ᱩᱱᱠᱩ ᱫᱚ ᱵᱮᱼᱵᱟᱹᱛᱤᱞ ᱵᱷᱳᱴᱟᱨ ᱞᱮᱠᱟᱛᱮ ᱨᱮᱡᱤᱥᱴᱟᱨ ᱦᱳᱭᱳᱜᱼᱟ ᱾
1238,"जहाँ तक विशेषाधिकार की बात है, उन्हें मतदान केंद्र पर लाइन में नहीं खड़े रहना पड़ता है।","ᱥᱩᱡᱳᱜᱽᱼᱥᱩᱫᱷᱟ ᱞᱮᱠᱟᱛᱮ, ᱩᱱᱠᱚ ᱯᱳᱞᱤᱝ ᱵᱩᱛᱷᱨᱮ ᱞᱟᱭᱤᱱ ᱨᱮ ᱵᱟᱝ ᱛᱤᱸᱜᱩᱱ ᱦᱩᱭᱩᱜ ᱛᱟᱠᱚᱣᱼᱟ ᱾","ᱪᱷᱟᱹᱲ ᱨᱮᱭᱟᱜ ᱠᱟᱛᱷᱟ ᱞᱮᱠᱟᱛᱮ, ᱩᱱᱠᱩ ᱫᱚ ᱵᱷᱳᱴᱝ ᱛᱟᱞᱢᱟ ᱨᱮ ᱞᱤᱪᱟᱹᱲ ᱨᱮ ᱵᱟᱝ ᱛᱟᱦᱮᱸ ᱠᱟᱱᱟ ᱾"
1239,"लेकिन, मानसिक रूप से अस्वस्थ व्यक्ति को वोट डालने की अनुमति नहीं दी जाती है।","ᱮᱱᱠᱷᱟᱱ, ᱢᱤᱫ ᱵᱚᱦᱚᱜ ᱯᱟᱜᱽᱞᱟ ᱦᱚᱲ ᱫᱚ ᱵᱷᱳᱴ ᱮᱢ ᱠᱷᱚᱱ ᱪᱷᱟᱹᱲ ᱮ ᱧᱟᱢᱼᱟ ᱾","ᱢᱮᱱᱠᱷᱟᱱ, ᱢᱤᱫ ᱦᱚᱲ ᱢᱚᱱ ᱨᱮᱭᱟᱜ ᱵᱮᱼᱵᱟᱹᱛᱤᱞ ᱦᱚᱲ ᱫᱚ ᱵᱷᱳᱴ ᱮᱢ ᱨᱮᱭᱟᱜ ᱪᱷᱟᱹᱲ ᱵᱟᱝ ᱮᱢ ᱦᱳᱭᱳᱜᱼᱟ ᱾"
1240,"ओह, क्या ऐसे और भी कोई लोग हैं जो मतदान के योग्य नहीं हैं?","ᱳ, ᱮᱴᱟᱜ ᱦᱚᱲ ᱠᱚ ᱡᱟᱦᱟᱸᱭ ᱵᱷᱳᱴ ᱮᱢ ᱨᱮᱱ ᱡᱳᱜᱽᱜᱚ ᱠᱚ ᱵᱟᱝ ᱠᱟᱱ ?","ᱳᱦ, ᱟᱨᱦᱚᱸ ᱡᱟᱦᱟᱸᱭ ᱠᱚ ᱢᱮᱱᱟᱜ ᱠᱚᱣᱟ ᱡᱟᱦᱟᱸᱭ ᱠᱚ ᱵᱷᱳᱴ ᱨᱮᱭᱟᱜ ᱫᱟᱲᱮ ᱵᱟᱝ ᱠᱚ ᱫᱚᱦᱚ ᱟᱠᱟᱫᱟ?"
1241,"हाँ, भारत में, भारतीय संविधान के लोक प्रतिनिधित्व अधिनियम, 1951 के अनुसार, सभी सज़ायाफ्ता कैदियों को अयोग्य माना जाता है।","ᱦᱮᱸ, ᱵᱷᱟᱨᱚᱛᱤᱭᱚ ᱥᱚᱝᱵᱤᱫᱷᱟᱱ ᱨᱮᱭᱟᱜ ᱡᱚᱱᱚᱯᱨᱛᱤᱱᱫᱷᱤᱛᱛᱚ ᱟᱭᱤᱱ, ᱑᱙᱕᱑ ᱞᱮᱠᱟᱛᱮ, ᱥᱟᱱᱟᱢ ᱫᱳᱥᱤ ᱵᱚᱱᱫᱤ ᱠᱚ ᱫᱚ ᱵᱷᱳᱴ ᱮᱢ ᱨᱮᱱ ᱳᱜᱽᱜᱚ ᱠᱚ ᱵᱟᱝ ᱠᱟᱱᱟ ᱾","ᱦᱩᱭᱩᱜ ᱠᱟᱱᱟ, ᱵᱷᱟᱨᱚᱛ ᱨᱮ, 1951 ᱥᱟᱹᱦᱤᱛ ᱨᱮᱭᱟᱜ ᱵᱷᱟᱨᱚᱛ ᱨᱮᱭᱟᱜ ᱛᱷᱟᱯᱚᱱᱟᱱ ᱦᱚᱲ ᱠᱚᱣᱟᱜ ᱩᱫᱩᱜ ᱥᱚᱫᱚᱨ ᱟᱹᱱ ᱞᱮᱠᱟᱛᱮ, ᱥᱟᱱᱟᱢ ᱥᱟᱨᱦᱟᱰ ᱟᱠᱟᱱ ᱡᱮᱦᱟᱹᱞᱤᱭᱟᱹ ᱠᱚ ᱵᱮᱼᱦᱟᱹᱞᱤᱥ ᱢᱮᱱᱛᱮ ᱢᱚᱱᱮ ᱦᱩᱭᱩᱜᱼᱟ ᱾"
1242,इसमें पैरोल पर छूटे कैदी और जेल में बंद कैदी शामिल हैं।,ᱱᱚᱶᱟ ᱢᱩᱫᱽᱨᱮ ᱯᱮᱨᱳᱞ ᱨᱮ ᱛᱟᱦᱮᱱ ᱵᱚᱱᱫᱤ ᱟᱨ ᱟᱠᱚᱴ ᱟᱠᱟᱫ ᱠᱚ ᱵᱚᱱᱫᱤ ᱢᱮᱱᱟᱜ ᱠᱚᱣᱟ ᱾,ᱱᱚᱶᱟ ᱢᱩᱫᱽᱨᱮ ᱢᱮᱱᱟᱜᱼᱟ ᱯᱮᱨᱟᱞ ᱨᱮ ᱪᱷᱟᱹᱲ ᱧᱟᱢ ᱦᱚᱲ ᱠᱚ ᱟᱨ ᱡᱮᱦᱚᱞ ᱨᱮ ᱢᱮᱱᱟᱜ ᱦᱚᱲ ᱠᱚ ᱾
1243,साथ ही ऐसा ही उन लोगों के लिए भी है जिनके पास किसी दूसरे देश की नागरिकता है।,ᱡᱟᱦᱟᱸᱭ ᱮᱴᱟᱜ ᱫᱤᱥᱚᱢ ᱨᱮᱭᱟᱜ ᱱᱟᱜᱚᱨᱤᱠᱚᱛᱛᱚ ᱠᱚ ᱦᱟᱛᱟᱣᱼᱟ ᱩᱱᱠᱚ ᱨᱮᱦᱚᱸ ᱤᱱᱟᱹ ᱠᱟᱛᱷᱟ ᱜᱮ ᱾,ᱚᱱᱟ ᱥᱟᱶ ᱥᱟᱶᱛᱮ ᱮᱴᱟᱜ ᱫᱤᱥᱚᱢ ᱨᱮᱱ ᱡᱟᱹᱛᱤᱭᱟᱹᱨᱤ ᱠᱚ ᱞᱟᱹᱜᱤᱫ ᱦᱚᱸ ᱚᱱᱟ ᱜᱮ ᱾
1244,भारत एकाधिक नागरिकता को मान्यता नहीं देता है।,ᱵᱷᱟᱨᱚᱛ ᱫᱚ ᱟᱭᱢᱟ ᱱᱟᱜᱚᱨᱤᱠᱚᱛᱛᱚ ᱨᱮ ᱥᱟᱹᱠᱭᱟᱹᱛ ᱵᱟᱭ ᱮᱢᱚᱜᱼᱟ ᱾,ᱵᱷᱟᱨᱚᱛ ᱟᱭᱢᱟ ᱞᱮᱠᱟᱱ ᱡᱟᱹᱛᱤᱭᱟᱹᱨᱤ ᱠᱚ ᱥᱤᱜᱤᱞ ᱵᱟᱝᱼᱟ ᱾
1245,"तो, यदि तुम्हारे पास किसी दूसरे देश की नागरिकता है, तो तुम भारतीय नागरिकता और वोट देने का अपना अधिकार खो देते हो।","ᱮᱱᱠᱷᱟᱱ, ᱟᱢ ᱡᱩᱫᱤ ᱮᱴᱟᱜ ᱫᱤᱥᱚᱢ ᱨᱮᱭᱟᱜ ᱱᱟᱜᱚᱨᱤᱠᱚᱛᱛᱚᱢ ᱦᱟᱛᱟᱣᱼᱟ, ᱮᱱᱠᱷᱟᱱ ᱟᱢ ᱟᱢᱟᱜ ᱵᱷᱟᱨᱚᱛᱤᱭᱚ ᱱᱟᱜᱚᱨᱤᱠᱚᱛᱛᱚ ᱟᱨ ᱵᱷᱳᱴ ᱨᱮᱭᱟᱜ ᱟᱹᱭᱫᱟᱹᱨᱮᱢ ᱟᱫᱼᱟ ᱾","ᱚᱱᱟᱛᱮ, ᱟᱢ ᱡᱩᱫᱤ ᱮᱴᱟᱜ ᱫᱤᱥᱚᱢ ᱨᱮᱱ ᱡᱟᱹᱛᱤᱭᱟᱹᱨᱤ ᱮ ᱛᱟᱦᱮᱸᱱᱟ, ᱮᱱᱠᱷᱟᱱ ᱟᱢ ᱵᱷᱟᱨᱚᱛ ᱨᱮᱱ ᱡᱟᱹᱛᱤᱭᱟᱹᱨᱤ ᱟᱨ ᱵᱷᱳᱴ ᱨᱮᱭᱟᱜ ᱫᱟᱲᱮᱭ ᱦᱟᱹᱱᱼᱟ ᱾"
1246,हमें यह नहीं पता था मैम।,ᱟᱞᱮ ᱫᱚ ᱵᱟᱝᱞᱮ ᱵᱟᱰᱟᱭᱼᱟ ᱢᱟᱪᱮᱛᱟᱱᱤ ᱾,ᱤᱧᱟᱹᱜ ᱱᱚᱶᱟ ᱫᱚ ᱵᱟᱝ ᱵᱟᱰᱟᱭ ᱛᱟᱦᱮᱸ ᱠᱟᱱᱟ ᱢᱮᱢ ᱾
1247,"आपके पास मान्य वोटर आई.डी. भी होनी चाहिए, है ना मैम?","ᱟᱢᱟᱜ ᱦᱚᱸ ᱢᱤᱫᱴᱟᱝ ᱵᱳᱭᱫᱷᱚ ᱵᱷᱳᱴᱟᱨ ᱟᱭᱰᱤ ᱛᱟᱦᱮᱱ ᱦᱩᱭᱩᱜ ᱛᱟᱢᱟ, ᱚᱱᱟ ᱜᱮ ᱥᱮ ᱢᱟᱪᱮᱛᱟᱱᱤ ?","ᱟᱢ ᱴᱷᱮᱱ ᱮᱢᱚᱱ ᱢᱤᱫᱴᱟᱝ ᱵᱟᱛᱟᱣᱟᱜ ᱵᱷᱳᱴᱟᱨ ଆଈ.ଡୀ ᱛᱟᱦᱮᱸ ᱫᱟᱲᱮᱭᱟᱜᱼᱟ, ᱵᱟᱝ ᱢᱮᱢ?"
1248,"हाँ, हाँ। मान्य वोटर आई.डी. की ज़रूरी है।","ᱦᱮᱸ, ᱦᱮᱸ ᱾ ᱟᱢᱟᱜ ᱢᱤᱫᱴᱟᱝ ᱵᱳᱭᱫᱷᱚ ᱵᱷᱳᱴᱟᱨ ᱟᱭᱰᱤ ᱞᱟᱹᱠᱛᱤ ᱠᱟᱱᱟ ᱾","ᱦᱩᱭᱩᱜ ᱠᱟᱱᱟ, ᱦᱩᱭᱩᱜ ᱠᱟᱱᱟ ᱾ ᱵᱟᱛᱟᱣᱟᱜ ᱵᱷᱳᱴᱟᱨ <ᱟᱭ ᱰᱤ 1> ᱦᱩᱭᱩᱜ ᱠᱟᱱᱟ ᱞᱟᱹᱠᱛᱤ ᱾"
1249,तभी तुम्हारा नाम मतदाता सूची में लिखा जाएगा।,ᱮᱱᱠᱷᱟᱱ ᱜᱮ ᱵᱷᱳᱴᱟᱨ ᱛᱟᱹᱞᱤᱠᱟᱨᱮ ᱧᱩᱛᱩᱢ ᱨᱟᱠᱟᱵ ᱛᱟᱢᱟ ᱾,ᱚᱱᱟ ᱛᱟᱭᱚᱢ ᱜᱮ ᱟᱢᱟᱜ ᱧᱩᱛᱩᱢ ᱵᱷᱳᱴᱟᱨ ᱥᱩᱪᱤ ᱨᱮ ᱚᱞ ᱦᱩᱭᱩᱜᱼᱟ ᱾
1250,तुम्हें ऑनलाइन पंजीकरण करके या सेवा केंद्र पर ज़रूरी दस्तावेज़ दिखा कर वोटर आई.डी. मिल सकती है।,ᱚᱱᱞᱟᱭᱤᱱ ᱨᱮ ᱨᱮᱡᱤᱥᱴᱟᱨ ᱠᱟᱛᱮ ᱥᱮ ᱡᱚᱛᱷᱟᱛ ᱱᱚᱛᱷᱤ ᱟᱛᱮ ᱢᱤᱫᱴᱟᱝ ᱵᱷᱟᱹᱞᱟᱹᱭ ᱛᱟᱞᱢᱟᱨᱮ ᱟᱢᱟᱜ ᱵᱷᱳᱴᱟᱨ ᱟᱭᱰᱤ ᱛᱟᱦᱮᱸ ᱫᱟᱲᱮᱭᱟᱛᱟᱢᱟ ᱾,ᱚᱱᱞᱟᱭᱤᱱ ᱨᱮ ᱨᱮᱡᱤᱥᱴᱟᱨ ᱠᱟᱛᱮ ᱵᱟᱝᱠᱷᱟᱱ ᱯᱚᱨᱤᱥᱮᱵᱟ ᱛᱟᱞᱢᱟ ᱨᱮ ᱞᱟᱹᱠᱛᱤᱭᱟᱱ ᱱᱩᱛᱚᱱᱟ ᱩᱫᱩᱜ ᱠᱟᱛᱮ ᱟᱢ ᱵᱷᱳᱴᱟᱨ ଆଈ.ଡୀ ᱧᱟᱢ ᱫᱟᱲᱮᱭᱟᱜᱼᱟ ᱾
1251,आज के लिए इतना ही।,ᱛᱮᱹᱦᱮᱹᱧ ᱫᱚ ᱱᱤᱭᱟᱹ ᱠᱚᱜᱮ ᱦᱩᱭᱩᱜᱼᱟ ᱾,ᱛᱮᱦᱮᱧ ᱞᱟᱹᱜᱤᱫ ᱱᱚᱶᱟ ᱜᱮ ᱦᱩᱭᱩᱜ ᱠᱟᱱᱟ ᱾
1252,अगले दिन के लिए अपने परिवारों से मतदाता के तौर पर उनके अनुभवों के बारे में बात करना।,ᱫᱚᱥᱟᱨ ᱦᱤᱞᱚᱜ ᱨᱮᱱ ᱵᱷᱳᱴᱟᱨ ᱞᱮᱟᱛᱮ ᱩᱱᱠᱚᱣᱟᱜ ᱵᱩᱡᱩᱱ ᱵᱟᱨᱮᱛᱮ ᱟᱢᱟᱜ ᱚᱲᱟᱜ ᱨᱮᱱ ᱦᱚᱲ ᱠᱚ ᱥᱟᱞᱟᱜ ᱨᱚᱯᱚᱲ ᱢᱮ ᱾,ᱫᱚᱥᱟᱨ ᱫᱤᱱ ᱞᱟᱹᱜᱤᱫ ᱩᱱᱠᱩ ᱨᱮᱱ ᱜᱷᱟᱨᱚᱸᱡᱽ ᱠᱚ ᱥᱟᱶ ᱵᱷᱳᱴᱟᱨ ᱞᱮᱠᱟᱛᱮ ᱩᱱᱠᱩᱭᱟᱜ ᱩᱯᱟᱹᱭ ᱤᱫᱤ ᱠᱟᱛᱮ ᱠᱟᱛᱷᱟ ᱞᱟᱹᱭ ᱢᱮ ᱾
1253,"जी मैम, धन्यवाद।","ᱦᱮᱸ ᱢᱟᱪᱮᱫᱟᱹᱱᱤ ᱜᱚᱝᱠᱮ, ᱟᱭᱢᱟ ᱥᱟᱨᱦᱟᱣ ᱾","ᱡᱤ ᱢᱟᱢ, ᱟᱢ ᱫᱚ ᱥᱟᱨᱦᱟᱰᱚᱜ ᱠᱟᱱᱟ ᱾"
1254,"हैलो, मैं यहाँ पैन कार्ड इश्यू करवाने आई हूँ।","ᱦᱮᱞᱳ, ᱤᱧ ᱱᱚᱸᱰᱮ ᱢᱤᱫᱴᱟᱝ ᱯᱮᱱᱠᱟᱨᱰ ᱤᱥᱩ ᱤᱧ ᱦᱮᱡ ᱟᱠᱟᱱᱟ ᱾","ᱦᱚᱞᱳ, ᱤᱧ ᱱᱚᱶᱟ ᱨᱮ ᱯᱮᱱ ᱠᱟᱨᱰ ᱮᱢ ᱞᱟᱹᱜᱤᱫ ᱮ ᱦᱮᱡ ᱟᱠᱟᱱᱟ ᱾"
1255,क्या आपके खुद के लिए?,ᱱᱚᱶᱟ ᱪᱮᱫ ᱟᱯᱱᱟᱨ ᱞᱟᱹᱜᱤᱫ ?,ᱟᱢ ᱞᱟᱹᱜᱤᱫ ᱪᱮᱫ?
1256,असल में अपने और अपनी बेटी के लिए।,ᱟᱥᱚᱠᱟᱭᱛᱮ ᱤᱧᱟᱹᱜ ᱟᱨ ᱤᱧᱨᱮᱱ ᱠᱩᱲᱤᱜᱤᱫᱽᱨᱟᱹ ᱞᱟᱹᱜᱤᱫ ᱾,ᱥᱟᱫᱷᱟᱨᱚᱱ ᱞᱮᱠᱟᱛᱮ ᱟᱡ ᱞᱟᱹᱜᱤᱫ ᱟᱨ ᱟᱡ ᱨᱮᱱ ᱦᱚᱯᱚᱱ ᱮᱨᱟ ᱞᱟᱹᱜᱤᱫ ᱾
1257,लेकिन मेरी बेटी के पास ब्रिटिश नागरिकता है।,"ᱢᱮᱱᱠᱷᱟ, ᱤᱧᱨᱮᱱ ᱠᱩᱲᱤ ᱜᱤᱫᱽᱨᱟᱹ ᱵᱨᱤᱴᱤᱥ ᱱᱟᱜᱟᱨᱤᱭᱟᱹ ᱢᱮᱱᱟᱜᱼᱟ ᱾",ᱢᱮᱱᱠᱷᱟᱱ ᱤᱧᱟᱹᱜ ᱦᱚᱯᱚᱱ ᱮᱨᱟ ᱵᱨᱤᱴᱤᱥ ᱡᱟᱹᱛᱤᱭᱟᱹᱨᱤ ᱾
1258,"ओह, कोई बात नहीं।","ᱳᱷᱚ, ᱱᱚᱶᱟ ᱡᱚᱛᱷᱟᱛ ᱜᱮᱭᱟ ᱾","ᱳᱦ, ᱪᱮᱫ ᱦᱚᱸ ᱵᱟᱝ ᱾"
1259,क्या आप वो सारे डॉक्यूमेंट बता सकते हैं जो हमें लाने होंगे?,ᱟᱢ ᱪᱮᱫ ᱱᱚᱛᱷᱤᱠᱚᱢ ᱛᱟᱹᱞᱤᱠᱟ ᱥᱮᱞᱮᱫ ᱫᱟᱲᱮᱭᱟᱜᱼᱟ ᱡᱟᱦᱟᱸ ᱟᱞᱮ ᱵᱮᱱᱟᱣ ᱦᱩᱭᱩᱜ ᱛᱟᱞᱮᱭᱟ ?,ᱟᱢ ᱠᱤ ᱚᱱᱟ ᱥᱟᱱᱟᱢ ᱱᱩᱛᱚᱱᱟᱢ ᱞᱟᱹᱭ ᱫᱟᱲᱮᱭᱟᱜᱼᱟᱢ ᱡᱟᱦᱟᱸ ᱫᱚ ᱤᱧᱟᱹᱜ ᱤᱫᱤ ᱦᱩᱭᱩᱜ ᱛᱟᱢᱟ ᱾
1260,चलिए आपके पैन कार्ड से शुरू करते हैं।,ᱟᱢᱟᱜ ᱯᱮᱱᱠᱟᱨᱰ ᱫᱟᱨᱟᱭ ᱛᱮ ᱮᱛᱚᱦᱚᱵ ᱦᱩᱭᱩᱜᱼᱟ ᱾,ᱟᱭᱢᱟᱜᱟᱱ ᱟᱢᱟᱜ ᱯᱮᱱ ᱠᱟᱨᱰ ᱠᱷᱚᱱ ᱮᱦᱚᱵ ᱢᱮ ᱾
1261,मुझे समझता हूँ कि आप भारतीय हैं?,ᱤᱧ ᱥᱟᱵ ᱠᱮᱫᱟ ᱟᱢ ᱫᱚ ᱵᱷᱟᱨᱚᱛᱤᱭᱟᱹ ᱠᱟᱱᱟᱢ ??,ᱤᱧ ᱢᱚᱱᱮ ᱦᱩᱭᱩᱜ ᱠᱟᱱᱟ ᱟᱢ ᱵᱷᱟᱨᱚᱛ ᱨᱮᱱ ᱾
1262,"हाँ, सही है।",ᱦᱮᱸ ᱱᱚᱶᱟ ᱡᱚᱛᱷᱟᱛ ᱜᱮᱭᱟ ᱾,"ᱦᱩᱭᱩᱜ ᱠᱟᱱᱟ, ᱱᱚᱶᱟ ᱫᱚ ᱦᱩᱭᱩᱜ ᱠᱟᱱᱟ ᱱᱟᱯᱟᱭ ᱾"
1263,"आपके लिए, मैम, हमें तीन डॉक्यूमेंट लगेंगे।","ᱟᱢ ᱞᱟᱹᱜᱤᱫ, ᱢᱮᱢ, ᱟᱞᱮᱭᱟᱜ ᱯᱮᱭᱟ ᱱᱚᱛᱷᱤ ᱞᱟᱜᱟᱜᱼᱟ ᱾","ᱟᱢ ᱞᱟᱹᱜᱤᱫ, ᱢᱟᱢ, ᱤᱧᱟᱹᱜ ᱯᱮᱭᱟ ᱱᱩᱛᱚᱱᱟᱴ ᱞᱟᱹᱠᱛᱤ ᱦᱩᱭᱩᱜᱼᱟ ᱾"
1264,"पहचान का प्रमाण, पते का प्रमाण और आपकी जन्मतिथि का प्रमाण।","ᱩᱯᱨᱩᱢ ᱨᱮᱭᱟᱜ ᱥᱟᱵᱩᱫ, ᱴᱷᱤᱠᱟᱹᱱᱟ ᱨᱮᱭᱟᱜ ᱥᱟᱵᱩᱫ ᱟᱨ ᱟᱢᱟᱜ ᱡᱟᱱᱟᱢ ᱢᱟᱦᱟ ᱨᱮᱭᱟᱜ ᱥᱟᱵᱩᱫ ᱾","ᱩᱯᱨᱩᱢ ᱨᱮᱭᱟᱜ ᱥᱟᱹᱵᱩᱫ, ᱛᱟᱹᱞᱤᱠᱟ ᱨᱮᱭᱟᱜ ᱥᱟᱹᱵᱩᱫ ᱟᱨ ᱟᱢᱟᱜ ᱡᱟᱱᱟᱢ ᱢᱟᱦᱟ ᱨᱮᱭᱟᱜ ᱥᱟᱹᱵᱩᱫ ᱾"
1265,हर-एक के प्रमाण के रूप में कौन-कौन से डॉक्यूमेंट लगेंगे?,ᱡᱚᱛᱚ ᱨᱮᱭᱟᱜ ᱥᱟᱵᱩᱫ ᱦᱤᱥᱟᱹᱵᱛᱮ ᱚᱠᱟ ᱫᱚᱞᱤᱞ ᱦᱟᱛᱟᱣ ᱦᱩᱭᱩᱜᱼᱟ ?,ᱥᱟᱱᱟᱢᱟᱜ ᱥᱟᱹᱵᱩᱫ ᱞᱮᱠᱟᱛᱮ ᱪᱮᱫ ᱪᱮᱫ ᱱᱩᱛᱚᱱᱟ ᱠᱚ ᱧᱮᱞᱧᱟᱢᱚᱜᱼᱟ?
1266,पहचान के लिए आप अपने आधार कार्ड या वोटर आई.डी. या अपने पासपोर्ट की कॉपी ला सकती हैं।,"ᱩᱯᱨᱩᱢ ᱞᱟᱹᱜᱤᱫ, ᱟᱢ ᱟᱢᱟᱜ ᱟᱫᱷᱟᱨ ᱠᱟᱨᱰ, ᱥᱮ ᱟᱢᱟᱜ ᱵᱷᱚᱴᱟᱨ ᱟᱭᱰᱤ ᱥᱮ ᱟᱢᱟᱜ ᱚᱟᱥᱯᱳᱨᱴ ᱨᱮᱭᱟᱜ ᱢᱤᱫᱴᱟᱝ ᱚᱱᱟᱞᱮᱠᱟ ᱵᱮᱱᱟᱣ ᱫᱟᱲᱮᱭᱟᱜᱼᱟᱢ ᱾",ᱪᱤᱱᱦᱟᱹ ᱞᱟᱹᱜᱤᱫ ᱟᱢ ᱟᱢᱟᱜ ᱟᱭᱫᱷᱟᱨ ᱠᱟᱨᱰ ᱵᱟᱝᱠᱷᱟᱱ ᱵᱷᱳᱴᱟᱨ ଆଈ.ଡୀ ᱵᱟᱝᱠᱷᱟᱱ ᱟᱢᱟᱜ ᱯᱟᱥᱯᱳᱨᱴ ᱨᱮᱭᱟᱜ ᱠᱚᱯᱤ ᱦᱟᱛᱟᱣ ᱫᱟᱲᱮᱭᱟᱜᱼᱟ ᱾
1267,आप चाहे तो अपने राशन कार्ड और फ़ॉर्म में बताए गए कुछ दूसरे डॉक्यूमेंट की कॉपी भी ला सकती हैं जो मैं आपको दूँगा।,ᱟᱢ ᱟᱢᱟᱜ ᱨᱮᱥᱚᱱ ᱠᱟᱨᱰ ᱨᱮᱭᱟᱜ ᱢᱤᱫᱴᱟᱝ ᱚᱱᱟᱞᱮᱠᱟᱱ ᱟᱨ ᱤᱧ ᱟᱢ ᱮᱢᱚᱜ ᱞᱟᱹᱜᱤᱫ ᱢᱤᱫᱴᱟᱝ ᱟᱹᱨᱡᱤ ᱥᱟᱠᱟᱢ ᱨᱮ ᱛᱟᱹᱞᱤᱠᱟ ᱥᱮᱞᱮᱫ ᱠᱟᱹᱪ ᱮᱴᱟᱜ ᱱᱚᱛᱷᱤ ᱠᱚ ᱞᱟᱹᱜᱤᱫ ᱪᱟᱞᱟᱣ ᱫᱟᱲᱮᱭᱟᱜᱼᱟᱢ ᱾,"ᱟᱢ ᱡᱩᱫᱤ ᱮᱢ ᱠᱷᱚᱡᱟ, ᱮᱱᱠᱷᱟᱱ ᱟᱢ ᱟᱢᱟᱜ ᱨᱮᱥᱚᱱ ᱠᱟᱨᱰ ᱟᱨ ᱯᱷᱚᱨᱢ ᱨᱮ ᱞᱟᱹᱭ ᱟᱠᱟᱱ ᱮᱴᱟᱜ ᱠᱤᱪᱷᱩ ᱱᱩᱛᱚᱱᱟ ᱨᱮᱭᱟᱜ ᱠᱚᱯᱤ ᱮᱢ ᱫᱟᱲᱮᱭᱟᱜᱼᱟ ᱡᱟᱦᱟᱸ ᱫᱚ ᱤᱧ ᱟᱢ ᱮᱢ ᱤᱧᱢᱮ ᱾"
1268,"जो भी हो, उसमें आपकी फ़ोटो होनी चाहिए।","ᱡᱟᱦᱟᱸᱜᱮ ᱦᱩᱭᱩᱜ ᱥᱮ ᱵᱟᱝ, ᱚᱱᱟᱨᱮ ᱟᱢᱟᱜ ᱪᱤᱛᱟᱹᱨ ᱛᱟᱦᱮᱸᱱ ᱦᱩᱭᱩᱜ ᱛᱟᱢᱟ ᱾","ᱡᱟᱦᱟᱸ ᱜᱮ ᱦᱚᱭᱩᱜ ᱟ, ᱚᱱᱟ ᱨᱮ ᱟᱢᱟᱜ ᱪᱤᱛᱟᱹᱨ ᱛᱟᱦᱮᱸ ᱫᱟᱲᱮᱭᱟᱜᱼᱟ ᱾"
1269,आप ठीक से समझ गईं?,ᱤᱧ ᱪᱮᱫ ᱱᱚᱶᱟᱧ ᱥᱟᱯᱷᱟ ᱟᱠᱟᱫᱟ ?,ᱟᱢ ᱪᱮᱫ ᱱᱟᱯᱟᱭ ᱛᱮ ᱵᱟᱰᱟᱭ ᱧᱟᱢ ᱟᱠᱟᱫᱟ?
1270,"हाँ, सर, समझ गई।","ᱦᱮᱸ, ᱥᱟᱨ, ᱟᱢ ᱠᱚᱨᱟᱣ ᱟᱠᱟᱫᱟ ᱾","ᱦᱩᱭᱩᱜ ᱠᱟᱱᱟ, ᱤᱧ ᱵᱟᱰᱟᱭ ᱟᱠᱟᱱᱟ, ᱥᱟᱨ ᱾"
1271,"पते के प्रमाण के लिए, कोई भी बिल जो तीन महीने से ज़्यादा पुराना न हो, वो चलेगा।","ᱴᱷᱤᱠᱟᱹᱱᱟ ᱥᱟᱹᱵᱩᱫ ᱞᱟᱹᱜᱤᱫ, ᱯᱮ ᱪᱟᱸᱫᱳ ᱠᱷᱚᱱ ᱰᱷᱮᱨ ᱢᱟᱨᱮ ᱵᱟᱝ ᱮᱢᱚᱱ ᱡᱟᱦᱟᱸ ᱞᱮᱠᱟᱱ ᱵᱤᱞ ᱦᱩᱭᱩᱜ ᱛᱟᱢᱟ ᱾","ᱛᱟᱹᱞᱤᱠᱟ ᱥᱟᱹᱵᱩᱫ ᱞᱟᱹᱜᱤᱫ, ᱡᱟᱦᱟᱸ ᱡᱟᱦᱟᱱ ᱵᱤᱞ ᱯᱮ ᱪᱟᱸᱫᱳ ᱠᱷᱚᱱ ᱰᱷᱮᱨ ᱵᱟᱝ ᱦᱳᱭᱳᱜᱼᱟ, ᱚᱱᱟ ᱪᱟᱞᱟᱣᱚᱜᱼᱟ ᱾"
1272,"बिल से मेरा मतलब है लैंडलाइन का बिल, या बिजली का बिल या पानी का बिल।","ᱵᱤᱞ ᱢᱮᱱᱛᱮ ᱤᱧ ᱵᱩᱡᱦᱟ,ᱣᱼᱟ ᱞᱮᱱᱰᱞᱟᱭᱤᱱ ᱵᱤᱞ, ᱥᱮ ᱵᱤᱡᱞᱟ ᱵᱤᱞ, ᱥᱮ ᱫᱟᱜ ᱨᱮᱭᱟᱜ ᱵᱤᱞ ᱾","ᱵᱤᱞ ᱠᱷᱚᱱ ᱤᱧ ᱢᱮᱱ ᱮᱫᱟ ᱞᱮᱱᱰᱞᱟᱭᱤᱱ ᱵᱤᱞ, ᱵᱟᱝᱠᱷᱟᱱ ᱵᱤᱡᱽᱞᱤ ᱵᱤᱞ ᱥᱮ ᱫᱟᱜ ᱵᱤᱞ ᱾"
1273,वो फ़ॉर्म में दिए गए हैं।,ᱩᱱᱠᱩ ᱟᱨᱡᱤ ᱥᱟᱠᱟᱢ ᱛᱟᱞᱤᱠᱟ ᱥᱮᱞᱮᱫ ᱠᱚᱨᱟᱣ ᱦᱩᱭᱩᱜᱼᱟ ᱾,ᱱᱚᱶᱟ ᱠᱚᱫᱚ ᱯᱷᱚᱨᱢ ᱨᱮ ᱮᱢ ᱦᱩᱭ ᱟᱠᱟᱱᱟ ᱾
1274,या आप अपने पोस्ट ऑफ़िस की पासबुक या पासपोर्ट की कॉपी भी ला सकती हैं।,"ᱵᱟᱝᱠᱷᱟᱱ, ᱟᱢ ᱟᱢᱟᱜ ᱯᱳᱥᱴ ᱚᱯᱷᱤᱥ ᱯᱟᱥᱵᱩᱠ, ᱥᱮ ᱯᱟᱥᱯᱳᱨᱴ ᱨᱮᱭᱟᱜ ᱢᱤᱫᱴᱟᱝ ᱚᱱᱟᱞᱮᱠᱟᱱ ᱵᱮᱱᱟᱭ ᱫᱟᱲᱮᱭᱟᱜᱼᱟᱢ ᱾",ᱵᱟᱝᱠᱷᱟᱱ ᱟᱢ ᱟᱢᱟᱜ ᱯᱮᱥᱴ ᱚᱯᱷᱤᱥ ᱨᱮᱭᱟᱜ ᱯᱟᱥᱵᱩᱠ ᱥᱮ ᱯᱟᱥᱯᱳᱨᱴ ᱨᱮᱭᱟᱜ ᱠᱚᱯᱤ ᱦᱚᱸ ᱤᱫᱤ ᱫᱟᱲᱮᱭᱟᱜᱼᱟ ᱾
1275,"फिर से बता दूँ, जो भी हो, उसमें आपका पता होना चाहिए।","ᱟᱵᱟᱨ, ᱡᱟᱦᱟᱸᱜᱮ ᱦᱩᱭᱩᱜ ᱥᱮ ᱵᱟᱝ, ᱱᱚᱶᱟ ᱨᱮ ᱟᱢᱟᱜ ᱴᱷᱤᱠᱟᱹᱱᱟ ᱛᱟᱦᱮᱸᱱ ᱞᱟᱹᱠᱛᱤ ᱾","ᱟᱨᱦᱚᱸ ᱞᱟᱹᱭ ᱢᱮ, ᱡᱟᱦᱟᱸ ᱜᱮ ᱦᱚᱭᱩᱜ ᱟ, ᱟᱢ ᱚᱱᱟ ᱵᱟᱰᱟᱭ ᱞᱟᱹᱠᱛᱤ ᱠᱟᱱᱟ ᱾"
1276,अब आप समझ गई होंगी।,ᱟᱢ ᱪᱤᱛᱟᱹᱨ ᱮᱢ ᱧᱟᱢᱟ ᱾,ᱟᱢ ᱱᱤᱛ ᱵᱟᱰᱟᱭ ᱧᱟᱢ ᱟᱠᱟᱫᱟ ᱾
1277,"जी हाँ, और बर्थ सर्टिफ़िकेट?","ᱤᱧ ᱠᱚᱨᱟᱣᱼᱟ, ᱟᱨ ᱡᱟᱱᱟᱢ ᱢᱟᱦᱟ ᱨᱮᱭᱟᱜ ᱠᱟᱛᱷᱟ ᱪᱮᱫ ?","ᱦᱩᱭᱩᱜ ᱠᱟᱱᱟ, ᱟᱨ ᱡᱟᱱᱟᱢ ᱥᱟᱨᱴᱤᱯᱷᱤᱠᱮᱴ?"
1278,बर्थ सर्टिफ़िकेट या पासपोर्ट चलेगा।,ᱢᱤᱫᱴᱟᱝ ᱡᱟᱱᱟᱢ ᱥᱟᱹᱵᱩᱫ ᱥᱮ ᱢᱤᱫᱴᱟᱝ ᱯᱟᱥᱯᱳᱨᱴ ᱮ ᱠᱚᱨᱟᱣᱼᱟ ᱾,ᱡᱟᱱᱟᱢ ᱥᱟᱨᱴᱤᱯᱷᱤᱠᱮᱴ ᱥᱮ ᱯᱟᱥᱯᱳᱨᱴ ᱪᱟᱞᱟᱣᱚᱜᱼᱟ ᱾
1279,"अब, आपकी बेटी के लिए, उन्हें दो डॉक्यूमेंट लाने होंगे।","ᱱᱮᱛᱚᱜ, ᱟᱢᱨᱮᱱ ᱠᱤᱲᱤ ᱞᱟᱹᱜᱤᱫ, ᱩᱱᱤ ᱵᱟᱨᱭᱟ ᱱᱚᱛᱷᱤ ᱮᱢᱚᱜ ᱦᱩᱭᱩᱜ ᱛᱟᱢᱟ ᱾","ᱱᱤᱛ, ᱟᱢᱨᱮᱱ ᱦᱚᱯᱚᱱ ᱮᱨᱟ ᱞᱟᱹᱜᱤᱫ, ᱩᱱᱠᱩ ᱫᱚ ᱵᱟᱨᱭᱟ ᱱᱩᱛᱚᱱᱟ ᱦᱟᱛᱟᱣ ᱦᱩᱭᱩᱜ ᱛᱟᱢᱟ ᱾"
1280,पहचान का प्रमाण और पते का प्रमाण।,ᱩᱯᱨᱩᱢ ᱨᱮᱭᱟᱜ ᱥᱟᱵᱩᱫ ᱟᱨ ᱴᱷᱤᱠᱟᱹᱱᱟ ᱨᱮᱭᱟᱜ ᱥᱟᱵᱩᱫ ᱾,ᱪᱤᱱᱦᱟᱹ ᱨᱮᱭᱟᱜ ᱥᱟᱹᱵᱩᱫ ᱟᱨ ᱛᱟᱹᱞᱤᱠᱟ ᱨᱮᱭᱟᱜ ᱥᱟᱹᱵᱩᱫ ᱾
1281,दोनों के लिए पासपोर्ट काफी होगा।,ᱵᱟᱱᱟᱨ ᱞᱟᱹᱜᱤᱫ ᱢᱤᱫᱴᱟᱝ ᱯᱟᱥᱯᱳᱨᱴ ᱜᱮ ᱜᱟᱱᱚᱜᱼᱟ ᱾,ᱵᱟᱱᱟᱨ ᱞᱟᱹᱜᱤᱫ ᱜᱮ ᱯᱟᱥᱯᱳᱨᱴ ᱯᱚᱨᱤᱢᱟᱱ ᱦᱩᱭᱩᱜᱼᱟ ᱾
1282,यह सुनकर राहत मिली।,ᱱᱚᱶᱟ ᱜᱮ ᱟᱨᱟᱢ ᱾,ᱱᱚᱶᱟ ᱵᱟᱰᱟᱭ ᱧᱟᱢ ᱠᱟᱛᱮ ᱟᱹᱰᱤ ᱱᱟᱯᱟᱭ ᱦᱩᱭ ᱟᱠᱟᱱᱟ ᱾
1283,यह रही लिस्ट।,ᱱᱚᱸᱰᱮ ᱛᱟᱞᱤᱠᱟ ᱢᱮᱱᱟᱜᱼᱟ ᱾,ᱱᱚᱶᱟ ᱫᱚ ᱢᱤᱫᱴᱟᱝ ᱛᱟᱹᱞᱤᱠᱟ ᱛᱟᱦᱮᱸ ᱠᱟᱱᱟ ᱾
1284,आपको यहाँ सभी डॉक्यूमेंटों की लिस्ट मिल जाएगी।,ᱟᱢ ᱛᱟᱞᱤᱠᱟ ᱥᱮᱞᱮᱫᱟᱱ ᱡᱚᱛᱚ ᱱᱚᱛᱷᱤᱢ ᱧᱟᱢᱟ ᱾,ᱟᱢ ᱥᱟᱱᱟᱢ ᱱᱚᱛᱷᱤ ᱨᱮᱭᱟᱜ ᱢᱤᱫᱴᱟᱝ ᱛᱟᱹᱞᱤᱠᱟ ᱮᱢ ᱧᱟᱢ ᱫᱟᱲᱮᱭᱟᱜᱼᱟ ᱾
1285,कार्ड डिलीवर होने में कितना समय लग जाएगा?,ᱠᱟᱨᱰ ᱥᱟᱨᱵᱷᱟᱨ ᱞᱟᱹᱜᱤᱫ ᱛᱤᱱᱜᱷᱟᱹᱲᱤ ᱚᱠᱛᱚ ᱞᱟᱜᱟᱜᱼᱟ ?,ᱠᱟᱨᱰ ᱮᱢᱚᱜ ᱨᱮ ᱛᱤᱱᱟᱹᱜ ᱚᱠᱛᱚ ᱦᱟᱛᱟᱣᱚᱜᱼᱟ?
1286,कम से कम 15 से 20 वर्किंग डेज़।,ᱠᱚᱢ ᱠᱟᱨᱛᱮ ᱑᱕ ᱠᱷᱚᱱ ᱒᱐ ᱠᱟᱹᱢᱤᱢᱟᱦᱟ ᱾,ᱠᱚᱢ ᱠᱷᱚᱱ ᱠᱚᱢ 15 ᱠᱷᱚᱱ 20 ᱜᱚᱴᱟᱝ ᱠᱟᱹᱢᱤ ᱢᱟᱦᱟ ᱾
1287,"क्या मैं अंदर आ सकती हूँ, सर?","ᱤᱧ ᱵᱚᱞᱚᱫᱟᱲᱮᱭᱟᱜᱼᱟ, ᱢᱟᱪᱮᱫᱽᱜᱚᱝᱠᱮ ?","ᱤᱧ ᱠᱤ ᱦᱮᱡ ᱫᱟᱲᱮᱭᱟᱜᱼᱟᱢ, ᱥᱟᱨ?"
1288,"जी हाँ, प्लीज़ आइए।","ᱦᱮᱸ, ᱵᱚᱞᱚᱱᱢᱮ ᱾","ᱦᱩᱭᱩᱜ ᱠᱟᱱᱟ, ᱫᱟᱭᱟ ᱠᱟᱛᱮ ᱦᱮᱡ ᱢᱮ ᱾"
1289,प्लीज़ बैठिए।,ᱫᱟᱭᱟᱠᱟᱛᱮ ᱟᱢᱟᱜ ᱡᱟᱭᱜᱟᱨᱮ ᱫᱩᱲᱩᱵᱽᱢᱮ ᱾,ᱫᱟᱭᱟ ᱠᱟᱛᱮ ᱥᱮᱱ ᱢᱮ ᱾
1290,"बताइए, मैं आपकी कैसे मदद कर सकता हूँ?","ᱞᱟᱹᱭᱢᱮ, ᱪᱮᱠᱟᱞᱮᱠᱟᱛᱮᱧ ᱜᱚᱲᱚ ᱫᱟᱲᱮᱭᱟᱢᱟ ?","ᱞᱟᱹᱭ ᱢᱮ, ᱤᱧ ᱪᱮᱫ ᱞᱮᱠᱟᱛᱮ ᱟᱢ ᱜᱚᱲᱚᱧᱟᱢ ᱫᱟᱲᱮᱭᱟᱜᱼᱟ?"
1291,"सर, मैं होप एन.जी.ओ. से आई हूँ।","ᱢᱟᱪᱮᱫᱽᱜᱚᱝᱠᱮ, ᱤᱧ ᱫᱚ ᱦᱳᱯ ᱮᱱᱡᱤᱳ ᱠᱷᱚᱱᱤᱧ ᱦᱮᱡᱽᱟᱠᱟᱱᱟ ᱾",ᱤᱧ ᱦᱳᱯ <ᱟᱭ ᱰᱤ 1> ᱠᱷᱚᱱ ᱦᱮᱡ ᱟᱠᱟᱱᱟ ᱾
1292,हम ज़रूरतमंद लोगों के लिए कुछ स्कूल चला रहे हैं।,ᱟᱞᱮ ᱫᱚ ᱥᱩᱵᱤᱫᱷᱟ ᱵᱟᱝ ᱧᱟᱢᱠᱩ ᱞᱟᱹᱜᱤᱫᱽ ᱠᱤᱪᱷᱩ ᱤᱥᱠᱩᱞᱞᱮ ᱪᱟᱞᱟᱣᱟ ᱾,ᱤᱧᱟᱹᱜ ᱞᱟᱹᱠᱛᱤ ᱟᱱ ᱦᱚᱲ ᱠᱚ ᱞᱟᱹᱜᱤᱫ ᱠᱤᱪᱷᱩᱜᱟᱱ ᱵᱤᱨᱫᱟᱹᱜᱟᱲ ᱪᱟᱞᱟᱣᱚᱜ ᱠᱟᱱᱟ ᱾
1293,झुग्गी-झोपड़ी वाले इलाकों में हमारे 3 स्कूल हैं।,ᱵᱚᱥᱛᱤ ᱴᱚᱴᱷᱟᱨᱮ ᱟᱞᱮᱭᱟᱜ ᱓ ᱤᱥᱠᱩᱞ ᱢᱮᱱᱟᱜᱼᱟ ᱾,ᱞᱚᱫᱟᱢ ᱴᱚᱴᱷᱟ ᱨᱮ ᱤᱧᱟᱹᱜ 3 ᱜᱚᱴᱟᱝ ᱵᱤᱨᱫᱟᱹᱜᱟᱲ ᱢᱮᱱᱟᱜᱼᱟ ᱾
1294,यह बहुत अच्छी बात है!,ᱚᱱᱟ ᱫᱚ ᱥᱟᱹᱨᱤᱜᱤ ᱟᱹᱰᱤ ᱵᱷᱟᱜᱮ ᱵᱮᱯᱟᱨ !,ᱱᱚᱶᱟ ᱫᱚ ᱟᱹᱰᱤ ᱱᱟᱯᱟᱭ ᱠᱟᱹᱢᱤ ᱠᱟᱱᱟ ᱾
1295,मुझे यह कहना ही पड़ेगा कि यह वाकई बहुत अच्छी पहल है।,"ᱱᱤᱦᱟᱹᱛᱜᱤᱧ ᱞᱟᱹᱭᱟ, ᱱᱤᱭᱟᱹ ᱫᱚ ᱢᱤᱫᱴᱟᱝ ᱢᱟᱨᱟᱝ ᱠᱟᱹᱢᱤᱦᱚᱨᱟ","ᱤᱧ ᱞᱟᱹᱭ ᱦᱩᱭᱩᱜ ᱠᱟᱱᱟ ᱡᱮ, ᱱᱚᱶᱟ ᱫᱚ ᱟᱹᱰᱤ ᱱᱟᱯᱟᱭ ᱮᱛᱚᱦᱚᱵ ᱠᱟᱱᱟ ᱾"
1296,"तो, मैं आपकी कैसे मदद कर सकता हूँ?","ᱟᱫᱚ, ᱪᱮᱫᱽᱛᱮ ᱟᱢᱤᱧ ᱜᱚᱲᱚ ᱫᱟᱲᱮᱭᱟᱢᱟ ?","ᱚᱱᱟᱛᱮ, ᱤᱧ ᱪᱮᱫ ᱞᱮᱠᱟᱛᱮ ᱟᱢ ᱜᱚᱲᱚᱧᱟᱢ ᱫᱟᱲᱮᱭᱟᱜᱼᱟ?"
1297,"सर, मुझे आपके ऑफ़िस के बारे में कुछ जानकारी चाहिए।",ᱢᱟᱪᱮᱛ ᱜᱚᱝᱠᱮ ᱟᱢᱟᱜᱽ ᱚᱯᱷᱤᱥ ᱵᱟᱵᱚᱫᱽ ᱠᱤᱪᱷᱩ ᱛᱮᱛᱮᱫᱽ ᱵᱟᱰᱟᱭᱤᱧ ᱠᱷᱚᱡᱽᱠᱟᱱᱟ ᱾,"ᱤᱧ ᱟᱢᱟᱜ ᱚᱯᱷᱤᱥ ᱤᱫᱤ ᱠᱟᱛᱮ ᱠᱤᱪᱷᱩ ᱰᱚᱜᱚᱨ ᱠᱷᱚᱡ ᱠᱟᱱᱟ, ᱥᱟᱨ ᱾"
1298,जैसा कि आप जानते हैं कि हमारे छात्र मजदूर परिवारों से हैं।,ᱡᱮᱞᱮᱠᱟᱢ ᱵᱟᱰᱟᱭᱜᱮᱭᱟ ᱟᱞᱮᱨᱮᱱ ᱯᱟᱹᱴᱷᱣᱟᱹ ᱠᱩᱫᱚ ᱠᱟᱹᱢᱤᱡᱚᱝ ᱜᱷᱟᱨᱚᱸᱡᱽ ᱠᱷᱚᱱ ᱠᱟᱱᱟᱠᱩ ᱾,"ᱟᱢ ᱡᱟᱦᱟᱸᱢ ᱵᱟᱰᱟᱭ ᱠᱟᱱᱟ, ᱟᱢᱨᱮᱱ ᱥᱮᱪᱮᱫᱤᱭᱟᱹ ᱠᱚ ᱠᱟᱹᱢᱤᱭᱟᱹ ᱜᱷᱟᱨᱚᱸᱡᱽ ᱠᱷᱚᱱ ᱦᱮᱡ ᱟᱠᱟᱱᱟ ᱾"
1299,मुझे जानना चाहती हूँ कि हमारे 10वीं क्लास के छात्रों के लिए काम के कोई अवसर हैं क्या।,ᱤᱧ ᱵᱟᱰᱟᱭ ᱥᱟᱱᱟᱧ ᱠᱟᱱᱟ ᱟᱞᱮᱨᱮᱱ ᱑᱐ ᱜᱨᱮᱰ ᱯᱟᱹᱴᱷᱣᱟᱹᱠᱩ ᱞᱟᱹᱜᱤᱫᱽ ᱡᱟᱦᱟᱸᱱ ᱥᱩᱵᱤᱫᱷᱟᱠᱩ ᱢᱮᱱᱟᱜᱼᱟ ᱾,"ᱤᱧ ᱵᱟᱰᱟᱭ ᱠᱷᱚᱡ ᱠᱟᱱᱟ ᱡᱮ, ᱤᱧᱟᱹᱜ 10 ᱟᱱᱟᱜ ᱥᱮᱪᱮᱫᱤᱭᱟᱹ ᱠᱚ ᱞᱟᱹᱜᱤᱫ ᱠᱟᱹᱢᱤ ᱨᱮᱭᱟᱜ ᱡᱟᱦᱟᱱ ᱩᱯᱟᱹᱭ ᱢᱮᱱᱟᱜᱼᱟ ᱥᱮ ᱵᱟᱝ ᱾"
1300,"हाँ, मुझे बताइए कि आप क्या जानना चाहती हैं?","ᱦᱮᱸ, ᱞᱟᱹᱭᱟᱹᱧ ᱢᱮ ᱟᱢ ᱪᱮᱫᱽ ᱵᱟᱰᱟᱭᱮᱢ ᱠᱷᱚᱡᱽ ᱠᱟᱱᱟ ?","ᱦᱩᱭᱩᱜ ᱠᱟᱱᱟ, ᱟᱢ ᱪᱮᱫ ᱵᱟᱰᱟᱭ ᱠᱷᱚᱡ ᱠᱟᱱᱟ ᱚᱱᱟ ᱞᱟᱹᱭ ᱤᱧᱢᱮ ᱾"
1301,यह वास्तव में एक बहुत अच्छा विचार है।,ᱚᱱᱟ ᱫᱚ ᱥᱟᱹᱨᱤᱜᱤ ᱵᱷᱟᱜᱤ ᱦᱩᱫᱤᱥ ᱾,ᱱᱚᱶᱟ ᱫᱚ ᱜᱚᱴᱟ ᱜᱮ ᱢᱤᱫᱴᱟᱝ ᱟᱹᱰᱤ ᱱᱟᱯᱟᱭ ᱩᱭᱦᱟᱹᱨ ᱠᱟᱱᱟ ᱾
1302,लेकिन क्या वे पढ़ाई करते-करते काम करेंगे?,"ᱢᱮᱱᱠᱷᱟᱱ, ᱯᱟᱲᱦᱟᱣ ᱚᱠᱛᱮᱨᱮ ᱦᱚᱸ ᱩᱝᱠᱩ ᱫᱚᱠᱩ ᱠᱟᱹᱢᱤᱭᱟ ?",ᱢᱮᱱᱠᱷᱟᱱ ᱩᱱᱠᱩ ᱪᱮᱫ ᱯᱟᱲᱦᱟᱣ ᱚᱠᱛᱚ ᱠᱟᱹᱢᱤ ᱠᱚ ᱠᱚᱨᱟᱣᱼᱟ?
1303,"नहीं सर, वो नहीं करेंगे।","ᱵᱟᱝ ᱜᱚᱝᱠᱮ, ᱢᱵᱟᱝᱠᱩ ᱠᱟᱹᱢᱤᱭᱟ ᱾","ᱵᱟᱝ, ᱟᱢ, ᱩᱱᱠᱩ ᱫᱚ ᱵᱟᱝ ᱠᱚ ᱠᱚᱨᱟᱣᱼᱟ ᱾"
1304,वो अगले महीने 10वीं क्लास की परीक्षा दे देंगे।,ᱩᱝᱠᱩ ᱫᱚ ᱑᱐ᱜᱨᱮᱰ ᱨᱮᱭᱟᱜ ᱵᱤᱰᱟᱹᱣ ᱫᱟᱨᱟᱭᱠᱟᱱ ᱢᱟᱹᱱᱦᱟᱹ ᱨᱮᱠᱩ ᱪᱟᱵᱟᱭᱟ ᱾,ᱩᱱᱠᱩ ᱫᱚ ᱛᱟᱭᱚᱢ ᱪᱟᱸᱫᱳ ᱨᱮ 10 ᱟᱱᱟᱜ ᱥᱮᱪᱮᱫ ᱨᱮᱭᱟᱜ ᱵᱤᱰᱟᱹᱣ ᱠᱚ ᱦᱟᱛᱟᱣᱼᱟ ᱾
1305,इसलिए हम चाहते हैं कि परीक्षा के बाद वे कहीं काम करें ताकि वे कमाना शुरू कर सकें।,"ᱚᱱᱟᱛᱮ, ᱵᱤᱰᱟᱹᱣ ᱛᱟᱭᱚᱢ, ᱟᱞᱮ ᱫᱚ ᱩᱝᱠᱩ ᱡᱟᱦᱟᱸᱨᱮ ᱞᱟᱜᱟᱣᱠᱩ ᱞᱮ ᱢᱮᱱᱡᱚᱧ ᱠᱟᱱᱟ ᱛᱟᱦᱚᱞᱮ ᱠᱷᱟᱱ ᱩᱝᱠᱩ ᱫᱚ ᱨᱳᱡᱜᱟᱨ ᱠᱩ ᱮᱛᱚᱦᱚᱵᱽ ᱫᱟᱲᱤᱭᱟᱜᱼᱟ ᱾",ᱚᱱᱟᱛᱮ ᱟᱢ ᱠᱷᱚᱡᱟ ᱡᱮ ᱵᱤᱰᱟᱹᱣ ᱛᱟᱭᱚᱢ ᱩᱱᱠᱩ ᱡᱟᱦᱟᱸ ᱴᱷᱟᱶ ᱨᱮ ᱠᱟᱹᱢᱤ ᱢᱮ ᱡᱟᱦᱟᱸᱛᱮ ᱩᱱᱠᱩ ᱠᱟᱹᱣᱰᱤ ᱧᱟᱢ ᱮᱦᱚᱵ ᱫᱟᱲᱮᱭᱟᱜᱼᱟ ᱾
1306,"वे अनुशासन, टीम वर्क, वगैरा के बारे में सीखेंगे।","ᱩᱝᱠᱩ ᱫᱚ ᱟᱹᱨᱤᱪᱟᱹᱞᱤ, ᱴᱤᱢᱨᱮ ᱠᱟᱹᱢᱤ, ᱮᱢᱟᱱᱛᱮᱭᱟᱜᱽᱠᱩ ᱦᱚᱸ ᱠᱩ ᱪᱮᱫᱽᱫᱟᱲᱮᱭᱟᱜᱼᱟ ᱾","ᱩᱱᱠᱩ ᱫᱚ ᱥᱮᱪᱮᱫ, ᱜᱟᱫᱮᱞ ᱨᱮᱭᱟᱜ ᱠᱟᱹᱢᱤ ᱮᱢᱟᱱ ᱠᱚ ᱤᱫᱤ ᱠᱟᱛᱮ ᱠᱚ ᱥᱤᱜᱤᱞᱚᱜᱼᱟ ᱾"
1307,"ओह, ठीक है! ऐसा तो हो सकता है।","ᱳᱦ, ᱴᱷᱤᱠᱜᱮᱭᱟ ! ᱚᱱᱟ ᱫᱚ ᱠᱚᱨᱟᱣ ᱜᱟᱱᱚᱜᱼᱟ ᱾","ᱳᱦ, ᱵᱟᱝ! ᱱᱚᱶᱟ ᱦᱩᱭ ᱫᱟᱲᱮᱭᱟᱜᱼᱟ ᱾"
1308,यह तो उनके लिए भी बहुत अच्छा होगा।,ᱚᱱᱟ ᱫᱚ ᱩᱝᱠᱩ ᱞᱟᱹᱜᱤᱫᱽᱛᱮ ᱦᱚᱸ ᱵᱷᱟᱜᱤᱜᱮᱭᱟ ᱾,ᱱᱚᱶᱟ ᱫᱚ ᱩᱱᱠᱩ ᱞᱟᱹᱜᱤᱫ ᱦᱚᱸ ᱟᱹᱰᱤ ᱱᱟᱯᱟᱭ ᱦᱩᱭᱩᱜᱼᱟ ᱾
1309,वे अलग-अलग चीज़ें भी सीख पाएँगे।,ᱩᱝᱠᱩ ᱫᱚ ᱵᱷᱮᱜᱟᱨ ᱵᱷᱮᱜᱟᱨ ᱡᱤᱱᱤᱥᱠᱩ ᱪᱮᱫᱽᱫᱟᱲᱮᱭᱟᱜᱼᱟ ᱾,ᱩᱱᱠᱩ ᱫᱚ ᱟᱭᱢᱟ ᱞᱮᱠᱟᱱ ᱠᱟᱹᱢᱤ ᱠᱚ ᱥᱮᱪ ᱫᱟᱲᱮᱹᱭᱟᱜᱼᱟ ᱾
1310,"हाँ, सर, हम नहीं चाहते कि वे वापस झुग्गी-झोपड़ी वाले माहौल में जाएँ।","ᱦᱮᱸ, ᱢᱟᱪᱮᱫᱽᱜᱚᱝᱠᱮ, ᱟᱞᱮ ᱵᱟᱝᱞᱮ ᱠᱷᱚᱡᱚᱜᱼᱟ ᱩᱝᱠᱩ ᱵᱳᱥᱛᱤ ᱞᱟᱭᱚᱧᱨᱮᱠᱩ ᱨᱩᱣᱟᱹᱲ ᱥᱮᱱᱚᱜᱼᱢᱟ ᱾","ᱦᱩᱭᱩᱜ ᱠᱟᱱᱟ, ᱟᱢ ᱫᱚ ᱵᱟᱝ ᱠᱷᱚᱡᱟ ᱡᱮ ᱩᱱᱠᱩ ᱫᱚ ᱞᱚᱫᱟᱢ ᱚᱲᱟᱜ ᱨᱮ ᱨᱩᱣᱟᱹᱲ ᱦᱮᱡ ᱢᱮ ᱾"
1311,"अगर वे किसी ऑफ़िस में काम करने लगेंगे, तो उन्हें काम करने का ढंग जानने का मौका मिलेगा।","ᱩᱝᱠᱩ ᱫᱚ ᱡᱟᱦᱟᱸᱱ ᱚᱯᱷᱤᱥᱨᱮ ᱠᱟᱹᱢᱤᱠᱩ ᱮᱛᱚᱦᱚᱵᱽ ᱞᱮᱠᱷᱟᱱ, ᱩᱝᱠᱩ ᱫᱚ ᱠᱟᱹᱢᱤᱭ ᱞᱟᱠᱪᱟᱨ ᱥᱟᱶᱛᱮᱠᱩ ᱩᱯᱩᱨᱩᱢᱚᱜᱼᱟ ᱾","ᱡᱩᱫᱤ ᱩᱱᱠᱩ ᱢᱤᱫᱴᱟᱝ ᱚᱯᱷᱤᱥ ᱨᱮ ᱠᱟᱹᱢᱤ ᱮᱦᱚᱵᱚᱜᱼᱟ, ᱮᱱᱠᱷᱟᱱ ᱩᱱᱠᱩ ᱪᱮᱫ ᱞᱮᱠᱟᱛᱮ ᱠᱟᱹᱢᱤ ᱦᱩᱭᱩᱜ ᱠᱟᱱᱟ ᱚᱱᱟ ᱵᱟᱰᱟᱭ ᱨᱮᱭᱟᱜ ᱫᱟᱣ ᱠᱚ ᱧᱟᱢᱼᱟ ᱾"
1312,"हाँ, यह उन्हें प्रोत्साहित भी करेगा।","ᱦᱮᱸ, ᱚᱱᱟ ᱫᱚ ᱩᱝᱠᱩ ᱞᱟᱹᱜᱤᱫ ᱩᱫᱜᱟᱹᱣᱟᱱᱟᱜᱽ ᱦᱩᱭᱩᱜᱼᱟ ᱾","ᱦᱩᱭᱩᱜ ᱠᱟᱱᱟ, ᱱᱚᱶᱟ ᱫᱚ ᱩᱱᱠᱩ ᱦᱚᱸ ᱮᱥᱮᱨ ᱮ ᱮᱢᱼᱟ ᱾"
1313,मैं देखता हूँ कि मैं उनमें से कुछ को अपनी पैकेजिंग यूनिट में ले सकूँ।,ᱤᱧ ᱩᱝᱠᱩ ᱢᱩᱫᱽ ᱠᱷᱚᱱ ᱡᱟᱦᱟᱸᱭ ᱤᱧᱟᱜ ᱯᱮᱠᱮᱴᱤᱝ ᱤᱭᱩᱱᱤᱴᱨᱮᱧ ᱡᱚᱯᱚᱲᱟᱣ ᱫᱟᱲᱮᱭᱟᱠᱩᱣᱟ ᱥᱮ ᱵᱟᱝ ᱚᱱᱟᱧ ᱵᱤᱰᱟᱹᱣᱟ ᱾,"ᱤᱧ ᱧᱮᱞᱧᱟᱢ ᱠᱟᱱᱟ ᱡᱮ, ᱤᱧ ᱚᱱᱟ ᱠᱚ ᱢᱩᱫᱽᱨᱮ ᱠᱤᱪᱷᱩ ᱤᱧᱟᱹᱜ ᱯᱮᱠᱡᱤᱝ ᱤᱭᱩᱱᱤᱴ ᱨᱮ ᱦᱟᱛᱟᱣ ᱫᱟᱲᱮᱭᱟᱜᱼᱟ ᱾"
1314,आपके आश्वासन के लिए बहुत-बहुत धन्यवाद।,ᱟᱢᱟᱜ ᱱᱤᱭᱟᱹ ᱟᱥ ᱮᱢ ᱞᱟᱹᱜᱤᱫᱛᱮ ᱟᱭᱢᱟ ᱥᱟᱨᱦᱟᱣ ᱾,ᱟᱢᱟᱜ ᱥᱟᱹᱵᱩᱫ ᱞᱟᱹᱜᱤᱫ ᱟᱹᱰᱤ ᱜᱟᱱ ᱥᱟᱨᱦᱟᱰ ᱾
1315,परीक्षा पूरी होने के बाद मैं कुछ छात्रों को लेकर आऊँगी।,ᱢᱤᱫᱫᱷᱟᱣ ᱵᱤᱰᱟᱹᱣ ᱪᱟᱵᱟᱞᱮᱱᱠᱷᱟᱱ ᱤᱧ ᱫᱚ ᱩᱝᱠᱩ ᱢᱩᱫᱽ ᱠᱷᱚᱱ ᱠᱤᱪᱷᱩᱧ ᱟᱹᱜᱩᱠᱩᱣᱟ ᱾,ᱵᱤᱰᱟᱹᱣ ᱢᱩᱪᱟᱹᱫ ᱛᱟᱭᱚᱢ ᱤᱧ ᱠᱤᱪᱷᱩᱜᱟᱱ ᱥᱮᱪᱮᱫᱤᱭᱟᱹ ᱠᱚ ᱤᱫᱤ ᱞᱮᱫᱮᱭᱟᱭ ᱾
1316,मदद देने के लिए फिर से धन्यवाद।,ᱟᱨ ᱢᱤᱫᱫᱷᱟᱣ ᱟᱭᱢᱟ ᱥᱟᱨᱦᱟᱣ ᱟᱢᱟᱜ ᱱᱤᱭᱟᱹ ᱜᱚᱲᱚᱣᱟᱱ ᱢᱚᱱᱮ ᱞᱟᱹᱜᱤᱫᱽᱛᱮ ᱾,ᱜᱚᱲᱚ ᱮᱢ ᱞᱟᱹᱜᱤᱫ ᱟᱨᱦᱚᱸ ᱥᱟᱨᱦᱟᱰ ᱾
1317,इस लिट्टी से मुझे इडली की याद आ रही है।,ᱱᱚᱶᱟ ᱞᱤᱴᱴᱤ ᱤᱧ ᱤᱰᱞᱤ ᱨᱮᱭᱟᱜ ᱠᱟᱛᱷᱟᱭ ᱫᱤᱥᱟᱹ ᱟᱪᱚᱭᱫᱤᱧᱟ ᱾,ᱱᱚᱶᱟ ᱞᱴᱤ ᱠᱷᱚᱱ ᱤᱧ ᱤᱫᱞᱤ ᱨᱮᱭᱟᱜ ᱠᱟᱛᱷᱟ ᱢᱚᱱᱮ ᱦᱩᱭᱩᱜ ᱠᱟᱱᱟ ᱾
1318,वैसे ये दोनों बहुत अलग हैं लेकिन इसके आकार से मुझे उसकी याद आ रही है।,ᱵᱟᱱᱟᱨᱜᱮ ᱵᱷᱮᱜᱟᱨ ᱜᱮᱭᱟ ᱢᱮᱱᱠᱷᱟᱱ ᱜᱚᱲᱦᱚᱱ ᱤᱧᱮ ᱩᱭᱦᱟᱹᱨᱟᱹᱧ ᱟᱪᱚᱧ ᱠᱟᱱᱟ ᱾,"ᱡᱟᱦᱟᱸ ᱞᱮᱠᱟ ᱱᱚᱶᱟ ᱵᱟᱱᱟᱨ ᱜᱮ ᱟᱹᱰᱤ ᱵᱷᱮᱜᱟᱨ, ᱢᱮᱱᱠᱷᱟᱱ ᱱᱚᱶᱟ ᱨᱮᱭᱟᱜ ᱯᱚᱨᱤᱢᱟᱱ ᱛᱮ ᱤᱧ ᱩᱱᱤ ᱫᱚ ᱵᱟᱝ ᱧᱮᱞᱧᱟᱢᱚᱜᱼᱟ ᱾"
1319,"हाँ, ये बिहार का मुख्य भोजन है।","ᱦᱮᱸ, ᱱᱚᱶᱟᱫᱚ ᱵᱤᱦᱟᱨᱤ ᱠᱚᱣᱟᱜ ᱠᱟᱱᱟ ᱾","ᱦᱩᱭᱩᱜ ᱠᱟᱱᱟ, ᱱᱚᱶᱟ ᱫᱚ ᱵᱤᱦᱟᱨ ᱨᱮᱭᱟᱜ ᱢᱩᱲᱩᱫ ᱡᱚᱢᱟᱜ ᱾"
1320,साइड डिश को चोखा कहते हैं।,ᱥᱟᱶᱛᱮᱱᱟᱜ ᱡᱚᱢᱟᱜ ᱫᱚ ᱪᱳᱠᱷᱟ ᱠᱚ ᱢᱮᱛᱟᱜᱼᱟ ᱾,ᱥᱟᱭᱤᱰ ᱰᱤᱥ ᱫᱚ ᱪᱳᱠ ᱠᱚ ᱢᱮᱱᱚᱜᱼᱟ ᱾
1321,लिट्टी मुख्य रूप से गेहूँ से बनती है और चोखा बैंगन और टमाटर से बनता है।,ᱞᱤᱴᱴᱤ ᱫᱚ ᱜᱩᱦᱩᱢᱛᱮ ᱵᱮᱱᱟᱜᱼᱟ ᱟᱨ ᱪᱳᱠᱷᱟᱫᱚ ᱵᱮᱸᱜᱟᱲ ᱟᱨ ᱵᱤᱞᱟᱹᱛᱤᱛᱮ ᱵᱮᱱᱟᱣ ᱦᱩᱭᱩᱜᱼᱟ ᱾,ᱞᱤᱛᱴᱤ ᱫᱚ ᱢᱩᱲᱩᱫ ᱞᱮᱠᱟᱛᱮ ꯒꯦꯍꯨ ᱠᱷᱚᱱ ᱵᱮᱱᱟᱣ ᱟᱨ ᱪᱳᱠ ᱫᱚ ᱦᱩᱭᱩᱜ ᱠᱟᱱᱟ ᱵᱮᱝᱞᱟ ᱟᱨ ᱴᱟᱢᱚᱴᱳ ᱠᱷᱚᱱ ᱵᱮᱱᱟᱣ ᱾
1322,इसमें कौन-से तेल का इस्तेमाल करते हैं?,ᱱᱚᱶᱟᱨᱮ ᱩᱱᱠᱩ ᱪᱮᱫ ᱥᱩᱱᱩᱢ ᱠᱚ ᱵᱮᱣᱦᱟᱨᱟ ?,ᱱᱚᱶᱟ ᱨᱮ ᱪᱮᱫ ᱛᱮᱹᱞ ᱵᱮᱣᱦᱟᱨ ᱦᱩᱭᱩᱜᱼᱟ?
1323,यह केरल की पाक शैली से कुछ अलग लग रहा है।,ᱱᱚᱶᱟᱫᱚ ᱠᱮᱨᱟᱞᱟ ᱨᱮᱭᱟᱜ ᱡᱚᱢᱟᱜ ᱠᱷᱳᱱ ᱵᱷᱮᱜᱟᱨ ᱜᱮᱭᱟ ᱢᱚᱱᱮ ᱦᱩᱭᱩᱜ ᱠᱟᱱᱟ ᱾,ᱱᱚᱶᱟ ᱫᱚ ᱠᱮᱨᱚᱞ ᱨᱮᱭᱟᱜ ᱡᱚᱢᱟᱜ ᱠᱷᱚᱱ ᱠᱤᱪᱷᱩ ᱵᱷᱮᱜᱟᱨ ᱢᱮᱱᱛᱮ ᱢᱚᱱᱮ ᱦᱩᱭᱩᱜ ᱠᱟᱱᱟ ᱾
1324,आम तौर पर चोखे में सरसों के तेल का इस्तेमाल किया जाता है।,ᱪᱳᱠᱦᱟ ᱨᱮᱫᱚ ᱥᱟᱫᱷᱟᱨᱚᱱᱚᱛᱚ ᱛᱩᱲᱤ ᱥᱩᱱᱩᱢ ᱵᱮᱣᱦᱟᱨᱚᱜᱼᱟ ᱾,"ᱥᱟᱫᱷᱟᱨᱚᱱ ᱞᱮᱠᱟᱛᱮ, ᱢᱮᱫ ᱨᱮ ᱥᱚᱨᱟᱥ ᱨᱮᱭᱟᱜ ᱛᱮᱹᱞ ᱵᱮᱣᱦᱟᱨ ᱦᱩᱭᱩᱜᱼᱟ ᱾"
1325,बिहारी पाक शैली में सभी खानों में सरसों के तेल का इस्तेमाल किया जाता है।,ᱵᱤᱦᱟᱨᱤ ᱡᱚᱢᱟᱜ ᱨᱮᱭᱟᱜ ᱥᱟᱱᱟᱢ ᱨᱮᱜᱮ ᱛᱩᱲᱤ ᱥᱩᱱᱩᱢ ᱠᱚ ᱵᱮᱣᱦᱟᱨ ᱦᱩᱭᱩᱜᱼᱟ᱾,ᱵᱤᱦᱟᱨ ᱨᱮᱭᱟᱜ ᱤᱥᱤᱱ ᱦᱚᱨᱟ ᱨᱮ ᱥᱟᱱᱟᱢ ᱡᱚᱢᱟᱜ ᱨᱮ ᱥᱚᱨᱟᱥ ᱨᱮᱭᱟᱜ ᱥᱩᱱᱩᱢ ᱵᱮᱣᱦᱟᱨ ᱦᱩᱭᱩᱜᱼᱟ ᱾
1326,आपके सामने कौन-सी डिश रखी है?,ᱟᱢ ᱥᱟᱢᱟᱝ ᱨᱮᱫᱚ ᱪᱮᱫ ᱡᱚᱢᱟᱜ ᱢᱮᱱᱟᱜᱼᱟ ?,ᱟᱢ ᱴᱷᱮᱱ ᱪᱮᱫ ᱡᱚᱢᱟᱜ ᱢᱮᱱᱟᱜᱼᱟ?
1327,इसे पुट्टू कहते हैं और आम तौर पर हम इसे काले चने के साथ खाते हैं।,ᱱᱚᱶᱟᱫᱚ ᱯᱩᱴᱴᱟ ᱠᱚ ᱢᱮᱛᱟᱜᱼᱟ ᱟᱨ ᱟᱞᱮᱫᱚ ᱦᱮᱸᱫᱮ ᱵᱷᱩᱴ ᱥᱟᱶᱞᱮ ᱡᱚᱢᱟ ᱾,ᱱᱚᱶᱟ ᱫᱚ ᱯᱩᱞᱴᱩ ᱠᱚ ᱢᱮᱱᱚᱜᱼᱟ ᱟᱨ ᱥᱟᱫᱷᱟᱨᱚᱱ ᱞᱮᱠᱟᱛᱮ ᱟᱢ ᱱᱚᱶᱟ ᱫᱚ ᱠᱟᱞᱚ ᱪᱩᱱ ᱥᱟᱞᱟᱜ ᱠᱚ ᱠᱷᱟᱱ ᱾
1328,"ये कई प्रकार की होती हैं लेकिन जो मैंने ऑर्डर की है, वह चावल के आटे से बनी है।","ᱱᱚᱶᱟ ᱨᱮᱭᱟᱜ ᱟᱭᱢᱟ ᱦᱟᱹᱴᱤᱧ ᱢᱮᱱᱟᱜᱼᱟ, ᱮᱱᱠᱷᱟᱱ ᱤᱧ ᱡᱟᱦᱟᱸᱧ ᱚᱰᱟᱨ ᱟᱠᱟᱫᱟ ᱚᱱᱟᱫᱚ ᱪᱟᱣᱞᱤ ᱜᱩᱸᱰᱟᱹᱛᱮ ᱵᱮᱱᱟᱜᱼᱟ ᱾","ᱱᱚᱶᱟ ᱠᱚ ᱟᱭᱢᱟ ᱞᱮᱠᱟᱱ, ᱢᱮᱱᱠᱷᱟᱱ ᱤᱧ ᱡᱟᱦᱟᱸ ᱠᱚ ᱚᱰᱟᱨ ᱟᱠᱟᱫᱟ ᱚᱱᱟ ᱫᱚ ꯆꯦꯡ ᱨᱮᱭᱟᱜ ᱜᱩᱴ ᱛᱮ ᱵᱮᱱᱟᱣ ᱟᱠᱟᱱᱟ ᱾"
1329,"ओह, क्या ये काले चने वाली साइड डिश मसालेदार है?","ᱳᱦ, ᱦᱮᱸᱫᱮ ᱵᱷᱩᱴ ᱥᱟᱶᱛᱮ ᱡᱚᱢᱟᱜ ᱫᱚ ᱪᱮᱫ ᱢᱚᱥᱞᱟ ᱟᱱᱟᱜ ᱜᱮᱭᱟ ?","ᱳᱦ, ᱱᱚᱶᱟ ᱠᱟᱞᱚ ᱪᱚᱯᱚᱱ ᱨᱮᱭᱟᱜ ᱥᱟᱭᱰ ᱰᱤᱥ ᱫᱚ ᱪᱮᱫ ᱢᱚᱥᱞᱟ ᱟᱱᱟᱜ ᱠᱟᱱᱟ?"
1330,मैंने पुट्टू के बारे में पहले नहीं सुना।,ᱯᱩᱴᱴᱩ ᱨᱮᱭᱟᱜ ᱧᱩᱛᱩᱢ ᱞᱟᱦᱟᱛᱮᱫᱚ ᱵᱟᱹᱧ ᱟᱸᱡᱚᱢ ᱟᱠᱟᱫᱟ ᱾,ᱤᱧ ᱱᱚᱶᱟ ᱢᱟᱲᱟᱝ ᱯᱩᱞᱴᱩ ᱨᱮᱭᱟᱜ ᱠᱟᱛᱷᱟ ᱵᱟᱝ ᱵᱟᱰᱟᱭ ᱧᱟᱢ ᱟᱠᱟᱫᱟ ᱾
1331,क्या इसके ऊपर नारियल डाला हुआ है?,ᱚᱱᱟ ᱪᱮᱛᱟᱱ ᱨᱮᱫᱚ ᱪᱮᱫ ᱱᱟᱹᱲᱠᱚᱞ ᱠᱚ ᱪᱩᱨᱩᱡᱡ ᱟᱜᱼᱟ ?,ᱱᱚᱶᱟ ᱪᱮᱛᱟᱱ ᱨᱮ ᱱᱟᱨᱠᱮᱞ ᱥᱮᱞᱮᱫ ᱢᱮᱱᱟᱜᱼᱟ ᱥᱮ ᱵᱟᱝ?
1332,"हाँ, नारियल का आम तौर पर केरल की कई डिशों में इस्तेमाल किया जाता है।","ᱦᱮᱸ, ᱠᱮᱨᱟᱞᱟ ᱨᱮᱫᱚ ᱥᱟᱫᱷᱟᱨᱚᱱᱚᱛᱚ ᱟᱭᱢᱟ ᱡᱚᱢᱟᱜᱨᱮ ᱵᱮᱣᱦᱟᱨᱚᱜᱼᱟ ᱾","ᱦᱩᱭᱩᱜ ᱠᱟᱱᱟ, ᱠᱮᱨᱚᱞ ᱨᱮᱭᱟᱜ ᱟᱭᱢᱟ ᱡᱚᱢᱟᱜ ᱨᱮ ᱥᱟᱫᱷᱟᱨᱚᱱ ᱞᱮᱠᱟᱛᱮ ᱱᱟᱨᱠᱮᱞ ᱵᱮᱣᱦᱟᱨ ᱦᱩᱭᱩᱜᱼᱟ ᱾"
1333,उनमें भरपूर मसाला भी होता है इसलिए अधिकतर व्यंजनों में मसाले की मात्रा ज़्यादा होती है।,ᱱᱚᱶᱟ ᱠᱚᱨᱮ ᱢᱚᱥᱞᱟᱦᱚᱸ ᱟᱭᱢᱟ ᱛᱟᱦᱮᱱᱟ ᱚᱱᱟᱛᱮ ᱵᱟᱹᱲᱛᱤ ᱡᱚᱢᱟᱜ ᱨᱮᱜᱮ ᱢᱚᱥᱞᱟ ᱫᱚ ᱰᱷᱮᱨᱜᱮ ᱛᱟᱦᱮᱱᱟ ᱾,"ᱱᱚᱶᱟ ᱠᱚ ᱢᱩᱫᱽᱨᱮ ᱟᱹᱰᱤ ᱜᱟᱱ ᱢᱚᱥᱞᱟ ᱢᱮᱱᱟᱜᱼᱟ, ᱚᱱᱟᱛᱮ ᱡᱟᱹᱥᱛᱤ ᱜᱟᱱ ᱡᱚᱢᱟᱜ ᱨᱮ ᱢᱚᱥᱞᱟ ᱨᱮᱭᱟᱜ ᱯᱚᱨᱤᱢᱟᱱ ᱰᱷᱮᱨ ᱛᱟᱦᱮᱸᱱᱟ ᱾"
1334,क्या लिट्टी आपकी पसंदीदा डिश है?,ᱞᱤᱴᱴᱤ ᱫᱚ ᱟᱢᱟᱜ ᱡᱚᱛᱚᱠᱷᱚᱱ ᱠᱩᱥᱤᱭᱟᱜ ᱡᱚᱢᱟᱜ ᱠᱟᱱᱟ ?,ᱠᱤ ᱞᱴᱤ ᱫᱚ ᱟᱢᱟᱜ ᱥᱚᱨᱮᱥ ᱡᱚᱢᱟᱜ ᱠᱟᱱᱟ?
1335,लिट्टी मेरी पसंदीदा डिशों में से एक है।,ᱞᱤᱴᱴᱤ ᱫᱚ ᱤᱧᱟᱹᱜ ᱠᱩᱥᱤᱭᱟᱜ ᱡᱚᱢᱟᱜ ᱠᱟᱱᱟ ᱾,ᱞᱴᱤ ᱫᱚ ᱤᱧᱟᱹᱜ ᱥᱚᱨᱮᱥ ᱡᱚᱢᱟᱜ ᱠᱚ ᱢᱩᱫᱨᱮ ᱢᱤᱫᱴᱟᱝ ᱾
1336,मेरी पसंदीदा बिहारी डिश सत्तू का पराठा है।,ᱤᱧᱟᱹᱜ ᱠᱩᱥᱤᱭᱟᱜ ᱵᱤᱦᱟᱨᱤ ᱡᱚᱢᱟᱜ ᱫᱚ ᱦᱩᱭᱩᱜ ᱠᱟᱱᱟ ᱥᱟᱹᱛᱩ ᱨᱮᱭᱟᱜ ᱯᱚᱨᱚᱴᱟ ᱾,ᱤᱧᱟᱹᱜ ᱥᱚᱨᱮᱥ ᱵᱤᱦᱟᱹᱨᱤ ᱡᱚᱢᱟᱜ ᱫᱚ ᱦᱩᱭᱩᱜ ᱠᱟᱱᱟ ᱥᱟᱛᱩ ᱠᱟ ᱯᱚᱨᱚᱛᱟ ᱾
1337,वह इंडियन टैको जैसी दिखती है।,ᱱᱚᱶᱟᱫᱚ ᱵᱷᱟᱨᱚᱛ ᱨᱮᱭᱟᱜ ᱴᱮᱠᱳ ᱞᱮᱠᱟ ᱧᱮᱞᱚᱜᱼᱟ ᱾,ᱩᱱᱤ ᱫᱚ ᱵᱷᱟᱨᱚᱛ ᱨᱮᱱ ᱴᱮᱠᱳ ᱞᱮᱠᱟ ᱧᱮᱞᱚᱜᱼᱟ ᱾
1338,"मैंने उसके बारे में कभी नहीं सुना, क्या वह बहुत हेल्दी है?","ᱤᱧᱫᱚ ᱛᱤᱥᱦᱚᱸ ᱵᱟᱹᱧ ᱟᱸᱡᱚᱢ ᱟᱠᱟᱫᱟ, ᱢᱮᱱᱠᱷᱟᱱ ᱱᱚᱶᱟᱫᱚ ᱟᱹᱰᱤ ᱵᱷᱟᱜᱮ ᱜᱮᱭᱟ ᱾","ᱤᱧ ᱩᱱᱤ ᱤᱫᱤ ᱠᱟᱛᱮ ᱪᱮᱫᱦᱚᱸ ᱵᱟᱝ ᱵᱟᱰᱟᱭ ᱧᱟᱢ ᱟᱠᱟᱫᱟ, ᱩᱱᱤ ᱫᱚ ᱟᱹᱰᱤ ᱱᱟᱯᱟᱭ ᱠᱟᱱᱟ ᱥᱮ ᱵᱟᱝ?"
1339,अरे हाँ! वह बहुत हेल्दी डिश है।,"ᱳᱦ ᱦᱮᱸ, ᱱᱚᱶᱟᱫᱚ ᱟᱹᱰᱤ ᱥᱟᱶᱟᱨᱼᱟᱱ ᱡᱚᱢᱟᱜ ᱠᱟᱱᱟ ᱾",ᱮᱦᱚᱭ! ᱱᱚᱶᱟ ᱫᱚ ᱢᱤᱫᱴᱟᱝ ᱟᱹᱰᱤ ᱱᱟᱯᱟᱭ ᱡᱚᱢᱟᱜ ᱾
1340,इसे बेसन और दूसरे जड़ी-बूटी मसालों से बनाया जाता है।,ᱱᱚᱶᱟᱫᱚ ᱵᱷᱩᱴ ᱦᱚᱞᱚᱝ ᱟᱨ ᱮᱴᱟᱜ ᱨᱟᱱᱚᱜᱼᱟᱱ ᱟᱛᱮ ᱵᱮᱱᱟᱣ ᱦᱩᱭᱩᱜᱼᱟ ᱾,ᱱᱚᱶᱟ ᱫᱚ ᱵᱮᱥᱚᱱ ᱟᱨ ᱮᱴᱟᱜ ᱮᱴᱟᱜ ᱚᱛᱢᱚᱱ ᱨᱮᱭᱟᱜ ᱢᱚᱥᱞᱟ ᱛᱮ ᱵᱮᱱᱟᱣᱚᱜᱼᱟ ᱾
1341,"इसका स्वाद भी तीखा होता है, इसलिए मुझे यह बहुत पसंद है।","ᱱᱚᱶᱟ ᱨᱮᱭᱟᱜ ᱢᱤᱫ ᱡᱚᱡᱚ ᱥᱟᱫ ᱦᱚᱸ ᱢᱮᱱᱟᱜᱼᱟ, ᱚᱱᱟᱛᱮᱜᱮ ᱱᱚᱶᱟᱫᱚ ᱤᱧᱟᱹᱜ ᱠᱩᱥᱤᱭᱟᱜ ᱡᱚᱢᱟᱜ ᱠᱟᱱᱟ ᱾","ᱱᱚᱶᱟ ᱨᱮᱭᱟᱜ ᱥᱩᱪᱤ ᱦᱚᱸ ᱟᱹᱰᱤ ᱱᱟᱯᱟᱭ, ᱚᱱᱟᱛᱮ ᱤᱧ ᱱᱚᱶᱟ ᱫᱚ ᱟᱹᱰᱤ ᱱᱟᱯᱟᱭᱧ ᱧᱟᱢᱼᱟ ᱾"
1342,"आप बताइये, केरल के भोजन में आपकी पसंदीदा डिश कौन-सी है?","ᱟᱢᱟᱜ ᱫᱚ ᱪᱮᱫ, ᱠᱮᱨᱟᱞᱟ ᱨᱮᱭᱟᱜ ᱟᱢᱟᱜ ᱠᱩᱥᱤ ᱞᱮᱠᱟᱱ ᱡᱚᱢᱟᱜ ᱫᱚ ᱪᱮᱫ ᱠᱟᱱᱟ ?","ᱟᱢ ᱞᱟᱹᱭ ᱢᱮ, ᱠᱮᱨᱚᱞ ᱨᱮᱭᱟᱜ ᱡᱚᱢᱟᱜ ᱨᱮ ᱟᱢᱟᱜ ᱥᱚᱨᱮᱥ ᱡᱚᱢᱟᱜ ᱫᱚ ᱪᱮᱫ?"
1343,अप्पम और स्टू मुझे बहुत पसंद हैं।,ᱟᱯᱯᱟᱢ ᱟᱨ ᱥᱴᱩ ᱤᱧᱟᱹᱜ ᱠᱩᱥᱤᱭᱟᱜ ᱠᱟᱱᱟ ᱾,ᱤᱧ ᱮᱯᱯᱟᱢ ᱟᱨ ᱥᱴᱩ ᱟᱹᱰᱤ ᱤᱧᱟᱹᱜᱼᱟ ᱾
1344,यह खमीरी चावल के आटे से बनाया जाता है और यह ख़स्ता किनारों वाला पैनकेक है।,ᱱᱚᱶᱟᱫᱚ ᱟᱛᱟ ᱪᱟᱣᱞᱤ ᱜᱩᱸᱰᱟᱹᱛᱮ ᱵᱮᱱᱟᱣ ᱦᱩᱭᱩᱜᱼᱟ ᱟᱨ ᱱᱚᱶᱟᱫᱚ ᱠᱷᱟᱥᱛᱟ ᱯᱮᱱᱠᱮᱠ ᱞᱮᱠᱟᱱᱟᱜ ᱠᱟᱱᱟ ᱾,ᱱᱚᱶᱟ ᱫᱚ ᱠᱷᱟᱢᱟᱨᱤ ꯆꯦꯡ ᱨᱮᱭᱟᱜ ᱢᱮᱲᱤ ᱠᱷᱚᱱ ᱵᱮᱱᱟᱣ ᱦᱳᱭᱳᱜᱼᱟ ᱟᱨ ᱱᱚᱶᱟ ᱫᱚ ᱢᱤᱫᱴᱟᱝ ᱠᱷᱚᱨᱟᱼᱵᱩᱴᱟᱹ ᱯᱮᱱᱠᱮᱠ ᱾
1345,"ओह, ये सुनने में स्वादिष्ट लग रहा है।","ᱳᱦ, ᱟᱹᱰᱤ ᱥᱤᱵᱤᱞ ᱵᱩᱡᱷᱟᱹᱜ ᱠᱟᱱᱟ ᱾","ᱳᱦ, ᱱᱚᱶᱟ ᱫᱚ ᱥᱩᱪᱤ ᱞᱮᱠᱟᱛᱮ ᱱᱟᱯᱟᱭ ᱢᱚᱱᱮ ᱦᱩᱭᱩᱜ ᱠᱟᱱᱟ ᱾"
1346,हमें ऐसा अधिक बार करना चाहिए।,ᱱᱚᱶᱟ ᱟᱵᱚ ᱟᱨᱦᱚᱸ ᱜᱷᱟᱱᱮ ᱜᱷᱟᱱᱮ ᱠᱚᱨᱟᱣ ᱞᱟᱹᱠᱛᱤ ᱠᱟᱱᱟ ᱾,ᱤᱧᱟᱹᱜ ᱟᱨᱦᱚᱸ ᱰᱷᱮᱨ ᱱᱚᱶᱟ ᱠᱚᱨᱟᱣ ᱞᱟᱹᱠᱛᱤ ᱠᱟᱱᱟ ᱾
1347,"माफ़ कीजिये, क्या यहाँ ग्लूटन-फ़्री खाना मिलेगा?","ᱤᱠᱟᱹ ᱠᱟᱹᱧᱢᱮ, ᱱᱚᱸᱰᱮ ᱜᱞᱩᱴᱮᱱ ᱯᱷᱨᱤ ᱡᱚᱢᱟᱜ ᱧᱟᱢᱚᱜᱼᱟ ?","ᱤᱧᱟᱹᱜ ᱪᱮᱫ ᱮᱢᱚᱱ ᱢᱚᱱᱮ ᱦᱩᱭᱩᱜ ᱠᱟᱱᱟ ᱡᱮ, ᱟᱢ ᱪᱮᱫ ᱱᱚᱶᱟ ᱨᱮ ᱜᱚᱞᱩᱴᱚᱱᱼᱯᱷᱨᱤ ᱡᱚᱢᱟᱜ ᱧᱟᱢ ᱫᱟᱲᱮᱭᱟᱜᱼᱟ?"
1348,मैं डाइबिटिक हूँ और मेरी दोस्त को ग्लूटन से एलर्जी है।,ᱤᱧᱫᱚ ᱰᱟᱭᱟᱵᱮᱴᱤᱠ ᱜᱤᱭᱟᱹᱧ ᱟᱨ ᱤᱧᱨᱮᱱ ᱜᱟᱛᱮ ᱫᱚ ᱜᱞᱩᱴᱮᱱᱨᱮ ᱮᱞᱟᱨᱡᱤ ᱢᱮᱱᱟᱜ ᱛᱟᱭᱟ ᱾,ᱤᱧ ᱰᱟᱭᱵᱮᱴᱤᱥ ᱟᱨ ᱤᱧᱨᱮᱱ ᱜᱟᱛᱮ ᱫᱚ ᱜᱚᱞᱩᱴᱚᱱ ᱨᱮᱭᱟᱜ ᱮᱞᱟᱨᱡᱤ ᱢᱮᱱᱟᱜᱼᱟ ᱾
1349,"बिल्कुल, आप क्या लेना चाहेंगी?","ᱮᱠᱟᱞ ᱜᱮ, ᱟᱢᱟᱜ ᱪᱮᱫ ᱜᱚᱨᱚᱡᱽ ᱢᱮᱱᱟᱜ ᱛᱟᱢᱟ ?","ᱜᱚᱴᱟ ᱜᱮ, ᱟᱢ ᱪᱮᱫ ᱦᱟᱛᱟᱣ ᱠᱷᱚᱡ ᱠᱟᱱᱟ?"
1350,मैं सोच रही थी कि आप ही अपनी कुछ डिशेज़ बताएँ।,ᱤᱧ ᱟᱥᱚᱜ ᱠᱟᱱᱟᱹᱧ ᱡᱮ ᱟᱢ ᱟᱢᱟᱜ ᱡᱚᱢᱟᱜ ᱨᱮᱭᱟᱜ ᱠᱤᱪᱷᱤᱢ ᱞᱟᱹᱭ ᱫᱟᱲᱮᱭᱟᱜᱼᱟ ᱾,"ᱤᱧ ᱢᱚᱱᱮ ᱦᱩᱭᱩᱜ ᱠᱟᱱ ᱛᱟᱸᱦᱮ ᱡᱮ, ᱟᱢ ᱜᱮ ᱟᱢᱟᱜ ᱠᱤᱪᱷᱩ ᱰᱮᱥᱮᱥ ᱞᱟᱹᱭ ᱢᱮ ᱾"
1351,मैंने सुना है कि इस रेस्तराँ में बहुत हेल्दी खाना मिलता है।,ᱤᱧ ᱟᱸᱡᱚᱢ ᱟᱠᱟᱫᱟ ᱱᱤᱭᱟᱹ ᱡᱚᱢᱡᱤᱨᱟᱹᱣ ᱚᱲᱟᱜᱨᱮ ᱟᱹᱰᱤ ᱥᱟᱶᱟᱨᱼᱟᱱ ᱡᱚᱢᱟᱜ ᱢᱮᱱᱟᱜᱼᱟ ᱾,"ᱤᱧ ᱵᱟᱰᱟᱭ ᱧᱟᱢ ᱟᱠᱟᱫᱟ ᱡᱮ, ᱱᱚᱶᱟ ᱨᱮᱥᱴᱳᱨᱮᱱᱴ ᱨᱮ ᱟᱹᱰᱤ ᱱᱟᱯᱟᱭ ᱡᱚᱢᱟᱜ ᱧᱟᱢᱚᱜᱼᱟ ᱾"
1352,"जो कस्टमर ग्लूटन-फ़्री डाइट चाहते हैं, हम उन्हें चावल, कॉर्न, अलसी और बाजरा वगैरह दे सकते हैं।","ᱜᱞᱩᱴᱮᱱᱼᱯᱷᱨᱤ ᱡᱚᱢᱟᱜ ᱠᱚ ᱯᱟᱸᱡᱟᱭᱮᱫᱟ ᱚᱱᱠᱟᱱ ᱠᱤᱨᱤᱧᱩᱭᱟ ᱠᱚ ᱞᱟᱹᱜᱤᱫ, ᱟᱞᱮ ᱫᱟᱠᱟ,ᱡᱚᱸᱰᱨᱟ, ᱥᱚᱱ ᱤᱛᱟᱹ ᱟᱨ ᱵᱟᱡᱽᱲᱟ ᱨᱮᱭᱟᱜ ᱞᱮ ᱮᱢᱟ ᱠᱚᱣᱟ ᱾","ᱡᱟᱦᱟᱸᱭ ᱠᱤᱨᱤᱧᱤᱭᱟᱹ ᱠᱚ ᱜᱚᱞᱩᱴᱚᱱᱼᱯᱷᱨᱤ ᱰᱟᱭᱴ ᱠᱚ ᱠᱷᱚᱡᱟ, ᱩᱱᱠᱩ ᱫᱚ ᱟᱢ ꯆꯦꯡ, ᱠᱚᱨᱱ, ᱞᱟᱹᱞᱤᱥ ᱟᱨ ᱵᱟᱡᱨᱟ ᱮᱢᱟᱱ ᱠᱚ ᱮᱢ ᱫᱟᱲᱮᱭᱟᱜᱼᱟ ᱾"
1353,हमारे पास कई तरह की सलादें और स्मूदी भी हैं।,ᱟᱞᱮᱫᱚ ᱥᱟᱞᱟᱰ ᱟᱨ ᱱᱟᱯᱟᱭ ᱥᱤᱢᱟᱹ ᱢᱮᱱᱟᱜᱼᱟ ᱾,ᱤᱧᱟᱹᱜ ᱟᱭᱢᱟ ᱞᱮᱠᱟᱱ ᱥᱮᱞᱟᱰ ᱟᱨ ᱥᱢᱩᱰᱤ ᱢᱮᱱᱟᱜᱼᱟ ᱾
1354,हमारे पास डाइबिटिक-फ़्रेंडली मेन्यू भी है।,ᱟᱞᱮᱭᱟᱜᱫᱚ ᱰᱟᱭᱟᱵᱮᱴᱤᱪ ᱦᱚᱲ ᱠᱩᱥᱤᱭᱟᱜ ᱞᱮᱠᱟᱱ ᱢᱮᱱᱩᱦᱚᱸ ᱢᱮᱱᱟᱜᱼᱟ ᱾,ᱤᱧᱟᱹᱜ ᱢᱤᱫᱴᱟᱝ ᱰᱟᱭᱵᱮᱴᱤᱠᱼᱯᱷᱨᱮᱱᱰᱞᱤ ᱢᱮᱱᱩ ᱦᱚᱸ ᱢᱮᱱᱟᱜᱼᱟ ᱾
1355,मैं लोकल खानों के मेन्यू के बारे में सोच रही थी जो ग्लूटन-फ़्री हों।,ᱤᱧᱫᱚ ᱥᱩᱨ ᱠᱚᱨᱮ ᱢᱤᱫᱴᱟᱝ ᱡᱚᱢᱟᱜ ᱤᱧ ᱯᱟᱸᱡᱟᱭᱮᱫᱟ ᱡᱟᱦᱟᱸᱫᱚ ᱜᱞᱩᱴᱮᱱᱼᱯᱷᱨᱤ ᱜᱮᱭᱟ ᱾,ᱤᱧ ᱛᱷᱟᱭᱤ ᱡᱚᱢᱟᱜ ᱨᱮᱭᱟᱜ ᱢᱮᱱᱩ ᱤᱫᱤ ᱠᱟᱛᱮ ᱩᱭᱦᱟᱹᱨ ᱞᱮᱫᱟᱠᱚ ᱡᱟᱦᱟᱸ ᱫᱚ ᱜᱚᱞᱩᱴᱚᱱᱼᱯᱷᱨᱤ ᱦᱩᱭᱩᱜᱼᱟ ᱾
1356,मशरूम ब्राउन राइस या चिकन क्विनोआ बिरयानी जैसा कुछ।,ᱢᱟᱥᱨᱩᱢ ᱵᱨᱟᱣᱩᱱ ᱨᱟᱭᱤᱥ ᱥᱮ ᱪᱤᱠᱮᱱ ᱠᱩᱭᱱᱚᱣᱟ ᱵᱤᱨᱤᱭᱟᱱᱤ ᱞᱮᱠᱟᱱᱟᱜ ᱠᱤᱪᱷᱤ ᱾,ᱢᱚᱥᱩᱨᱩᱢ ᱵᱨᱟᱣᱩᱱ ᱨᱟᱭᱤᱥ ᱥᱮ ᱪᱤᱠᱮᱱ ᱠᱩᱭᱤᱱᱳᱭᱟ ᱵᱨᱤᱭᱟᱱᱤ ᱞᱮᱠᱟ ᱠᱤᱪᱷᱩ ᱾
1357,"हाँ, ये ऑप्शन यहाँ मिल जाएंगे।","ᱦᱮᱸ, ᱱᱚᱶᱟ ᱠᱚᱫᱚ ᱱᱚᱰᱮ ᱧᱟᱢᱚᱜᱼᱟ ᱾","ᱦᱩᱭᱩᱜ ᱠᱟᱱᱟ, ᱱᱚᱶᱟ ᱮᱴᱟᱜ ᱦᱚᱨᱟ ᱠᱚ ᱱᱚᱶᱟ ᱨᱮ ᱧᱟᱢᱚᱜᱼᱟ ᱾"
1358,हमारे पास कुछ ग्लूटन-फ़्री सूप भी हैं जिन्हें आप चाहें तो देख सकती हैं।,ᱟᱞᱮᱴᱷᱮᱱ ᱠᱤᱪᱷᱤ ᱜᱞᱩᱴᱮᱱᱼᱯᱷᱨᱤ ᱥᱩᱯ ᱡᱚᱢᱟᱜ ᱢᱮᱱᱟᱜᱼᱟ ᱡᱟᱦᱟᱸᱫᱚ ᱟᱢᱮᱢ ᱧᱮᱞ ᱫᱟᱲᱮᱭᱟᱜᱼᱟ ᱾,ᱟᱢ ᱴᱷᱮᱱ ᱠᱤᱪᱷᱩᱜᱟᱱ ᱜᱚᱞᱩᱴᱚᱱᱼᱯᱷᱨᱤ ᱥᱩᱯ ᱢᱮᱱᱟᱜᱼᱟ ᱡᱟᱦᱟᱸ ᱟᱢ ᱡᱩᱫᱤ ᱮᱢ ᱠᱷᱚᱡᱟ ᱮᱱᱠᱷᱟᱱ ᱧᱮᱞ ᱫᱟᱲᱮᱭᱟᱜᱼᱟ ᱾
1359,आप डाइबिटिक-फ़्रेंडली मेन्यू में से क्या लेना चाहेंगी?,ᱰᱟᱭᱟᱵᱮᱴᱤᱠ ᱨᱮᱭᱟᱜ ᱢᱮᱱᱩ ᱠᱷᱚᱱ ᱟᱢ ᱪᱮᱫ ᱮᱢ ᱠᱷᱚᱡᱽ ᱠᱟᱱᱟ ?,ᱰᱟᱭᱵᱮᱴᱤᱥᱼᱯᱷᱨᱮᱱᱰᱞᱤ ᱢᱮᱱᱩ ᱠᱷᱚᱱ ᱟᱢ ᱪᱮᱫ ᱮᱢ ᱦᱟᱛᱟᱣ ᱫᱟᱲᱮᱭᱟᱜᱼᱟ?
1360,मैं साबुदाने की खिचड़ी और वो मशरूम ब्राउन राइस लेना चाहूँगी जो मैंने पहले बताया था।,ᱤᱧᱫᱚ ᱥᱟᱹᱵᱩᱫᱟᱱᱟ ᱨᱮᱭᱟᱜ ᱠᱷᱤᱪᱩᱲᱤ ᱟᱨ ᱢᱟᱥᱨᱩᱢ ᱵᱨᱟᱣᱩᱱ ᱨᱟᱭᱤᱥ ᱤᱧ ᱦᱟᱛᱟᱣᱼᱟ ᱡᱟᱦᱟᱸᱫᱚ ᱤᱧ ᱞᱟᱦᱟᱨᱮᱧ ᱞᱟᱹᱭ ᱟᱠᱟᱫᱟ ᱾,ᱤᱧ ᱥᱟᱵᱩᱫᱟᱱ ᱨᱮᱭᱟᱜ ᱠᱷᱤᱥᱲᱤ ᱟᱨ ᱤᱧ ᱢᱟᱲᱟᱝ ᱨᱮ ᱞᱟᱹᱭ ᱟᱠᱟᱱ ᱢᱚᱥᱩᱨᱩᱢ ᱵᱨᱟᱣᱩᱱ ᱨᱟᱭᱤᱥ ᱦᱟᱛᱟᱣ ᱤᱧ ᱠᱷᱚᱡ ᱠᱟᱱᱟ ᱾
1361,आपके पास सूप कौन कौन-से हैं?,ᱥᱩᱯ ᱞᱟᱹᱜᱤᱫ ᱟᱢᱴᱷᱮᱱ ᱪᱮᱫ ᱠᱚ ᱢᱮᱱᱟᱜᱼᱟ ?,ᱟᱢ ᱴᱷᱮᱱ ᱪᱮᱫ ᱪᱮᱫ ᱥᱩᱯ ᱢᱮᱱᱟᱜᱼᱟ?
1362,हमारे पास ग्लूटन-फ़्री फ़्रेंच अनियन सूप है।,ᱟᱞᱮᱴᱷᱮᱱ ᱜᱞᱩᱴᱮᱱᱼᱯᱷᱨᱤ ᱯᱷᱨᱮᱧᱪ ᱚᱱᱤᱭᱚᱱ ᱥᱩᱯ ᱢᱮᱱᱟᱜᱼᱟ ᱾,ᱤᱧᱟᱹᱜ ᱢᱤᱫᱴᱟᱝ ᱜᱚᱞᱩᱴᱚᱱᱼᱯᱷᱨᱤ ᱯᱷᱚᱨᱮᱱ ᱟᱱᱤᱭᱚᱱ ᱥᱩᱯ ᱢᱮᱱᱟᱜᱼᱟ ᱾
1363,हम मटर दाल का स्वादिष्ट सूप भी बनाते हैं।,ᱟᱞᱮᱫᱚ ᱢᱤᱫ ᱥᱚᱲᱚᱢᱼᱟᱱ ᱠᱮᱪᱟᱜ ᱢᱚᱴᱚᱨ ᱢᱟᱹᱥᱨᱤ ᱥᱩᱯ ᱞᱮ ᱵᱮᱱᱟᱣᱼᱟ ᱾,ᱟᱢ ᱢᱩᱴᱤ ᱨᱮᱭᱟᱜ ᱫᱟᱞᱤ ᱨᱮᱭᱟᱜ ᱥᱩᱯ ᱦᱚᱸ ᱵᱮᱱᱟᱣᱼᱟ ᱾
1364,फिर हमारे पास फ़ो बो और वेस्ट अफ़्रीकन पीनट बटर सूप है।,ᱤᱱᱟᱹ ᱛᱟᱭᱚᱢ ᱟᱞᱮᱴᱷᱮᱱ ᱯᱷᱳ ᱵᱳ ᱟᱨ ᱢᱤᱫᱴᱟᱝ ᱯᱚᱪᱷᱤᱢ ᱟᱯᱷᱨᱤᱠᱟᱱ ᱯᱤᱱᱟ ᱵᱟᱴᱟᱨ ᱥᱩᱯ ᱢᱮᱱᱟᱜᱼᱟ ᱾,ᱚᱱᱟ ᱛᱟᱭᱚᱢ ᱤᱧᱟᱹᱜ ᱴᱷᱮᱱ ᱯᱷᱳ ᱵᱳ ᱟᱨ ᱳᱣᱮᱥᱴ ᱚᱯᱷᱨᱤᱠᱟ ᱯᱮᱱᱟᱴ ᱵᱟᱴᱟᱨ ᱥᱩᱯ ᱢᱮᱱᱟᱜᱼᱟ ᱾
1365,"फ़्रेंच अनियन सूप सुनने में अच्छा लग रहा है, तो हम वो दो लेंगे।",ᱯᱷᱨᱮᱧᱪ ᱯᱤᱭᱟᱸᱡᱽ ᱥᱩᱯᱫᱚ ᱵᱮᱥ ᱜᱮ ᱟᱸᱡᱚᱢᱚᱜ ᱠᱟᱱᱟ ᱚᱱᱟᱛᱮ ᱟᱞᱮᱴᱷᱮᱱ ᱱᱚᱶᱟᱠᱤᱱ ᱨᱮᱭᱟᱜ ᱵᱟᱱᱟᱨᱜᱮ ᱛᱟᱦᱮᱱᱟ ᱾,"ᱯᱷᱚᱨᱮᱱ ᱟᱱᱤᱭᱟᱱ ᱥᱩᱯ ᱫᱚ ᱟᱹᱰᱤ ᱱᱟᱯᱟᱭ ᱢᱚᱱᱮ ᱦᱩᱭᱩᱜ ᱠᱟᱱᱟ, ᱚᱱᱟᱛᱮ ᱟᱢ ᱚᱱᱟ ᱵᱟᱨᱭᱟ ᱦᱟᱛᱟᱣ ᱢᱮ ᱾"
1366,मैं आम तौर पर डेज़र्ट नहीं लेती क्योंकि ऐसे डेज़र्ट ढूँढना मुश्किल हैं जो डाइबिटिक फ़्रेंडली हो।,ᱤᱧᱫᱚ ᱥᱟᱫᱷᱟᱨᱚᱱᱚᱛᱚ ᱰᱮᱡᱟᱨᱴ ᱫᱚ ᱮᱲᱟᱣ ᱜᱤᱭᱟᱹᱧ ᱪᱮᱫᱟᱜ ᱥᱮ ᱰᱟᱭᱟᱵᱮᱴᱤᱠ ᱦᱮᱲᱮᱢ ᱡᱚᱢᱟᱜ ᱯᱟᱸᱡᱟ ᱧᱟᱢ ᱟᱡᱷᱟᱴ ᱜᱮᱭᱟ ᱾,ᱤᱧ ᱥᱟᱫᱷᱟᱨᱚᱱ ᱞᱮᱠᱟᱛᱮ ᱰᱮᱡᱟᱨᱴ ᱵᱟᱝ ᱦᱟᱛᱟᱣᱼᱟ ᱪᱮᱫᱟᱜ ᱥᱮ ᱰᱟᱭᱵᱮᱴᱤᱥ ᱜᱟᱛᱮ ᱰᱮᱡᱟᱨᱴ ᱧᱟᱢ ᱫᱚ ᱟᱹᱰᱤ ᱟᱱᱟᱴ ᱠᱟᱱᱟ ᱾
1367,"ओह, आप चिंता न करें, हमारे पास कई तरह के डाइबिटिक-फ़्रेंडली डेज़र्ट भी हैं।","ᱳᱦ, ᱟᱞᱚᱢ ᱩᱭᱦᱟᱹᱨᱟ, ᱟᱞᱮᱴᱷᱮᱱ ᱰᱟᱭᱟᱵᱮᱴᱤᱠᱼᱦᱚᱲ ᱡᱚᱢᱟᱜ ᱞᱮᱠᱟᱱ ᱦᱮᱲᱮᱢ ᱡᱚᱢᱟᱜ ᱦᱚᱸ ᱢᱮᱱᱟᱜᱼᱟ ᱾","ᱳᱦ, ᱟᱢ ᱪᱮᱫᱦᱚᱸ ᱩᱭᱦᱟᱹᱨ ᱵᱟᱝ ᱢᱮ, ᱟᱢ ᱴᱷᱮᱱ ᱟᱭᱢᱟ ᱞᱮᱠᱟᱱ ᱰᱟᱭᱵᱮᱴᱤᱠᱼᱯᱷᱨᱮᱱᱰᱤᱞᱤ ᱰᱮᱡᱟᱨᱴ ᱢᱮᱱᱟᱜᱼᱟ ᱾"
1368,आप लो-कार्ब पीनट बटर कुकीज़ या चॉकलेट कीटो फ़ैट बॉम्ब ट्राई कर सकती हैं।,ᱟᱢ ᱞᱳᱼᱠᱟᱨᱵ ᱯᱤᱱᱟᱴ ᱵᱟᱴᱟᱨ ᱠᱩᱠᱤᱡᱽ ᱥᱮ ᱪᱚᱠᱞᱮᱴ ᱠᱮᱴᱳ ᱯᱷᱮᱴ ᱵᱳᱢᱼᱮᱢ ᱵᱮᱣᱦᱟᱨ ᱫᱟᱲᱮᱭᱟᱜᱼᱟ ᱾,ᱟᱢ ᱠᱚᱢ ᱠᱟᱨᱵ ᱨᱮᱭᱟᱜ ᱯᱮᱱᱟᱴ ᱵᱟᱴᱟᱨ ᱠᱩᱠᱤ ᱥᱮ ᱪᱚᱠᱞᱮᱴ ᱠᱤᱴᱳ ᱯᱷᱮᱴ ᱵᱳᱢ ᱵᱤᱰᱟᱹᱣ ᱫᱟᱲᱮᱭᱟᱜᱼᱟᱢ ᱾
1369,हम बहुत अच्छा प्रोटीन चीज़केक भी बनाते हैं।,ᱟᱞᱮᱫᱚ ᱵᱷᱟᱜᱮ ᱯᱨᱳᱴᱤᱱ ᱪᱤᱡᱽᱠᱮᱠ ᱦᱚᱸᱞᱮ ᱵᱮᱱᱟᱣᱼᱟ ᱾,ᱟᱢ ᱟᱹᱰᱤ ᱱᱟᱯᱟᱭ ᱯᱨᱳᱴᱤᱱ ᱪᱤᱡᱽᱠᱮᱠ ᱦᱚᱸ ᱵᱮᱱᱟᱣᱼᱟ ᱾
1370,मैंने डाइबिटीज़ के चलते बहुत समय से चीज़केक नहीं खाया।,ᱤᱧᱫᱚ ᱰᱟᱭᱟᱵᱮᱴᱤᱠ ᱠᱷᱟᱹᱛᱤᱨᱛᱮ ᱩᱱᱟᱹᱜᱫᱤᱱ ᱪᱤᱡᱽᱠᱮᱠᱮ ᱵᱟᱹᱧ ᱡᱚᱢ ᱟᱠᱟᱫᱟ ᱿,ᱰᱟᱭᱵᱮᱴᱤᱥ ᱚᱡᱮᱛᱮ ᱤᱧ ᱟᱭᱢᱟ ᱫᱤᱱ ᱠᱷᱚᱱ ᱪᱤᱡᱽᱠᱮᱠ ᱵᱟᱝ ᱠᱚ ᱦᱟᱛᱟᱣ ᱟᱠᱟᱫᱟ ᱾
1371,मैं प्रोटीन चीज़केक लूँगी और इनके लिए लो-कार्ब पीनट बटर कुकी।,ᱤᱧ ᱴᱷᱮᱱ ᱩᱱᱤ ᱞᱟᱹᱜᱤᱫ ᱯᱨᱳᱴᱤᱱ ᱪᱤᱡᱽᱠᱮᱠᱮ ᱟᱨ ᱢᱤᱫᱴᱟᱝ ᱠᱚᱢᱼᱠᱟᱨᱵ ᱯᱤᱱᱟᱴ ᱵᱟᱴᱟᱨ ᱠᱩᱠᱤ ᱛᱟᱦᱮᱱᱟ ᱾,ᱤᱧ ᱯᱨᱳᱴᱤᱱ ᱪᱤᱡᱽᱠᱮᱠ ᱟᱨ ᱱᱚᱶᱟ ᱠᱚ ᱞᱟᱹᱜᱤᱫ ᱠᱚᱢ ᱠᱟᱨᱵ ᱨᱮᱭᱟᱜ ᱯᱮᱱᱟᱴ ᱵᱟᱴᱟᱨ ᱠᱩᱠᱤ ᱦᱟᱛᱟᱣᱼᱟ ᱾
1372,यह रेस्तराँ गज़ब का है।,ᱱᱚᱶᱟ ᱡᱚᱢ ᱡᱤᱨᱟᱹᱣ ᱚᱲᱟᱜᱫᱚ ᱟᱹᱰᱤ ᱦᱟᱦᱟᱲᱟ ᱜᱮᱭᱟ ᱾,ᱱᱚᱶᱟ ᱨᱮᱥᱴᱳᱨᱮᱱᱴ ᱫᱚ ᱟᱹᱰᱤ ᱱᱟᱯᱟᱭ ᱠᱟᱱᱟ ᱾
1373,तारीफ़ करने के लिए धन्यवाद।,ᱥᱟᱨᱦᱟᱣ ᱞᱟᱹᱜᱤᱫᱛᱮ ᱟᱭᱢᱟ ᱥᱟᱨᱦᱟᱣ ᱾,ᱥᱟᱨᱦᱟᱶ ᱞᱟᱹᱜᱤᱫ ᱛᱮ ᱟᱢ ᱫᱚ ᱥᱟᱨᱦᱟᱰᱚᱜ ᱠᱟᱱᱟ ᱾
1374,मुझे उम्मीद है कि आप थोड़ा समय निकाल कर गूगल पर हमें रिव्यू दे देंगी।,ᱤᱧ ᱟᱥᱚᱜ ᱠᱟᱹᱱᱟᱹᱧ ᱟᱢ ᱜᱩᱜᱚᱞ ᱨᱮ ᱟᱞᱮ ᱨᱤᱵᱷᱤᱣᱩ ᱮᱢᱚᱜ ᱨᱮ ᱚᱠᱛᱚᱢ ᱦᱟᱛᱟᱣᱼᱟ ᱾,"ᱤᱧ ᱟᱭᱩᱢᱟᱹᱱ ᱮᱫᱟ ᱡᱮ, ᱟᱢ ᱠᱤᱪᱷᱩ ᱚᱠᱛᱚ ᱦᱟᱛᱟᱣ ᱢᱮ ᱟᱨ ꯒꯨᱜᱚᱞ ᱨᱮ ᱟᱢ ᱢᱤᱫᱴᱟᱝ ᱨᱤᱵᱷᱤᱭᱩ ᱮᱢ ᱢᱮ ᱾"
1375,"अगर आपको कुछ और चाहिए हो, तो प्लीज़ मुझे बताइएगा।",ᱫᱟᱭᱟ ᱠᱟᱛᱮᱜ ᱵᱟᱰᱟᱭ ᱚᱪᱚᱧ ᱢᱮ ᱡᱩᱫᱤ ᱡᱟᱦᱟᱱᱟᱜ ᱮᱢ ᱠᱷᱚᱡᱽ ᱠᱷᱟᱱ ᱾,"ᱟᱢ ᱡᱩᱫᱤ ᱟᱨᱦᱚᱸ ᱠᱤᱪᱷᱩ ᱠᱷᱚᱡᱟ, ᱮᱱᱠᱷᱟᱱ ᱫᱟᱭᱟ ᱠᱟᱛᱮ ᱤᱧ ᱞᱟᱹᱭ ᱢᱮ ᱾"
1376,पक्का मैं अच्छा रिव्यू दूँगी।,ᱤᱧ ᱢᱤᱫᱴᱟᱝ ᱴᱷᱟᱹᱣᱠᱟᱹᱟᱱ ᱱᱟᱯᱟᱭ ᱨᱤᱵᱷᱤᱣᱩ ᱤᱧ ᱮᱢᱚᱜ ᱟ ᱾,ᱜᱚᱴᱟ ᱜᱮ ᱤᱧ ᱢᱤᱫᱴᱟᱝ ᱱᱟᱯᱟᱭ ᱵᱤᱪᱷᱚᱱᱟᱧ ᱮᱢ ᱤᱧᱢᱮ ᱾
1377,"क्या मैं अंदर आ सकता हूँ, सर?","ᱤᱧ ᱵᱷᱤᱛᱤᱨ ᱨᱮᱧ ᱦᱮᱡᱽ ᱫᱟᱲᱮᱭᱟᱜᱼᱟ, ᱥᱮᱨ ?","ᱤᱧ ᱠᱤ ᱦᱮᱡ ᱫᱟᱲᱮᱭᱟᱜᱼᱟᱢ, ᱥᱟᱨ?"
1378,"हाँ, प्लीज़ बैठिए।","ᱦᱮᱸ, ᱫᱩᱲᱩᱵ ᱢᱮ ᱾","ᱦᱩᱭᱩᱜ ᱠᱟᱱᱟ, ᱫᱟᱭᱟ ᱠᱟᱛᱮ ᱥᱮᱱ ᱢᱮ ᱾"
1379,मैं आपके लिए क्या कर सकता हूँ?,ᱟᱢ ᱞᱟᱹᱜᱤᱫ ᱪᱮᱫ ᱤᱧ ᱪᱤᱠᱟᱹ ᱫᱟᱲᱮᱭᱟᱜᱼᱟ ?,ᱤᱧ ᱟᱢ ᱞᱟᱹᱜᱤᱫ ᱪᱮᱫ ᱮᱢ ᱠᱚᱨᱟᱣ ᱫᱟᱲᱮᱭᱟᱜᱼᱟ?
1380,मेरा नाम आनंद यादव है।,ᱤᱧᱟᱹᱜ ᱧᱩᱛᱩᱢ ᱫᱚ ᱟᱱᱚᱱᱫ ᱡᱟᱫᱚᱵ,ᱤᱧᱟᱹᱜ ᱧᱩᱛᱩᱢ ᱟᱱᱚᱱᱫᱚ ᱡᱟᱫᱚᱵ ᱾
1381,मुझे अपने बचत खाते में से कुछ पैसे निकालने हैं।,ᱤᱧᱫᱚ ᱤᱧᱟᱹᱜ ᱥᱮᱵᱷᱤᱝᱥ ᱮᱠᱟᱣᱩᱱᱴᱥ ᱠᱷᱚᱱ ᱠᱤᱪᱷᱤ ᱴᱟᱠᱟᱧ ᱦᱟᱛᱟᱣᱼᱟ ᱾,ᱤᱧ ᱤᱧᱟᱜ ᱥᱟᱧᱪᱟᱣ ᱮᱠᱟᱣᱩᱱᱴ ᱠᱷᱚᱱ ᱠᱤᱪᱷᱩᱜᱟᱱ ᱠᱟᱹᱣᱰᱤ ᱦᱟᱛᱟᱣ ᱦᱩᱭᱩᱜ ᱠᱟᱱᱟ ᱾
1382,मैं नहीं जानता कि पैसे निकालने का क्या तरीका है।,ᱤᱧᱫᱚ ᱴᱟᱠᱟ ᱳᱰᱳᱠ ᱦᱚᱨᱟ ᱪᱮᱫ ᱞᱮᱠᱟᱱᱟ ᱵᱟᱹᱧ ᱵᱟᱰᱟᱭᱟ ᱾,ᱤᱧ ᱵᱟᱝ ᱵᱟᱰᱟᱭ ᱠᱟᱱᱟ ᱪᱮᱫ ᱞᱮᱠᱟᱛᱮ ᱠᱟᱹᱣᱰᱤ ᱦᱟᱛᱟᱣ ᱦᱩᱭᱩᱜᱼᱟ ᱾
1383,क्या आप मेरी मदद कर सकते हैं?,ᱟᱢ ᱪᱮᱫ ᱤᱧᱮᱢ ᱜᱚᱲᱚ ᱟᱹᱧᱟᱹ ?,ᱟᱢ ᱠᱤ ᱤᱧ ᱜᱚᱲᱚ ᱮᱢ ᱫᱟᱲᱮᱭᱟᱜᱼᱟ?
1384,"हाँ बिल्कुल, सर।","ᱮᱠᱟᱞ ᱜᱮ, ᱥᱮᱨ ᱾","ᱦᱩᱭᱩᱜ ᱠᱟᱱᱟ, ᱥᱟᱨ ᱾"
1385,"सबसे पहले, आपको विड्रॉल फ़ॉर्म पूरा करना होगा।",ᱯᱳᱭᱞᱳᱨᱮ ᱟᱢ ᱴᱟᱠᱟ ᱛᱩᱞᱟᱹᱣ ᱨᱮᱭᱟᱜ ᱯᱷᱚᱨᱢ ᱯᱮᱨᱮᱡᱽ ᱦᱩᱭᱩᱜ ᱛᱟᱢᱟ ᱾,"ᱯᱳᱭᱞᱳ ᱨᱮ, ᱟᱢ ᱢᱤᱫᱴᱟᱝ ᱩᱭᱰᱨᱟᱞ ᱯᱷᱚᱨᱢ ᱢᱩᱪᱟᱹᱫ ᱦᱩᱭᱩᱜ ᱛᱟᱢᱟ ᱾"
1386,"कृपया नीचे दिए गए खानों में अपना अकाउंट नंबर, नाम, मोबाइल नंबर और पता लिखें।","ᱫᱟᱭᱟ ᱠᱟᱛᱮᱜ ᱞᱟᱛᱟᱨ ᱨᱮ ᱟᱢᱟᱜ ᱮᱠᱟᱣᱩᱱᱴ ᱱᱚᱢᱵᱚᱨ, ᱧᱩᱛᱩᱢ, ᱢᱳᱵᱟᱭᱤᱞ ᱱᱚᱢᱵᱚᱨ, ᱟᱨ ᱴᱷᱤᱠᱟᱹᱱᱟ ᱚᱞᱢᱮ ᱾","ᱫᱟᱭᱟ ᱠᱟᱛᱮ ᱞᱟᱛᱟᱨ ᱨᱮ ᱚᱞ ᱟᱠᱟᱱ ᱠᱷᱟᱱᱟ ᱨᱮ ᱟᱢᱟᱜ ᱮᱠᱟᱣᱩᱱᱴ ᱱᱟᱢᱵᱟᱨ, ᱧᱩᱛᱩᱢ, ᱢᱳᱵᱟᱭᱤᱞ ᱱᱟᱢᱵᱟᱨ ᱟᱨ ᱮᱰᱨᱮᱥ ᱚᱞ ᱢᱮ ᱾"
1387,ठीक है. क्या मुझे यहाँ साइन करना है?,"ᱴᱷᱤᱠ ᱜᱮᱭᱟ, ᱤᱧᱫᱚ ᱪᱮᱫ ᱱᱚᱸᱰᱮᱧ ᱥᱩᱦᱤᱭᱟ ?",ᱤᱧ ᱪᱮᱫ ᱱᱚᱶᱟ ᱨᱮ ᱥᱟᱭᱤᱱ ᱠᱚᱨᱟᱣ ᱦᱩᱭᱩᱜ ᱠᱟᱱᱟ?
1388,बिल्कुल। प्लीज़ साइन करें।,"ᱮᱠᱟᱞ ᱜᱮ, ᱚᱱᱟᱠᱜᱮ ᱠᱚᱨᱟᱣ ᱢᱮ ᱾",ᱜᱚᱴᱟ ᱜᱮ ᱾ ᱫᱟᱭᱟ ᱠᱟᱛᱮ ᱥᱟᱭᱤᱱ ᱢᱮ ᱾
1389,आप कितने पैसे निकालना चाहते हैं?,ᱟᱢ ᱛᱤᱱᱟᱹᱜ ᱜᱟᱱ ᱴᱟᱠᱟ ᱛᱩᱞᱟᱹᱣᱮᱢ ᱠᱷᱚᱡᱽ ᱠᱟᱱᱟ ?,ᱟᱢ ᱛᱤᱱᱟᱹᱜ ᱠᱟᱹᱣᱰᱤ ᱦᱟᱛᱟᱣ ᱠᱷᱚᱡ ᱠᱟᱱᱟ?
1390,"मुझे 100,000 रुपये निकालने हैं।","ᱤᱧᱫᱚ ᱑᱐᱐,᱐᱐᱐/- ᱴᱟᱠᱟ ᱛᱩᱞᱟᱹᱣ ᱞᱟᱹᱠᱛᱤᱭᱟᱹᱧᱟ ᱾","ᱤᱧ 1,00,000 ᱴᱟᱠᱟ ᱦᱟᱛᱟᱣ ᱦᱩᱭᱩᱜ ᱠᱟᱱᱟ ᱾"
1391,"कृपया फ़ॉर्म में ये राशि शब्दों और अंकों में लिखें, सर।","ᱥᱮᱨ, ᱫᱟᱭᱟ ᱠᱟᱛᱮᱜ ᱟᱹᱲᱟᱹ ᱟᱨ ᱮᱞ ᱨᱮᱭᱟᱜ ᱞᱮᱠᱷᱟ ᱥᱟᱶᱛᱮ ᱯᱷᱚᱨᱢ ᱯᱮᱨᱮᱡᱽ ᱢᱮ ᱾","ᱫᱟᱭᱟ ᱠᱟᱛᱮ ᱯᱷᱚᱨᱢ ᱨᱮ ᱱᱚᱶᱟ ᱯᱚᱨᱤᱢᱟᱱ ᱫᱚ ᱥᱟᱵᱟᱫ ᱟᱨ ᱮᱞ ᱨᱮ ᱚᱞ ᱢᱮ, ᱥᱟᱨ ᱾"
1392,और विड्रॉल फ़ॉर्म में नीचे अपना नाम साइन करना न भूलें।,ᱴᱟᱠᱟ ᱛᱩᱞᱟᱹᱣ ᱯᱷᱚᱨᱢ ᱪᱮᱛᱟᱱ ᱨᱮ ᱟᱢᱟᱜ ᱧᱩᱛᱩᱢ ᱥᱩᱦᱤ ᱟᱞᱚᱢ ᱦᱤᱲᱤᱧᱟ ᱾,ᱟᱨ ᱩᱭᱰᱨᱟᱞ ᱯᱷᱚᱨᱢ ᱨᱮ ᱞᱟᱛᱟᱨ ᱨᱮ ᱟᱢᱟᱜ ᱧᱩᱛᱩᱢ ᱥᱟᱭᱤᱱ ᱠᱚᱨᱟᱣ ᱵᱟᱝ ᱩᱭᱦᱟᱹᱨ ᱢᱮ ᱾
1393,"ठीक है, मैं याद रखूँगा।","ᱴᱷᱤᱠ ᱜᱮᱭᱟ, ᱱᱚᱶᱟ ᱫᱚᱧ ᱫᱤᱥᱟᱹ ᱠᱟᱹᱜ ᱼᱟᱹ ᱾","ᱤᱧ ᱢᱚᱱᱮ ᱦᱩᱭᱩᱜ ᱠᱟᱱᱟ, ᱤᱧ ᱢᱚᱱᱮ ᱦᱩᱭᱩᱜ ᱠᱟᱱᱟ ᱾"
1394,इनमें से विड्रॉल काउंटर कौन-सा है?,ᱚᱠᱟᱴᱟᱜ ᱫᱚ ᱴᱟᱠᱟ ᱛᱩᱞᱟᱹᱣ ᱨᱮᱭᱟᱜ ᱠᱟᱣᱩᱱᱴᱟᱨ ᱠᱟᱱᱟ ?,ᱱᱚᱶᱟ ᱠᱚ ᱢᱩᱫᱽᱨᱮ ᱪᱮᱫ ᱫᱚ ᱦᱩᱭᱩᱜ ᱠᱟᱱᱟ ᱩᱭᱰᱨᱟᱞ ᱠᱟᱣᱩᱱᱴᱟᱨ?
1395,"सर, कृपया काउंटर नं. 2 पर जाएँ।","ᱥᱮᱨ, ᱫᱟᱭᱟ ᱠᱟᱛᱮᱜ ᱒ ᱱᱚᱢᱵᱚᱨ ᱠᱟᱣᱩᱱᱴᱟᱮ ᱨᱮ ᱪᱟᱞᱟᱜ ᱢᱮ ᱾","ᱥᱟᱨ, ᱫᱟᱭᱟ ᱠᱟᱛᱮ ᱠᱟᱣᱩᱱᱴᱟᱨ ᱱᱟᱢᱵᱟᱨ 2 ᱨᱮ ᱥᱮᱱ ᱢᱮ ᱾"
1396,"काउंटर पर का कर्मचारी, ग्राहक के खाते नंबर और नाम की पुष्टि करेगा।",ᱠᱟᱣᱩᱱᱴᱟᱨ ᱨᱮᱱ ᱠᱟᱹᱢᱤᱭᱤᱡ ᱦᱟᱛᱟᱣᱤᱡᱼᱟᱜ ᱮᱠᱟᱣᱩᱱᱴ ᱱᱚᱢᱵᱚᱨ ᱟᱨ ᱧᱩᱛᱩᱢᱮ ᱴᱷᱟᱹᱣᱠᱟᱹᱭᱟ ᱾,ᱠᱟᱣᱩᱱᱴᱟᱨ ᱨᱮᱱ ᱠᱟᱹᱢᱤᱭᱟᱹ ᱠᱚ ᱠᱤᱨᱤᱧᱤᱭᱟᱹ ᱠᱚᱣᱟᱜ ᱮᱠᱟᱣᱩᱱᱴ ᱱᱟᱢᱵᱟᱨ ᱟᱨ ᱧᱩᱛᱩᱢ ᱠᱚ ᱥᱟᱹᱵᱩᱫᱼᱟ ᱾
1397,और आपको पैसा मिल जाएगा।,ᱟᱨ ᱟᱢ ᱴᱟᱠᱟᱢ ᱧᱟᱢᱟ ᱾,ᱟᱨ ᱟᱢ ᱠᱟᱹᱣᱰᱤᱢ ᱧᱟᱢᱼᱟ ᱾
1398,धन्यवाद!,ᱥᱟᱨᱦᱟᱣ ᱜᱮ !,ᱥᱟᱨᱦᱟᱶ ᱮᱢ ᱢᱮ ᱾
1399,मैं आपके लिए और क्या कर सकता हूँ?,ᱟᱢ ᱞᱟᱹᱜᱤᱫ ᱟᱨ ᱡᱟᱦᱟᱱᱟᱜ ᱤᱧ ᱪᱤᱠᱟᱹ ᱫᱟᱲᱮᱭᱟᱜᱼᱟ ?,ᱤᱧ ᱟᱢ ᱞᱟᱹᱜᱤᱫ ᱟᱨᱦᱚᱸ ᱪᱮᱫ ᱠᱚᱨᱟᱣ ᱫᱟᱲᱮᱭᱟᱜᱼᱟ?
1400,मुझे एक और मदद चाहिए?,ᱤᱧ ᱟᱨ ᱢᱤᱫᱴᱟᱝ ᱜᱚᱲᱚᱧ ᱠᱷᱚᱡᱽ ᱠᱟᱱᱟ ᱾,ᱤᱧ ᱟᱨ ᱢᱤᱫᱴᱟᱝ ᱜᱚᱲᱚ ᱞᱟᱹᱠᱛᱤ ᱠᱟᱱᱟ?
1401,मैं पैसा निकालने के बाद खाते में बची रकम कैसे जान सकता हूं?,ᱴᱟᱠᱟ ᱛᱩᱞᱟᱹᱣ ᱛᱟᱭᱚᱢ ᱤᱧ ᱪᱮᱫ ᱞᱮᱠᱟᱛᱮ ᱮᱠᱟᱣᱩᱱᱴ ᱵᱮᱞᱮᱱᱥ ᱤᱧ ᱵᱟᱰᱟᱭ ᱫᱟᱲᱮᱭᱟᱜᱼᱟ ?,"ᱤᱧ ᱪᱮᱫ ᱞᱮᱠᱟᱛᱮ ᱵᱟᱰᱟᱭᱧᱟᱢᱚᱜᱼᱟ ᱡᱮ, ᱤᱧ ᱠᱟᱹᱣᱰᱤ ᱦᱟᱛᱟᱣ ᱛᱟᱭᱚᱢ ᱮᱠᱟᱣᱩᱱᱴ ᱨᱮ ᱪᱮᱫ ᱪᱮᱫ ᱠᱟᱹᱣᱰᱤ ᱢᱮᱱᱟᱜᱼᱟ?"
1402,"सर, प्लीज़ काउंटर स्टाफ़ से पासबुक में बची रकम डालने के लिए कहें।","ᱥᱮᱨ, ᱫᱟᱭᱟ ᱠᱟᱛᱮᱜ ᱠᱟᱣᱩᱱᱴᱟᱨ ᱠᱟᱹᱢᱤᱭᱟᱹᱠᱚ ᱯᱟᱥᱵᱳᱭᱨᱮ ᱵᱮᱞᱮᱱᱥ ᱚᱞ ᱟᱪᱚ ᱠᱚᱢ ᱾","ᱥᱟᱨ, ᱫᱟᱭᱟ ᱠᱟᱛᱮ ᱠᱟᱣᱩᱱᱴᱟᱨ ᱠᱟᱹᱢᱤᱭᱟᱹ ᱠᱚ ᱯᱟᱥᱵᱩᱠ ᱨᱮ ᱵᱟᱠᱤ ᱯᱚᱨᱤᱢᱟᱱ ᱥᱮᱞᱮᱫ ᱞᱟᱹᱜᱤᱫ ᱮ ᱢᱮᱱ ᱢᱮ ᱾"
1403,ठीक है! बहुत-बहुत धन्यवाद।,ᱴᱷᱤᱠ ᱜᱮᱭᱟ ! ᱟᱭᱢᱟ ᱥᱟᱨᱦᱟᱣ ᱾,ᱱᱟᱯᱟᱭ! ᱟᱹᱰᱤ ᱜᱟᱱ ᱥᱟᱨᱦᱟᱰ ᱾
1404,वेलकम सर!,ᱥᱟᱹᱜᱩᱱ ᱫᱟᱨᱟᱢ ᱥᱮᱨ !,ᱳᱞᱮᱠᱟᱢ ᱥᱟᱨ!
1405,ख़ास कस्टमर होने के लिए धन्यवाद।,ᱫᱟᱢᱟᱱ ᱜᱟᱦᱟᱠ ᱦᱩᱭᱩᱜ ᱞᱟᱹᱜᱤᱫᱛᱮ ᱟᱭᱢᱟ ᱥᱟᱨᱦᱟᱣ ᱾,ᱟᱹᱰᱤ ᱱᱟᱯᱟᱭ ᱠᱤᱨᱤᱧᱤᱭᱟᱹ ᱦᱩᱭᱩᱜ ᱞᱟᱹᱜᱤᱫ ᱛᱮ ᱟᱢ ᱫᱚ ᱥᱟᱨᱦᱟᱰᱚᱜ ᱠᱟᱱᱟ ᱾
1406,फिर आइयेगा।,ᱟᱨᱦᱚᱸ ᱦᱤᱡᱩᱜ ᱢᱮ ᱾,ᱚᱱᱟ ᱛᱟᱭᱚᱢ ᱦᱮᱡᱚᱜᱼᱟ ᱾
1407,क्या आपको स्पोर्ट्स पर बनी फ़िल्में पसंद हैं?,ᱟᱢ ᱠᱷᱮᱞᱚᱸᱰ ᱯᱷᱤᱞᱤᱢᱨᱮ ᱢᱤᱱᱟᱢᱟ ?,ᱟᱢ ᱠᱤ ᱥᱯᱳᱨᱴᱥ ᱪᱮᱛᱟᱱ ᱨᱮ ᱪᱚᱞᱚᱛ ᱪᱤᱛᱟᱹᱨ ᱠᱚ ᱱᱟᱯᱟᱭᱧᱟᱢᱼᱟ?
1408,ऐसी वाली जिनमें वे असली खिलाड़ियों की कहानी बताते हैं?,ᱟᱢᱮᱢ ᱵᱟᱰᱟᱭᱟ ᱩᱱᱠᱩᱫᱚ ᱥᱟᱹᱨᱤᱱ ᱠᱷᱮᱞ ᱠᱷᱮᱞᱚᱸᱰᱤᱭᱟᱹ ᱠᱚᱣᱟᱜ ᱠᱟᱹᱦᱤᱱᱤᱠᱚ ᱞᱟᱹᱭᱟ ᱾,ᱡᱟᱦᱟᱸ ᱵᱷᱚᱞᱤ ᱨᱮ ᱩᱱᱠᱩ ᱫᱚ ᱢᱩᱲᱩᱫ ᱠᱷᱮᱞᱳᱰᱤᱭᱟᱹ ᱠᱚᱣᱟᱜ ᱠᱟᱛᱷᱟ ᱠᱚ ᱞᱟᱹᱭᱼᱟ?
1409,उससे कितनी प्रेरणा मिलती है।,ᱱᱚᱶᱟᱫᱚ ᱟᱹᱰᱤ ᱩᱫᱜᱟᱹᱣ ᱟᱱᱟᱜ ᱠᱟᱱᱟ ᱾,ᱱᱚᱶᱟ ᱫᱚ ᱪᱮᱫ ᱯᱚᱨᱟᱢᱚᱥ ᱮ ᱮᱢ ᱞᱮᱫᱟ ᱾
1410,"मैंने मैरी कॉम देखी, उसके बाद से मुझे ये फ़िल्में पसंद आने लगी।",ᱤᱧ ᱢᱮᱨᱤ ᱠᱚᱢ ᱧᱮᱞ ᱛᱟᱭᱚᱢ ᱩᱱᱠᱩ ᱠᱩᱥᱤᱧ ᱮᱛᱚᱦᱚᱵ ᱟᱠᱟᱫᱟ ᱾,"ᱤᱧ ᱢᱮᱨᱤ ᱠᱳᱢ ᱧᱮᱞ ᱞᱮᱫᱟᱠᱚ, ᱚᱱᱟ ᱛᱟᱭᱚᱢ ᱠᱷᱚᱱ ᱤᱧ ᱱᱚᱣᱟ ᱪᱚᱞᱚᱛ ᱪᱤᱛᱟᱹᱨ ᱠᱚ ᱤᱧᱟᱹᱜ ᱟᱠᱷᱟᱲᱟ ᱦᱩᱭᱩᱜ ᱮᱦᱚᱵ ᱞᱮᱫᱟ ᱾"
1411,मुझे उसे देखकर बहुत अच्छा लगा।,ᱚᱱᱟ ᱧᱮᱞ ᱛᱟᱭᱚᱢ ᱟᱹᱰᱤ ᱢᱚᱡᱽ ᱵᱩᱡᱷᱟᱹᱜ ᱠᱟᱱᱟ ᱾,ᱩᱱᱤ ᱧᱮᱞ ᱠᱟᱛᱮ ᱤᱧ ᱟᱹᱰᱤ ᱱᱟᱯᱟᱭ ᱢᱚᱱᱮ ᱦᱩᱭᱩᱜ ᱠᱟᱱᱟ ᱾
1412,हाँ ऐसी फ़िल्में मुझे भी बहुत पसंद हैं।,ᱳᱦ ᱤᱧᱫᱚ ᱚᱱᱟᱠᱚ ᱪᱤᱱᱟᱹᱢᱟᱧ ᱠᱩᱥᱤᱭᱟᱜᱼᱟ ?,"ᱦᱩᱭᱩᱜ ᱠᱟᱱᱟ, ᱤᱧ ᱦᱚᱸ ᱱᱚᱶᱟ ᱞᱮᱠᱟᱱ ᱪᱚᱞᱚᱛ ᱪᱤᱛᱟᱹᱨ ᱠᱚ ᱟᱹᱰᱤ ᱤᱧᱟᱹᱜᱼᱟ ᱾"
1413,मेरी पसंदीदा भाग मिल्खा भाग है।,ᱵᱷᱟᱜᱽ ᱢᱤᱞᱠᱷᱟ ᱵᱷᱟᱜᱽ ᱫᱚ ᱤᱧᱟᱹᱜ ᱡᱚᱛᱚᱠᱷᱚᱱ ᱠᱩᱥᱤᱭᱟᱜ ᱠᱟᱱᱟ ᱾,ᱤᱧᱟᱹᱜ ᱥᱚᱨᱮᱥ ᱦᱤᱸᱥ ᱫᱚ ᱦᱩᱭᱩᱜ ᱠᱟᱱᱟ ᱢᱤᱞᱠᱷᱟ ᱵᱟᱜ ᱾
1414,ये एथलीट मिल्खा सिंह के बारे में 2013 में आई फ़िल्म है।,ᱱᱚᱶᱟᱫᱚ ᱒᱐᱑᱓ ᱥᱟᱹᱦᱤᱛ ᱨᱮᱭᱟᱜ ᱠᱷᱮᱞᱚᱸᱰᱤᱭᱟᱹ ᱢᱤᱞᱠᱷᱟ ᱥᱤᱝ ᱤᱫᱤ ᱠᱟᱛᱮᱜ ᱢᱤᱫ ᱪᱚᱞᱚᱛ ᱪᱤᱛᱟᱹᱨ ᱠᱟᱱᱟ ᱾,ᱱᱚᱶᱟ ᱫᱚ ᱥᱟᱹᱦᱤᱛ ᱨᱮ ᱠᱷᱮᱞᱳᱰᱤᱭᱟᱹ ᱢᱤᱞᱠᱷᱟ ᱥᱤᱝ ᱤᱫᱤ ᱠᱟᱛᱮ ᱢᱤᱫᱴᱟᱝ ᱪᱚᱞᱚᱛ ᱪᱤᱛᱟᱹᱨ ᱾
1415,क्या आपको पता है कि वे कितने गज़ब के इनसान हैं?,ᱟᱢᱮᱢ ᱵᱟᱰᱟᱭᱟ ᱦᱚᱲᱛᱮᱫᱽ ᱛᱤᱱᱟᱹᱜ ᱮ ᱦᱟᱦᱟᱲᱟᱜᱼᱟ ?,"ᱟᱢ ᱪᱮᱫ ᱵᱟᱰᱟᱭ ᱟᱠᱟᱱᱟ ᱡᱮ, ᱩᱱᱠᱩ ᱫᱚ ᱪᱮᱫ ᱞᱮᱠᱟ ᱱᱟᱯᱟᱭ ᱦᱚᱲ ᱾"
1416,उन्हें द फ़्लाइंग सिख के नाम से भी जाना जाता है!,ᱩᱱᱤᱫᱚ ᱩᱰᱟᱹᱜ ᱥᱤᱠᱷ ᱢᱮᱱᱛᱮ ᱦᱚᱸᱭ ᱩᱨᱩᱢᱚᱜᱼᱟ !,ᱩᱱᱤ ᱫᱚ 'ᱫᱟ ᱯᱷᱞᱟᱭᱤᱝ ᱥᱤᱠᱷ' ᱧᱩᱛᱩᱢ ᱛᱮ ᱦᱚᱸ ᱩᱯᱨᱩᱢᱚᱜᱼᱟ ᱾
1417,हाँ मुझे वह शख़्स बहुत पसंद है!,ᱳᱦ ᱩᱱᱤ ᱦᱚᱲᱫᱚ ᱤᱧᱤᱧ ᱠᱩᱥᱤ ᱟᱭᱟ !,"ᱦᱩᱭᱩᱜ ᱠᱟᱱᱟ, ᱤᱧ ᱚᱱᱟ ᱦᱚᱲ ᱫᱚ ᱟᱹᱰᱤ ᱤᱧᱧᱟᱢᱼᱟ ᱾"
1418,वे एकमात्र ऐसे एथलीट हैं जिन्होंने एशियाई खेलों और राष्ट्रमंडल खेलों में 400 मीटर में स्वर्ण जीता।,ᱩᱱᱤᱜᱮ ᱢᱤᱫ ᱠᱷᱮᱞᱚᱸᱰᱤᱭᱟᱹ ᱠᱟᱱᱟᱭ ᱡᱟᱦᱟᱸᱭᱫᱚ ᱮᱥᱤᱭᱟᱱ ᱜᱮᱢᱥ ᱟᱨ ᱠᱚᱢᱚᱱᱳᱭᱮᱞᱛᱷ ᱜᱮᱢᱥᱨᱮ ᱔᱐᱐ ᱢᱤᱴᱟᱨ ᱨᱮ ᱥᱚᱱᱟᱭ ᱡᱤᱛᱠᱟᱹᱨ ᱞᱮᱱᱟ ᱾,ᱩᱱᱤ ᱫᱚ ᱮᱥᱤᱭᱟ ᱠᱷᱮᱞᱳᱰ ᱟᱨ ᱠᱚᱢᱚᱱᱳᱭᱮᱞᱛᱷ ᱠᱷᱮᱞᱳᱰ ᱨᱮ 400 ᱢᱤᱴᱟᱨ ᱨᱮ ᱢᱤᱫᱴᱟᱝ ᱥᱩᱢᱩᱝ ᱠᱷᱮᱞᱳᱰᱤᱭᱟᱹ ᱡᱟᱦᱟᱸᱭ ᱫᱚ ᱥᱳᱱᱟ ᱮ ᱡᱤᱛᱠᱟᱹᱨ ᱞᱮᱱᱟ ᱾
1419,है ना बेहतरीन?,ᱚᱱᱟ ᱫᱚ ᱛᱤᱱᱟᱹᱜ ᱢᱚᱡᱽ ?,ᱟᱢ ᱪᱮᱫ ᱥᱚᱨᱮᱥ?
1420,उन्होंने 1958 और 1962 एशियाई खेलों में भी स्वर्ण पदक जीते।,ᱚᱱᱟ ᱪᱷᱟᱰᱟ ᱠᱟᱛᱮᱜ ᱩᱱᱤᱫᱚ ᱑᱙᱕᱘ ᱟᱨ ᱑᱙᱖᱒ ᱨᱮᱭᱟᱜ ᱮᱥᱤᱭᱟᱱ ᱜᱮᱢᱥᱨᱮ ᱥᱚᱱᱟᱭ ᱧᱟᱢ ᱟᱠᱟᱫᱟ ᱾,ᱩᱱᱤ ᱫᱚ 1958 ᱟᱨ 1962 ᱥᱟᱹᱦᱤᱛ ᱨᱮᱭᱟᱜ ᱮᱥᱤᱭᱟᱱ ᱜᱮᱢᱥ ᱨᱮ ᱥᱳᱱᱟ ᱢᱮᱰᱚᱞ ᱮ ᱡᱤᱛᱠᱟᱹᱨ ᱞᱮᱱᱟ ᱾
1421,मुझे एक दिन उनके जैसा बनना है।,ᱤᱧ ᱢᱤᱫ ᱫᱤᱱ ᱩᱱᱤ ᱞᱮᱠᱟᱧ ᱦᱩᱭᱩᱜᱼᱟ ᱾,ᱤᱧ ᱢᱤᱫ ᱫᱤᱱ ᱩᱱᱠᱩ ᱞᱮᱠᱟ ᱦᱩᱭᱩᱜ ᱛᱟᱢᱟ ᱾
1422,उन्हें पद्म श्री मिला है।,ᱩᱱᱤᱫᱚ ᱯᱫᱫᱚᱥᱨᱤᱭ ᱧᱟᱢ ᱟᱠᱟᱫᱟ ᱾,ᱩᱱᱤ ᱫᱚ ᱯᱚᱫᱽᱫᱚ ᱥᱨᱤ ᱮ ᱧᱟᱢ ᱟᱠᱟᱫᱟ ᱾
1423,मैं उनके जैसा शानदार एथलीट बनने के बाद इसे हासिल करना चाहता हूं।,ᱤᱧᱦᱚᱸ ᱩᱱᱤ ᱞᱮᱠᱟ ᱢᱤᱫ ᱦᱟᱦᱟᱲᱟᱜᱼᱟᱱ ᱠᱷᱮᱞᱚᱱᱰᱤᱭᱟᱹ ᱦᱩᱭ ᱛᱟᱭᱚᱢ ᱢᱤᱫᱴᱟᱝ ᱧᱟᱢ ᱤᱧ ᱠᱷᱚᱡᱽ ᱠᱟᱱᱟ ᱾,ᱩᱱᱤ ᱞᱮᱠᱟ ᱢᱤᱫ ᱱᱟᱯᱟᱭ ᱠᱷᱮᱞᱳᱰᱤᱭᱟᱹ ᱦᱩᱭ ᱛᱟᱭᱚᱢ ᱤᱧ ᱱᱚᱶᱟ ᱧᱟᱢ ᱞᱟᱹᱜᱤᱫ ᱮ ᱠᱷᱚᱡ ᱠᱟᱱᱟ ᱾
1424,और वो रेस जिसमें वे चौथे स्थान पर आए थे?,ᱟᱨ ᱫᱟᱹᱲᱛᱮ ᱚᱠᱟᱨᱮ ᱩᱱᱤ ᱯᱩᱱᱟᱜ ᱴᱷᱟᱶᱮ ᱦᱟᱢᱮᱴ ᱞᱮᱫᱟ ?,ᱟᱨ ᱚᱱᱟ ᱨᱮᱥ ᱨᱮ ᱩᱱᱤ ᱫᱚ ᱯᱳᱱ ᱟᱱᱟᱜ ᱴᱷᱟᱶᱮ ᱦᱟᱢᱮᱴ ᱞᱮᱫᱟ ᱾
1425,1960 के ओलंपिक खेलों में 400-मीटर फ़ाइनल?,᱑᱙᱖᱐ ᱥᱟᱹᱦᱤᱛ ᱨᱮᱭᱟᱜ ᱚᱞᱤᱢᱯᱤᱠᱥ ᱜᱮᱢᱥᱨᱮ ᱔᱐᱐ ᱢᱤᱴᱟᱨ ᱯᱷᱟᱭᱱᱟᱞ ᱨᱮ ?,1960 ᱥᱟᱹᱦᱤᱛ ᱨᱮᱭᱟᱜ اولمپᱤᱠ ᱠᱷᱮᱞᱳᱰ ᱨᱮ 400 ᱢᱤᱴᱟᱨ ᱨᱮᱭᱟᱜ ᱯᱷᱟᱭᱱᱟᱞ?
1426,मुझे लगता है कि उन्हें सबसे ज़्यादा इसी के लिए याद किया जाता है।,ᱤᱧ ᱢᱚᱱᱮᱭᱟ ᱡᱮ ᱩᱱᱤᱫᱚ ᱡᱚᱛᱚᱠᱷᱚᱱ ᱵᱟᱹᱲᱛᱤᱜᱮ ᱫᱤᱥᱟᱹ ᱫᱚᱦᱚᱭ ᱦᱩᱭᱩᱜᱼᱟ ᱾,ᱤᱧ ᱢᱚᱱᱮ ᱦᱩᱭᱩᱜ ᱠᱟᱱᱟ ᱱᱚᱶᱟ ᱚᱡᱮᱛᱮ ᱩᱱᱤ ᱫᱚ ᱡᱚᱛᱚ ᱠᱷᱚᱱ ᱰᱷᱮᱨ ᱩᱭᱦᱟᱹᱨ ᱫᱚᱦᱚ ᱦᱳᱭᱳᱜᱼᱟ ᱾
1427,मुझे एक बार उन पर प्रोजेक्ट रिपोर्ट लिखनी थी।,ᱢᱤᱫᱫᱷᱟᱣ ᱩᱱᱤ ᱪᱮᱛᱟᱱ ᱢᱤᱫᱴᱟᱝ ᱚᱱᱚᱞ ᱚᱞ ᱦᱩᱭᱩᱜ ᱛᱤᱧᱟᱹ ᱾,ᱤᱧ ᱢᱤᱫ ᱚᱠᱛᱮ ᱩᱱᱠᱩ ᱪᱮᱛᱟᱱ ᱨᱮ ᱢᱤᱫᱴᱟᱝ ᱯᱚᱨᱡᱚᱠ ᱨᱮᱯᱳᱨᱴ ᱚᱞ ᱦᱩᱭᱩᱜ ᱛᱟᱦᱮᱸᱫ ᱾
1428,मैंने उनके बारे में बहुत पढ़ा था।,ᱤᱧ ᱩᱱᱤ ᱵᱟᱵᱚᱛᱛᱮ ᱟᱭᱢᱟᱧ ᱯᱟᱲᱦᱟᱣ ᱟᱠᱟᱫᱟ ᱾,ᱤᱧ ᱩᱱᱠᱩ ᱤᱫᱤ ᱠᱟᱛᱮ ᱟᱹᱰᱤ ᱜᱟᱱ ᱮ ᱯᱟᱲᱦᱟᱣ ᱟᱠᱟᱫᱟ ᱾
1429,"उस समय वे चौथे स्थान पर आए थे, उन्होंने भारतीय राष्ट्रीय रिकॉर्ड बनाया जो शायद 40 साल तक टूट नहीं सका था!","ᱚᱱᱟ ᱚᱠᱛᱚ ᱩᱱᱤᱫᱚ ᱯᱩᱱᱟᱜ ᱴᱷᱟᱶᱼᱮ ᱦᱟᱢᱮᱴ ᱞᱮᱫᱟ, ᱩᱱᱤᱫᱚ ᱢᱤᱫ ᱵᱷᱟᱨᱚᱛᱤᱭᱚ ᱡᱟᱹᱛᱤᱭᱟᱹᱨᱤ ᱨᱮᱠᱚᱨᱰᱼᱮ ᱵᱮᱱᱟᱣ ᱞᱮᱫᱟ ᱡᱟᱦᱟᱸᱫᱚ ᱔᱐ ᱥᱮᱨᱢᱟ ᱞᱮᱠᱟ ᱵᱟᱝ ᱯᱟᱨᱚᱢ ᱟᱠᱟᱱᱟ ᱾","ᱚᱱᱟ ᱚᱠᱛᱚ ᱩᱱᱤ ᱫᱚ 4 ᱟᱱᱟᱜ ᱴᱷᱟᱶ ᱨᱮᱭ ᱥᱮᱴᱮᱨ ᱞᱮᱱᱟ, ᱩᱱᱤ ᱫᱚ ᱵᱷᱟᱨᱚᱛ ᱨᱮᱭᱟᱜ ᱡᱟᱹᱛᱤᱭᱟᱹᱨᱤ ᱨᱤᱠᱟᱨᱰ ᱮ ᱵᱮᱱᱟᱣ ᱞᱮᱫᱟ ᱡᱟᱦᱟᱸ ᱫᱚ ᱦᱩᱭᱫᱟᱲᱮᱭᱟᱜᱼᱟ 40 ᱥᱮᱨᱢᱟ ᱫᱷᱟᱹᱵᱤᱡ ᱵᱟᱝ ᱜᱮ ᱛᱟᱦᱮᱸ ᱠᱟᱱᱟ ᱾"
1430,मैंने बड़े होते-होते उनके बारे में बहुत सुना।,ᱦᱟᱨᱟᱜ ᱚᱠᱛᱚ ᱩᱱᱤ ᱵᱟᱵᱚᱛᱛᱮ ᱟᱭᱢᱟ ᱠᱟᱛᱦᱟᱧ ᱟᱸᱡᱚᱢ ᱟᱠᱟᱫᱟ ᱾,ᱢᱟᱨᱟᱝᱚᱜ ᱚᱠᱛᱚ ᱤᱧ ᱩᱱᱤ ᱤᱫᱤ ᱠᱟᱛᱮ ᱟᱹᱰᱤ ᱜᱟᱱ ᱵᱟᱰᱟᱭ ᱧᱟᱢ ᱞᱮᱫᱟᱠᱚ ᱾
1431,मेरे पिताजी उनके कट्टर प्रशंसक थे।,ᱤᱧ ᱵᱵᱟᱫᱚ ᱩᱱᱤᱨᱮᱱ ᱢᱟᱨᱟᱝ ᱵᱷᱚᱠᱛᱚᱭ ᱛᱟᱦᱮᱸᱠᱟᱱᱟ ᱾,ᱤᱧᱟᱹᱜ ᱵᱟᱵᱟ ᱫᱚ ᱛᱟᱸᱦᱮ ᱠᱟᱱᱟ ᱩᱱᱤᱭᱟᱜ ᱟᱹᱰᱤ ᱱᱟᱯᱟᱭ ᱯᱷᱮᱱ ᱾
1432,मैंने उनकी आत्मकथा भी पढ़ी है।,ᱩᱱᱤᱭᱟᱜ ᱡᱤᱭᱤᱱ ᱪᱚᱨᱤᱛ ᱤᱧ ᱯᱟᱲᱦᱟᱣ ᱟᱠᱟᱫᱟ ᱾,ᱤᱧ ᱩᱱᱤᱭᱟᱜ ᱟᱡ ᱡᱤᱭᱚᱱ ᱦᱚᱸ ᱯᱟᱲᱦᱟᱣ ᱟᱠᱟᱫᱟ ᱾
1433,उसे पढ़ने के बाद मैंने सोचा कि मुझे उनकी फ़िल्म भी देखनी चाहिए।,ᱯᱟᱲᱦᱟᱣ ᱛᱟᱭᱚᱢ ᱩᱭᱦᱟᱹᱨ ᱠᱤᱫᱟᱹᱧ ᱚᱱᱟ ᱥᱤᱱᱟᱹᱢᱟᱧ ᱧᱮᱞᱟ ᱾,ᱩᱱᱤ ᱯᱟᱲᱦᱟᱣ ᱛᱟᱭᱚᱢ ᱤᱧ ᱢᱚᱱᱮ ᱦᱩᱭᱩᱜ ᱠᱟᱱᱟ ᱡᱮ ᱤᱧ ᱩᱱᱤᱭᱟᱜ ᱪᱚᱞᱚᱛ ᱪᱤᱛᱟᱹᱨ ᱦᱚᱸ ᱧᱮᱞ ᱞᱟᱹᱠᱛᱤ ᱠᱟᱱᱟ ᱾
1434,वह बेहद शानदार थी।,ᱱᱚᱶᱟᱫᱚ ᱟᱹᱰᱤ ᱡᱳᱜᱢᱟᱱ ᱛᱟᱦᱮᱸᱠᱟᱱᱟ ᱾,ᱩᱱᱤ ᱫᱚ ᱟᱹᱰᱤ ᱱᱟᱯᱟᱭ ᱮ ᱛᱟᱦᱮᱸ ᱠᱟᱱᱟ ᱾
1435,फ़िल्म को कई अवॉर्ड भी मिले।,ᱪᱚᱞᱚᱛ ᱪᱤᱛᱟᱹᱨ ᱫᱚ ᱟᱭᱢᱟ ᱥᱤᱨᱯᱟᱹᱭ ᱧᱟᱢ ᱟᱠᱟᱫᱟ ᱾,ᱪᱚᱞᱚᱛ ᱪᱤᱛᱟᱹᱨ ᱫᱚ ᱟᱭᱢᱟ ᱥᱤᱨᱯᱟᱹ ᱮ ᱧᱟᱢ ᱞᱮᱫᱟ ᱾
1436,फरहान अख़्तर ने बढ़िया काम किया।,ᱯᱷᱟᱨᱦᱟᱱ ᱟᱠᱷᱛᱟᱨ ᱟᱹᱰᱤ ᱵᱷᱟᱜᱤᱭ ᱠᱟᱹᱢᱤ ᱟᱟᱠᱫᱟ ᱾,ᱯᱷᱚᱨᱦᱟᱱ ᱚᱠᱷᱚᱛᱟᱨ ᱟᱹᱰᱤ ᱱᱟᱯᱟᱭ ᱠᱟᱹᱢᱤ ᱞᱮᱫᱟᱭ ᱾
1437,यह बहुत अच्छा होगा अगर तुम महान एथलीट मिल्खा सिंह जैसे बनो।,ᱟᱢ ᱡᱩᱫᱤ ᱢᱤᱞᱠᱷᱟ ᱥᱤᱝ ᱞᱮᱠᱟ ᱵᱷᱟᱜᱮ ᱠᱷᱮᱞᱚᱸᱰᱤᱭᱟᱹᱢ ᱦᱩᱭᱩᱜᱼᱟ ᱮᱱᱠᱷᱟᱱ ᱱᱚᱶᱟᱫᱚ ᱟᱹᱰᱤ ᱵᱷᱟᱞᱤᱼᱟ ᱾,"ᱟᱢ ᱡᱩᱫᱤ ᱥᱚᱨᱮᱥ ᱠᱷᱮᱞᱳᱰᱤᱭᱟᱹ ᱢᱤᱞᱠᱷᱟ ᱥᱤᱝ ᱞᱮᱠᱟ ᱦᱳᱭᱳᱜᱼᱟ, ᱮᱱᱠᱷᱟᱱ ᱱᱚᱶᱟ ᱫᱚ ᱟᱹᱰᱤ ᱱᱟᱯᱟᱭ ᱦᱩᱭᱩᱜᱼᱟ ᱾"
1438,"हैलो, क्या यह जयपुर सिटी पैलेस है?","ᱦᱮᱞᱳ, ᱱᱚᱶᱟ ᱫᱚ ᱪᱮᱫ ᱡᱚᱭᱯᱩᱨ ᱥᱤᱴᱤ ᱯᱮᱞᱮᱥ ?","ᱦᱮᱞᱳ, ᱱᱚᱶᱟ ᱫᱚ ᱡᱚᱭᱯᱩᱨ ᱥᱤᱴᱤ ᱯᱮᱞᱮᱥ ᱠᱟᱱᱟ ᱥᱮ ᱵᱟᱝ?"
1439,"जी हाँ, मैं आपकी किस प्रकार सहायता कर सकती हूँ?",ᱦᱮᱸ ᱪᱮᱫ ᱞᱮᱠᱟᱛᱮ ᱤᱧ ᱜᱚᱲᱚ ᱫᱟᱲᱮᱭᱟᱢᱟ ?,"ᱦᱩᱭᱩᱜ ᱠᱟᱱᱟ, ᱤᱧ ᱪᱮᱫ ᱞᱮᱠᱟᱛᱮ ᱟᱢ ᱜᱚᱲᱚᱧᱟᱢ ᱫᱟᱲᱮᱭᱟᱜᱼᱟ?"
1440,मैं वेरा ब्रांड से कॉल कर रहा हूँ।,ᱵᱷᱮᱨᱟ ᱵᱨᱮᱱᱰ ᱠᱷᱚᱱ ᱤᱧ ᱯᱷᱳᱱ ᱮᱫᱟ ᱾,ᱤᱧ ᱵᱷᱮᱨᱟ ᱵᱨᱮᱱᱰ ᱠᱷᱚᱱ ᱠᱚᱞ ᱮᱫᱟ ᱾
1441,हम चेन्नई में स्थित एक इंटरनेशनल लक्ज़री ब्रांड हैं।,ᱟᱞᱮ ᱫᱚ ᱪᱮᱱᱱᱟᱭ ᱨᱮᱱ ᱡᱮᱜᱮᱫ ᱡᱟᱠᱟᱛ ᱵᱤᱞᱟᱥᱵᱚᱦᱩᱞ ᱵᱨᱮᱱᱰ,ᱤᱧᱟᱹᱜ ᱫᱚ ᱪᱮᱱᱭᱮ ᱨᱮ ᱢᱮᱱᱟᱜ ᱢᱤᱫᱴᱟᱝ ᱡᱮᱜᱮᱫ ᱡᱟᱠᱟᱛ ᱞᱩᱡᱩᱨᱤ ᱵᱨᱮᱱᱰ ᱾
1442,मैं एक फोटोशूट के लिए महल में जाने देने की रिक्वेस्ट के लिए कॉल कर रहा हूँ।,ᱢᱤᱫᱴᱟᱝ ᱯᱷᱚᱴᱳ ᱥᱩᱴ ᱞᱟᱹᱜᱤᱫ ᱫᱚᱞᱟᱱᱨᱮ ᱵᱚᱞᱚᱱ ᱞᱟᱹᱜᱤᱫ ᱯᱳᱱ ᱛᱮᱧ ᱱᱮᱦᱚᱨ ᱮᱫᱟ ᱾,ᱤᱧ ᱢᱤᱫᱴᱟᱝ ᱯᱷᱳᱴᱳᱯᱷᱳᱴ ᱞᱟᱹᱜᱤᱫ ᱯᱨᱟᱥᱟᱫᱽ ᱨᱮ ᱥᱮᱱ ᱞᱟᱹᱜᱤᱫ ᱢᱤᱫᱴᱟᱝ ᱠᱟᱛᱷᱟ ᱞᱟᱹᱜᱤᱫ ᱠᱚᱞ ᱮᱫᱟ ᱾
1443,हम एक नया प्रोडक्ट रिलीज़ कर रहे हैं।,ᱟᱞᱮ ᱢᱤᱫᱴᱟᱝ ᱱᱟᱶᱟ ᱡᱤᱱᱤᱥᱞᱮ ᱯᱟᱨᱥᱟᱞ ᱮᱫᱟ ᱾,ᱟᱢ ᱢᱤᱫᱴᱟᱝ ᱱᱟᱶᱟ ᱯᱚᱨᱰᱚᱠ ᱩᱪᱷᱟᱹᱱ ᱮᱫᱟ ᱾
1444,"ओके, इसका इंतज़ाम हो सकता है।","ᱴᱷᱤᱠ ᱜᱮᱭᱟ, ᱱᱚᱶᱟ ᱞᱟᱹᱜᱤᱫ ᱵᱚᱱᱫᱮᱡ ᱦᱩᱭ ᱫᱟᱲᱮᱭᱟᱜᱼᱟ ᱾","ᱳᱠᱮ, ᱱᱚᱶᱟ ᱫᱚ ᱦᱩᱭᱫᱟᱲᱮᱭᱟᱜᱼᱟ ᱾"
1445,"प्लीज़, क्या मैं आपका नाम जान सकती हूँ?",ᱤᱧ ᱪᱮᱫ ᱟᱢᱟᱜ ᱧᱩᱛᱩᱢ ᱤᱧ ᱵᱟᱰᱟᱭ ᱫᱟᱲᱮᱭᱟᱜᱼᱟ ?,"ᱤᱧ ᱠᱤ ᱟᱢᱨᱮᱱ ᱧᱩᱛᱩᱢ ᱵᱟᱰᱟᱭᱧᱟᱢ ᱠᱟᱱᱟ, ᱫᱟᱭᱟ ᱠᱟᱛᱮ?"
1446,अनंत। क्या आपको किसी पहचान की ज़रूरत होगी?,ᱱᱚᱶᱟ ᱫᱚ ᱚᱱᱚᱛᱷ ᱾ ᱟᱢᱟᱜ ᱡᱟᱦᱟᱱᱟᱜ ᱪᱤᱱᱦᱟᱹᱭ ᱨᱮᱭᱟᱜ ᱞᱟᱹᱠᱛᱤ ᱠᱟᱱᱟ ?,ᱚᱱᱚᱱᱛᱚ ᱾ ᱟᱢ ᱪᱮᱫ ᱡᱟᱦᱟᱱ ᱪᱤᱱᱦᱟᱹ ᱨᱮᱭᱟᱜ ᱞᱟᱹᱠᱛᱤ ᱢᱮᱱᱟᱜᱼᱟ?
1447,हमें कुछ डॉक्यूमेंट लगेंगे।,ᱟᱞᱮᱭᱟᱜ ᱵᱮᱥ ᱠᱤᱪᱷᱤ ᱱᱚᱛᱷᱤ ᱞᱟᱹᱠᱛᱤᱜᱼᱟ ᱾,ᱤᱧᱟᱹᱜ ᱠᱤᱪᱷᱩᱜᱟᱱ ᱱᱩᱛᱚᱱᱟᱴ ᱞᱟᱹᱠᱛᱤ ᱦᱩᱭᱩᱜᱼᱟ ᱾
1448,"पहला, इस बात का ठोस सबूत कि ऐसी कोई कंपनी वास्तव में है।","ᱢᱤᱫ, ᱢᱤᱫᱴᱟᱝ ᱥᱟᱹᱨᱤ ᱥᱟᱹᱵᱩᱫᱽ ᱡᱮ ᱠᱳᱢᱯᱟᱱᱤ ᱢᱮᱱᱟᱜᱼᱟ ᱾","ᱯᱳᱭᱞᱳ ᱞᱮᱠᱟᱛᱮ, ᱱᱚᱶᱟ ᱞᱮᱠᱟᱱ ᱢᱤᱫᱴᱟᱝ ᱠᱳᱢᱯᱟᱱᱤ ᱢᱮᱱᱟᱜ ᱟ ᱚᱱᱟ ᱨᱮᱭᱟᱜ ᱥᱟᱹᱵᱩᱫ ᱾"
1449,"दूसरा, इसमें शामिल पूरे दल की लिस्ट और उनकी पहचान।","ᱵᱟᱨ, ᱥᱮᱞᱮᱫ ᱢᱮᱱᱟᱜ ᱠᱚ ᱥᱟᱱᱟᱢ ᱠᱨᱩ ᱠᱚᱣᱟᱜ ᱛᱟᱞᱤᱠᱟ, ᱩᱱᱠᱚᱣᱟᱜ ᱩᱯᱨᱩᱢ ᱟᱛᱮ ᱾","ᱫᱚᱥᱟᱨ ᱫᱚ ᱦᱩᱭᱩᱜ ᱠᱟᱱᱟ, ᱥᱮᱞᱮᱫ ᱟᱠᱟᱱ ᱥᱟᱱᱟᱢ ᱜᱟᱫᱮᱞ ᱨᱮᱭᱟᱜ ᱛᱟᱹᱞᱤᱠᱟ ᱟᱨ ᱩᱱᱠᱩᱭᱟᱜ ᱪᱤᱱᱦᱟᱹ ᱾"
1450,और इन चार्ज का पहचान प्रमाण।,ᱟᱨ ᱫᱟᱭᱵᱷᱟᱨ ᱨᱮ ᱢᱮᱱᱟᱜ ᱠᱚ ᱦᱚᱲ ᱠᱚᱣᱟᱜ ᱩᱯᱨᱩᱢ ᱥᱟᱹᱵᱩᱫᱽ ᱾,ᱟᱨ ᱱᱚᱶᱟ ᱠᱷᱚᱨᱪᱟ ᱠᱚ ᱨᱮᱭᱟᱜ ᱪᱤᱱᱦᱟᱹ ᱨᱮᱭᱟᱜ ᱥᱟᱹᱵᱩᱫ ᱾
1451,अगर आपको डॉक्यूमेंट मेल कर दें तो चलेगा क्या?,ᱱᱚᱛᱷᱤ ᱠᱚ ᱟᱢ ᱴᱷᱮᱱ ᱵᱷᱮᱡᱟ ᱞᱮᱠᱷᱟᱱ ᱪᱮᱫ ᱵᱷᱟᱜᱮ ᱦᱩᱭᱩᱜᱼᱟ ?,"ᱟᱢ ᱡᱩᱫᱤ ᱱᱚᱛᱷᱤ ᱠᱚ ᱢᱮᱞ ᱢᱮ, ᱮᱱᱠᱷᱟᱱ ᱪᱮᱫ ᱟᱢ ᱚᱱᱟᱢ ᱠᱚᱨᱟᱣ ᱫᱟᱲᱮᱭᱟᱜᱼᱟ?"
1452,"हाँ, पर हमें शूट के दिन पहचान प्रमाण देखना होगा।","ᱦᱮᱸ, ᱢᱮᱱᱠᱷᱟᱱ ᱥᱩᱴᱤᱝ ᱦᱤᱞᱚᱜ ᱩᱯᱨᱩᱢ ᱥᱟᱹᱵᱩᱫᱽ ᱧᱮᱞ ᱦᱩᱭᱩᱜ ᱛᱟᱞᱮᱭᱟ ᱾","ᱦᱩᱭᱩᱜ ᱠᱟᱱᱟ, ᱢᱮᱱᱠᱷᱟᱱ ᱥᱩᱴ ᱨᱮᱭᱟᱜ ᱫᱤᱱ ᱨᱮ ᱤᱧᱟᱹᱜ ᱪᱤᱱᱦᱟᱹ ᱨᱮᱭᱟᱜ ᱥᱟᱹᱵᱩᱫ ᱧᱮᱞ ᱦᱩᱭᱩᱜ ᱛᱟᱢᱟ ᱾"
1453,"ठीक है, मैं समझ गया।","ᱮᱠᱟᱞᱛᱮ, ᱤᱧ ᱵᱩᱡᱷ ᱫᱟᱲᱮᱭᱟᱫᱟ ᱾",ᱤᱧ ᱵᱟᱰᱟᱭ ᱧᱟᱢ ᱟᱠᱟᱫᱟ ᱾
1454,चार्ज और फ़ीस क्या हैं?,ᱪᱟᱨᱡᱽ ᱟᱨ ᱯᱷᱤ ᱪᱮᱫ ?,ᱠᱷᱚᱨᱪᱟ ᱟᱨ ᱯᱷᱤ ᱪᱮᱫ?
1455,भारतीय नागरिकों और रहवासियों के लिए पैकेज के आधार पर 200 या 300 रुपये फ़ीस होगी।,ᱵᱷᱟᱨᱚᱛᱤᱭᱚ ᱱᱟᱜᱟᱨᱤᱭᱟᱹ ᱥᱮ ᱜᱤᱨᱟᱹᱵᱟᱹᱥᱤ ᱠᱚ ᱞᱟᱹᱜᱤᱫ ᱯᱷᱤ ᱦᱩᱭᱩᱜᱼᱟ ᱯᱮᱠᱮᱡᱽ ᱪᱮᱛᱟᱱᱨᱮ ᱴᱮᱸᱦᱟᱴ ᱠᱟᱛᱮ ᱒᱐᱐ ᱥᱮ ᱓᱐᱐ ᱴᱟᱠᱟ ᱾,ᱯᱮᱠᱮᱡ ᱪᱮᱛᱟᱱ ᱴᱮᱦᱟᱴ ᱠᱟᱛᱮ ᱵᱷᱟᱨᱚᱛ ᱨᱮᱱ ᱦᱚᱲ ᱟᱨ ᱜᱤᱨᱟᱹᱵᱟᱥᱤ ᱠᱚ ᱞᱟᱹᱜᱤᱫ 200 ᱥᱮ 300 ᱴᱟᱠᱟ ᱨᱮᱭᱟᱜ ᱯᱷᱤ ᱦᱩᱭᱩᱜᱼᱟ ᱾
1456,म्यूज़ियम पैकेज में सभी पैलेस कोर्ट और गैलरियाँ शामिल हैं और बिना ट्राइपॉड के कैमरा।,"ᱡᱟᱹᱫᱩᱚᱲᱟᱜ ᱨᱮᱭᱟᱜ ᱯᱮᱠᱮᱡᱽᱨᱮ ᱥᱟᱱᱟᱢ ᱫᱚᱞᱟᱱ, ᱜᱮᱞᱟᱨᱤ ᱟᱨ ᱴᱨᱟᱭᱤᱯᱰ ᱵᱮᱜᱚᱨ ᱠᱮᱢᱮᱨᱟ ᱥᱮᱞᱮᱫ ᱢᱮᱱᱟᱜᱼᱟ ᱾",ᱢᱤᱭᱩᱡᱤᱭᱟᱢ ᱯᱮᱠᱮᱡ ᱨᱮ ᱥᱟᱱᱟᱢ ᱯᱮᱞᱮᱥ ᱠᱳᱨᱴ ᱟᱨ ᱜᱮᱞᱟᱨᱤ ᱢᱮᱱᱟᱜᱼᱟ ᱟᱨ ᱴᱨᱤᱯᱳᱰ ᱵᱟᱝ ᱫᱚᱦᱚ ᱠᱟᱛᱮ ᱠᱮᱢᱮᱨᱟ ᱢᱮᱱᱟᱜᱼᱟ ᱾
1457,कम्पोज़िट पैकेज में इस सब के साथ जयगढ़ और रॉयल सेनोटाफ़ शामिल हैं।,ᱠᱚᱢᱯᱳᱡᱤᱴ ᱯᱮᱠᱮᱡᱽᱨᱮ ᱡᱚᱭᱜᱚᱲ ᱟᱨ ᱨᱚᱭᱟᱞ ᱥᱮᱱᱴᱳᱴᱟᱯᱷᱮᱨ ᱥᱟᱞᱟᱜ ᱱᱚᱶᱟ ᱫᱚ ᱥᱮᱞᱮᱫ ᱢᱮᱱᱟᱜᱼᱟ ᱾,ᱠᱚᱢᱯᱳᱡᱤᱴ ᱯᱮᱠᱮᱡ ᱨᱮ ᱱᱚᱶᱟ ᱥᱟᱱᱟᱢ ᱥᱟᱶᱛᱮ ᱡᱚᱭᱜᱚᱲ ᱟᱨ ᱨᱚᱭᱮᱞ ᱥᱮᱱᱳᱴᱟᱯᱷ ᱢᱮᱱᱟᱜᱼᱟ ᱾
1458,विदेशियों से कम्पोज़िट पैकेज के लिए 700 रुपये लिए जाएँगे।,ᱠᱚᱢᱯᱳᱡᱤᱴ ᱯᱮᱠᱮᱡᱽ ᱞᱟᱹᱜᱤᱫ ᱵᱤᱞᱟᱹᱛᱤᱭᱟᱹ ᱴᱷᱮᱱ ᱠᱷᱚᱱ ᱗᱐᱐ ᱴᱟᱠᱟ ᱦᱟᱛᱟᱣ ᱦᱩᱭᱩᱜᱼᱟ ᱾,ᱮᱴᱟᱜ ᱫᱤᱥᱚᱢ ᱨᱮᱱ ᱦᱚᱲᱠᱚ ᱴᱷᱮᱱ ᱠᱷᱚᱱ ᱠᱚᱢᱯᱳᱡᱤᱴ ᱯᱮᱠᱮᱡ ᱞᱟᱹᱜᱤᱫ 700 ᱴᱟᱠᱟ ᱦᱟᱛᱟᱣ ᱦᱩᱭᱩᱜᱼᱟ ᱾
1459,क्या हम रात को महल में जा सकते हैं?,ᱟᱞᱮ ᱪᱮᱫ ᱧᱤᱫᱟᱹ ᱫᱚᱞᱟᱱ ᱨᱮᱞᱮ ᱵᱚᱞᱚ ᱫᱟᱲᱮᱭᱟᱜᱼᱟ ?,ᱤᱧᱟᱹᱜ ᱠᱤ ᱧᱤᱫᱟᱹ ᱨᱮ ᱯᱨᱟᱥᱟᱫᱽ ᱨᱮ ᱥᱮᱱ ᱫᱟᱲᱮᱭᱟᱜᱼᱟᱢ?
1460,"हाँ आप जा सकते हैं, वो एक अलग पैकेज है।","ᱟᱢᱮᱢ ᱫᱟᱲᱮᱭᱟᱜᱼᱟ, ᱱᱚᱶᱟ ᱫᱚ ᱮᱴᱟᱜ ᱯᱮᱠᱮᱡᱽ ᱠᱟᱱᱟ ᱾","ᱟᱢ ᱮᱢ ᱪᱟᱞᱟᱣ ᱫᱟᱲᱮᱭᱟᱜᱼᱟ, ᱱᱚᱶᱟ ᱫᱚ ᱢᱤᱫᱴᱟᱝ ᱵᱷᱮᱜᱟᱨ ᱯᱮᱠᱮᱡ ᱾"
1461,उसमें आपको भारतीयों के लिए 500 रुपये और विदेशियों के लिए 1000 रुपये लगेंगे।,ᱵᱷᱟᱨᱚᱛᱤᱭᱚ ᱠᱚ ᱞᱟᱹᱜᱤᱫ ᱠᱷᱚᱨᱚᱪᱚᱜᱼᱟ ᱕᱐᱐ ᱴᱟᱠᱟ ᱟᱨ ᱵᱤᱞᱟᱹᱛᱤᱭᱟᱹ ᱠᱚ ᱞᱟᱹᱜᱤᱫ ᱫᱚ ᱑᱐᱐᱐ ᱴᱟᱠᱟ ᱾,ᱱᱚᱶᱟ ᱨᱮ ᱟᱢ ᱵᱷᱟᱨᱚᱛ ᱨᱮᱱ ᱦᱚᱲ ᱠᱚ ᱞᱟᱹᱜᱤᱫ 500 ᱴᱟᱠᱟ ᱟᱨ ᱮᱴᱟᱜ ᱫᱤᱥᱚᱢ ᱨᱮᱱ ᱦᱚᱲ ᱠᱚ ᱞᱟᱹᱜᱤᱫ 1000 ᱴᱟᱠᱟ ᱮᱢ ᱦᱩᱭᱩᱜᱼᱟ ᱾
1462,स्पेशल टिकट भी उपलब्ध हैं जिससे खास आपको जाने का मौका मिलता है।,ᱱᱚᱶᱟ ᱵᱮᱜᱚᱨ ᱦᱚᱸ ᱵᱤᱥᱮᱥ ᱴᱤᱠᱤᱴ ᱧᱟᱢᱚᱜᱼᱟ ᱡᱟᱦᱟᱸ ᱫᱚ ᱟᱢ ᱵᱚᱞᱚᱱ ᱨᱮᱭᱟᱜ ᱟᱹᱭᱫᱟᱹᱨ ᱮ ᱮᱢᱟᱢᱼᱟ ᱾,ᱟᱹᱰᱤ ᱱᱟᱯᱟᱭ ᱴᱤᱠᱤᱴ ᱦᱚᱸ ᱧᱟᱢᱚᱜᱼᱟ ᱡᱟᱦᱟᱸ ᱫᱚ ᱟᱢ ᱟᱹᱰᱤ ᱱᱟᱯᱟᱭ ᱛᱮ ᱪᱟᱞᱟᱜ ᱨᱮᱭᱟᱜ ᱫᱟᱣ ᱮᱢᱼᱟ ᱾
1463,आप अधिक जानकारी के लिए हमारी वेबसाइट देख सकते हैं।,ᱟᱨᱚ ᱵᱤᱪᱷᱱᱟᱹᱣᱛᱮ ᱵᱟᱰᱟᱭ ᱞᱟᱹᱜᱤᱫ ᱟᱢ ᱟᱞᱮᱭᱟᱜ ᱳᱭᱮᱵᱽᱥᱟᱭᱤᱴ ᱮᱢ ᱧᱮᱞ ᱫᱟᱲᱮᱭᱟᱜᱼᱟ ᱾,ᱟᱨᱦᱚᱸ ᱰᱚᱜᱚᱨ ᱞᱟᱹᱜᱤᱫ ᱟᱢ ᱟᱢᱟᱜ ᱳᱭᱮᱵᱽᱥᱟᱭᱤᱴ ᱧᱮᱞ ᱫᱟᱲᱮᱭᱟᱜᱼᱟᱢ ᱾
1464,अगर कोई इस हफ़्ते आकर बुकिंग करे तो ठीक रहेगा क्या?,ᱡᱟᱦᱟᱸ ᱡᱩᱫᱤ ᱱᱚᱶᱟ ᱦᱟᱯᱛᱟᱜᱮ ᱰᱨᱚᱯ ᱠᱟᱛᱮ ᱵᱩᱠᱤᱝ ᱠᱚ ᱮᱢᱟ ᱠᱚᱣᱟ ᱮᱱᱠᱷᱟᱱ ᱪᱮᱫ ᱴᱷᱤᱠ ᱦᱩᱭᱩᱜᱼᱟ ?,"ᱱᱚᱶᱟ ᱦᱟᱯᱛᱟ ᱨᱮ ᱡᱟᱦᱟᱸᱭ ᱠᱚ ᱦᱮᱡ ᱮᱱᱟ ᱟᱨ ᱵᱚᱠᱤᱝ ᱠᱚᱨᱟᱣ ᱦᱳᱭᱳᱜᱼᱟ, ᱚᱱᱟ ᱫᱚ ᱪᱮᱫ ᱱᱟᱯᱟᱭ ᱦᱩᱭᱩᱜᱼᱟ?"
1465,"हाँ, ऐसा ठीक रहेगा।",ᱦᱮᱸ ᱱᱚᱶᱟ ᱫᱚ ᱴᱷᱤᱠ ᱦᱩᱭᱩᱜᱼᱟ ᱾,"ᱦᱩᱭᱩᱜ ᱠᱟᱱᱟ, ᱱᱚᱶᱟ ᱫᱚ ᱱᱟᱯᱟᱭ ᱦᱩᱭᱩᱜᱼᱟ ᱾"
1466,कॉल करने के लिए धन्यवाद।,ᱯᱷᱳᱱ ᱞᱟᱹᱜᱤᱫ ᱟᱭᱢᱟ ᱥᱟᱨᱦᱟᱣ ᱾,ᱠᱚᱞ ᱞᱟᱹᱜᱤᱫ ᱛᱮ ᱟᱢ ᱫᱚ ᱥᱟᱨᱦᱟᱰᱚᱜ ᱠᱟᱱᱟ ᱾
1467,"हाय बिश्नू, आजकल क्या कर रहे हो तुम?","ᱮᱭ ᱢᱤᱨᱩ, ᱛᱮᱦᱮᱧ ᱜᱟᱯᱟ ᱪᱮᱫ ᱮᱢ ᱪᱮᱠᱟᱭᱮᱫᱟ ?","ᱦᱟᱭ ᱵᱤᱥᱱᱩ, ᱟᱢ ᱱᱤᱛ ᱪᱮᱫ ᱮᱢ ᱠᱚᱨᱟᱣ ᱮᱫᱟ?"
1468,क्या तुम हाल में किसी बाइक राइड पर गए?,ᱟᱢ ᱪᱮᱫ ᱦᱟᱹᱞᱤᱜᱮ ᱵᱟᱭᱤᱠ ᱮᱢ ᱨᱟᱭᱤᱰ ᱟᱠᱟᱫᱟ ?,ᱟᱢ ᱠᱤ ᱱᱟᱦᱟᱜ ᱡᱟᱦᱟᱱ بائیᱠ ᱨᱟᱭᱰ ᱨᱮᱭ ᱥᱮᱱ ᱟᱠᱟᱱᱟ?
1469,मैंने तुम्हारी कुछ तस्वीरें देखी।,ᱤᱧ ᱟᱢᱟᱜ ᱠᱤᱪᱷᱤ ᱪᱤᱛᱟᱹᱨᱤᱧ ᱧᱮᱞ ᱟᱠᱟᱫᱟ ᱾,ᱤᱧ ᱟᱢᱟᱜ ᱠᱤᱪᱷᱩᱜᱟᱱ ᱪᱤᱛᱟᱹᱨ ᱧᱮᱞ ᱟᱠᱟᱫᱟ ᱾
1470,"नहीं, वो बहुत पहले की किसी राइड की थीं।","ᱵᱟᱝ, ᱱᱚᱶᱟᱫᱚ ᱟᱹᱰᱤ ᱫᱤᱱ ᱞᱟᱦᱟ ᱨᱮᱱᱟᱜ ᱢᱤᱫ ᱨᱟᱭᱤᱰ ᱛᱟᱦᱮᱸ ᱠᱟᱱᱟ ᱾","ᱵᱟᱝ, ᱩᱱᱤ ᱫᱚ ᱟᱭᱢᱟ ᱫᱤᱱ ᱞᱟᱦᱟ ᱠᱷᱚᱱ ᱡᱟᱦᱟᱱ ᱨᱩᱭᱤᱰ ᱨᱮᱭ ᱛᱟᱦᱮᱸ ᱠᱟᱱᱟ ᱾"
1471,मेरा पूरा हफ़्ता वाकई बिज़ी रहा तो मैं राइड के लिए टाइम नहीं निकाल पाया।,"ᱱᱤᱭᱟᱹ ᱦᱟᱯᱛᱟ ᱫᱚ ᱟᱹᱰᱤ ᱡᱚᱦᱚᱲ ᱛᱟᱦᱮᱸ ᱠᱟᱱᱛᱤᱧᱟ, ᱚᱱᱟᱛᱮ ᱨᱟᱭᱤᱰ ᱞᱟᱹᱜᱤᱫ ᱚᱠᱛᱚ ᱵᱟᱹᱧ ᱧᱟᱢ ᱟᱠᱟᱫᱟ ᱾",ᱤᱧᱟᱹᱜ ᱥᱟᱱᱟᱢ ᱦᱟᱯᱛᱟ ᱫᱚ ᱟᱹᱰᱤ ᱠᱟᱹᱢᱤᱡ ᱛᱟᱦᱮᱸ ᱠᱟᱱᱟ ᱚᱱᱟᱛᱮ ᱤᱧ ᱨᱟᱭᱰ ᱞᱟᱹᱜᱤᱫ ᱚᱠᱛᱚ ᱵᱟᱝ ᱦᱟᱛᱟᱣ ᱫᱟᱲᱮᱹᱭᱟᱜᱼᱟ ᱾
1472,लेकिन मैं इस वीकेंड पर जा रहा हूँ।,ᱢᱮᱱᱠᱷᱟᱱ ᱱᱤᱭᱟᱹ ᱦᱟᱯᱛᱟ ᱫᱚᱧ ᱪᱟᱞᱟᱜᱼᱟ ᱾,ᱢᱮᱱᱠᱷᱟᱱ ᱤᱧ ᱱᱚᱶᱟ ᱦᱟᱯᱛᱟ ᱢᱩᱪᱟᱹᱫ ᱨᱮ ᱪᱟᱞᱟᱣᱚᱜ ᱠᱟᱱᱟ ᱾
1473,और तुम्हारा क्या चल रहा है; क्या तुम अपनी म्यूज़िक प्रैक्टिस कर रही हो?,ᱟᱢᱟᱜ ᱠᱷᱚᱵᱚᱨ ᱫᱚ ᱪᱮᱫ ; ᱟᱢᱟᱜ ᱥᱮᱨᱮᱧ ᱮᱢ ᱦᱮᱣᱟᱭᱮᱫᱟ ?,ᱟᱨ ᱟᱢ ᱪᱮᱫ ᱦᱩᱭᱩᱜ ᱠᱟᱱᱟ; ᱟᱢ ᱠᱤ ᱟᱢᱟᱜ ᱥᱮᱹᱨᱮᱹᱧ ᱨᱮᱭᱟᱜ ᱯᱚᱨᱤᱥᱮᱵᱟ ᱮᱢ ᱮᱫᱟ?
1474,"हाँ, मुझे जब भी थोड़ा खाली समय मिलता है तो मैं करती हूँ।","ᱦᱮᱸ, ᱥᱚᱲᱠᱚ ᱭᱮᱫᱟᱧ ᱡᱟᱦᱟᱸᱛᱤᱱᱨᱮ ᱱᱟᱥᱮ ᱱᱟᱜ ᱚᱠᱛᱚᱧ ᱧᱟᱢᱮᱫᱟ ᱾","ᱦᱩᱭᱩᱜ ᱠᱟᱱᱟ, ᱡᱟᱦᱟᱸ ᱚᱠᱛᱮ ᱤᱧ ᱠᱤᱪᱷᱩᱠ ᱪᱷᱟᱹᱲ ᱮ ᱧᱟᱢᱼᱟ, ᱩᱱ ᱚᱠᱛᱚ ᱤᱧ ᱚᱱᱟ ᱠᱚ ᱠᱚᱨᱟᱣᱼᱟ ᱾"
1475,"मेरे दिन भी बहुत व्यस्त रहते हैं, तुम्हें तो पता ही है।","ᱤᱧᱟᱹᱜ ᱫᱤᱱ ᱠᱚᱦᱚᱸ ᱟᱹᱰᱤ ᱡᱚᱦᱚᱲ ᱜᱮᱭᱟ, ᱟᱢᱮᱢ ᱵᱟᱲᱟᱭᱟ ᱾","ᱤᱧᱟᱹᱜ ᱫᱤᱱ ᱦᱚᱸ ᱟᱹᱰᱤ ᱠᱟᱹᱢᱤᱡ ᱛᱟᱦᱮᱸᱱᱟ, ᱟᱢᱮᱢ ᱵᱟᱰᱟᱭ ᱠᱟᱱᱟ ᱾"
1476,मैं रोज़ाना रियाज़ करना भी मैनेज नहीं कर पाती।,ᱫᱤᱱᱟᱹᱢ ᱦᱤᱞᱟᱹᱜ ᱨᱤᱣᱟᱡᱽ ᱦᱚᱸ ᱵᱟᱹᱧ ᱫᱟᱲᱮᱭᱟᱜ ᱠᱟᱱᱟ ᱾,ᱤᱧ ᱨᱳᱡᱤᱱᱤ ᱨᱚᱭᱟᱡ ᱠᱚ ᱠᱚᱨᱟᱣ ᱦᱚᱸ ᱥᱟᱢᱲᱟᱣ ᱵᱟᱝ ᱫᱟᱲᱮᱭᱟᱜᱼᱟ ᱾
1477,"खैर, क्या तुम वाकई इस वीकेंड पर फ़्री हो?","ᱡᱟᱦᱟᱸᱭᱮᱱᱜᱮ, ᱥᱟᱹᱨᱤᱜᱮ ᱱᱤᱭᱟᱹ ᱦᱟᱯᱛᱟ ᱟᱢ ᱪᱮᱫᱦᱚᱸ ᱵᱟᱢ ᱪᱤᱠᱟᱹᱭᱮᱫᱟ ?",ᱟᱢ ᱠᱤ ᱱᱚᱶᱟ ᱦᱟᱯᱛᱟ ᱢᱩᱪᱟᱹᱫ ᱨᱮ ᱟᱹᱰᱤ ᱱᱟᱯᱟᱭ ᱮᱢ ᱧᱟᱢ ᱟᱠᱟᱫᱟ?
1478,तुम राइड पर जाने के लिए कैसे समय निकालने वाले हो?,ᱨᱟᱭᱤᱰ ᱪᱟᱞᱟᱜ ᱞᱟᱹᱜᱤᱫ ᱚᱠᱛᱚ ᱪᱮᱠᱟᱛᱮᱢ ᱜᱚᱴᱟᱭᱟ ᱾,ᱟᱢ ᱪᱮᱫ ᱞᱮᱠᱟᱛᱮ ᱨᱩᱭᱤᱰ ᱨᱮ ᱪᱟᱞᱟᱣ ᱞᱟᱹᱜᱤᱫ ᱚᱠᱛᱚ ᱦᱟᱛᱟᱣ ᱦᱩᱭᱩᱜ ᱠᱟᱱᱟ?
1479,असल में मैंने कुछ दिन ओवरटाइम करके अपना टार्गेट पूरा कर लिया है।,ᱠᱤᱪᱷᱤ ᱫᱤᱱ ᱞᱟᱹᱜᱤᱫ ᱤᱧ ᱵᱟᱹᱲᱛᱤᱧ ᱠᱟᱹᱢᱤ ᱟᱠᱟᱫᱟ ᱟᱨ ᱤᱧᱟᱹᱜ ᱡᱚᱥ ᱤᱧ ᱯᱩᱨᱟᱹᱣ ᱟᱠᱟᱫᱟ ᱾,"ᱥᱟᱫᱷᱟᱨᱚᱱ ᱞᱮᱠᱟᱛᱮ, ᱤᱧ ᱠᱤᱪᱷᱩ ᱫᱤᱱ ᱳᱣᱟᱨᱴᱟᱭᱤᱢ ᱠᱚᱨᱟᱣ ᱠᱟᱛᱮ ᱤᱧᱟᱹᱜ ᱡᱚᱥ ᱢᱩᱪᱟᱹᱫ ᱟᱠᱟᱫᱟ ᱾"
1480,"तो, मैं इस वीकेंड फ़्री हूँ।",ᱚᱱᱟᱛᱮ ᱱᱤᱭᱟ ᱦᱟᱯᱛᱟ ᱫᱚᱧ ᱯᱷᱨᱤ ᱜᱮᱭᱟ ᱾,"ᱚᱱᱟᱛᱮ, ᱤᱧ ᱱᱚᱶᱟ ᱦᱟᱯᱛᱟ ᱢᱩᱪᱟᱹᱫ ᱨᱮ ᱵᱮᱼᱵᱟᱹᱛᱤᱞ ᱠᱟᱱᱟ ᱾"
1481,मुझे तरो-ताज़ा होने के लिए फ्री टाइम की बहुत ज़रूरत है।,ᱤᱧ ᱟᱹᱰᱤ ᱟᱴᱽᱜᱮ ᱱᱟᱯᱟᱭ ᱚᱠᱛᱚᱧ ᱠᱷᱚᱡᱽ ᱠᱟᱱᱟ ᱾,ᱤᱧ ᱞᱟᱹᱜᱤᱫ ᱟᱹᱰᱤ ᱜᱟᱱ ᱪᱷᱟᱹᱲ ᱚᱠᱛᱚ ᱞᱟᱹᱠᱛᱤ ᱠᱟᱱᱟ ᱾
1482,"सिर्फ़ अपना शौक पूरा करके ऐसा किया जा सकता है, है ना?","ᱮᱠᱦᱮᱱ ᱟᱢᱟᱜ ᱥᱚᱠ ᱯᱟᱸᱡᱟ ᱠᱟᱛᱮᱜ, ᱟᱢ ᱱᱚᱶᱟᱢ ᱠᱚᱨᱟᱣ ᱰᱟᱲᱮᱭᱟᱜᱼᱟ, ᱥᱮ ᱵᱟᱝ ?","ᱱᱚᱶᱟ ᱫᱚ ᱥᱩᱢᱩᱝ ᱟᱢᱟᱜ ᱠᱷᱮᱹᱞᱳᱰ ᱢᱩᱪᱟᱹᱫ ᱠᱟᱛᱮ ᱠᱚᱨᱟᱣ ᱫᱟᱲᱮᱭᱟᱜᱼᱟ, ᱵᱟᱝ?"
1483,"हाँ, तुम ठीक कहते हो।","ᱦᱮᱸ, ᱟᱢᱟᱜ ᱠᱟᱛᱷᱟ ᱥᱟᱹᱨᱤᱭᱟ ᱾","ᱟᱢ ᱦᱩᱭᱩᱜ ᱠᱟᱱᱟ, ᱟᱢ ᱫᱚ ᱱᱟᱯᱟᱭ ᱠᱟᱱᱟ ᱾"
1484,मुझे भी अपने लिए टाइम चाहिए।,ᱤᱧᱟᱹᱜ ᱟᱯᱱᱟᱨ ᱞᱟᱹᱜᱤᱫ ᱦᱚᱸ ᱠᱤᱪᱷᱤ ᱚᱠᱛᱚ ᱞᱟᱹᱠᱛᱤ ᱠᱟᱱᱟ ᱾,ᱤᱧᱟᱹᱜ ᱦᱚᱸ ᱤᱧ ᱞᱟᱹᱜᱤᱫ ᱚᱠᱛᱚ ᱞᱟᱹᱠᱛᱤ ᱠᱟᱱᱟ ᱾
1485,मैं भी इस शुक्रवार को गायन प्रतियोगिता में भाग लेने की सोच रही हूँ।,ᱤᱧᱦᱚᱸᱧ ᱩᱭᱦᱟᱹᱨᱮᱫᱟ ᱱᱤᱭᱟᱹ ᱡᱟᱹᱨᱩᱢ ᱢᱟᱦᱟ ᱢᱤᱫᱴᱟᱝ ᱥᱮᱨᱮᱧ ᱦᱮᱯᱨᱟᱣᱨᱮ ᱥᱮᱞᱮᱫᱚᱜᱼᱟ ᱾,ᱤᱧ ᱦᱚᱸ ᱱᱚᱶᱟ ᱥᱟᱨᱵᱚᱨ ᱢᱟᱦᱟ ᱥᱮᱨᱮᱧ ᱦᱮᱯᱨᱟᱣ ᱨᱮ ᱥᱮᱞᱮᱫ ᱞᱟᱹᱜᱤᱫ ᱮ ᱩᱭᱦᱟᱹᱨᱟ ᱾
1486,मुझे उम्मीद है कि इससे मुझे अपनी पसंदीदा ऐक्टिविटी से फिर से जुड़ने का मौका मिलेगा।,ᱤᱧ ᱟᱸᱥ ᱞᱮᱫᱟ ᱱᱚᱶᱟᱫᱚ ᱤᱧ ᱟᱨᱦᱚᱸ ᱤᱧᱟᱹᱜ ᱠᱟᱹᱢᱤᱦᱚᱨᱟ ᱥᱟᱶᱛᱮ ᱡᱳᱜᱟᱡᱳᱜ ᱞᱟᱹᱜᱤᱫ ᱮ ᱜᱚᱲᱚ ᱟᱹᱧᱟᱹ ᱾,ᱤᱧ ᱟᱭᱩᱢᱟᱹᱱ ᱮᱫᱟ ᱡᱮ ᱱᱚᱶᱟ ᱫᱚ ᱤᱧ ᱤᱧᱟᱹᱜ ᱥᱚᱨᱮᱥ ᱠᱟᱹᱢᱤ ᱦᱚᱨᱟ ᱥᱟᱞᱟᱜ ᱟᱨᱦᱚᱸ ᱥᱮᱞᱮᱫ ᱨᱮᱭᱟᱜ ᱫᱟᱣ ᱮᱢᱼᱟ ᱾
1487,इतने बिज़ी शेड्यूल के बावजूद तुम अपनी हॉबी बनाए रखने के लिए अपना टाइम कैसे मैनेज करती हो?,ᱱᱩᱱᱟᱹᱜ ᱡᱚᱦᱚᱲ ᱨᱮᱦᱚᱸ ᱟᱢ ᱪᱮᱫ ᱞᱮᱠᱟᱛᱮ ᱟᱢᱟᱜ ᱥᱚᱠ ᱯᱟᱸᱡᱟᱭ ᱞᱟᱹᱜᱤᱫ ᱟᱢᱟᱜ ᱚᱠᱛᱚᱢ ᱪᱟᱪᱞᱟᱣᱼᱟ ?,"ᱮᱢᱚᱱ ᱢᱤᱫᱴᱟᱝ ᱟᱹᱰᱤ ᱱᱟᱯᱟᱭ ᱚᱠᱛᱚ ᱛᱟᱹᱞᱤᱠᱟ ᱦᱩᱭ ᱠᱟᱛᱮ ᱨᱮᱦᱚᱸ, ᱟᱢ ᱪᱮᱫ ᱞᱮᱠᱟᱛᱮ ᱟᱢᱟᱜ ᱚᱠᱛᱚ ᱥᱟᱢᱲᱟᱣ ᱢᱮ, ᱡᱟᱦᱟᱸᱛᱮ ᱟᱢ ᱟᱢᱟᱜ ᱠᱷᱮᱹᱞᱳᱰ ᱫᱚᱦᱚ ᱫᱟᱲᱮᱭᱟᱜᱼᱟ ᱾"
1488,मैं अपना काम शुरू करने से पहले रोज़ाना रियाज़ करने की कोशिश करती हूँ।,ᱤᱧ ᱫᱤᱱᱟᱹᱢᱜᱮ ᱥᱮᱛᱟᱜ ᱵᱮᱲᱟ ᱠᱟᱹᱢᱤ ᱮᱛᱚᱦᱚᱵ ᱢᱟᱲᱟᱝᱨᱮ ᱨᱮᱣᱟᱡᱽ ᱤᱧ ᱨᱤᱠᱟᱹᱭᱟ ᱾,ᱤᱧ ᱤᱧᱟᱹᱜ ᱠᱟᱹᱢᱤ ᱮᱦᱚᱵ ᱢᱟᱲᱟᱝ ᱨᱮ ᱨᱳᱡᱤᱱᱤ ᱨᱤᱭᱚᱡ ᱠᱚᱨᱟᱣ ᱨᱮᱭᱟᱜ ᱮ ᱨᱤᱠᱟᱹᱭ ᱮᱫᱟ ᱾
1489,और मैं कोशिश करती हूँ कि मेरा कोई काम पेंडिंग न रहे।,ᱟᱨ ᱤᱧ ᱨᱤᱠᱟᱹᱭᱟ ᱤᱧᱟᱹᱜ ᱠᱟᱹᱢᱤ ᱡᱟᱦᱟᱸᱛᱮ ᱵᱟᱝ ᱥᱟᱨᱮᱡᱽ ᱛᱟᱦᱮᱱ ᱾,ᱟᱨ ᱤᱧ ᱤᱧᱟᱹᱜ ᱡᱟᱦᱟᱱ ᱠᱟᱹᱢᱤ ᱵᱟᱝ ᱠᱚᱨᱟᱣ ᱨᱮᱭᱟᱜ ᱮ ᱨᱤᱠᱟᱹᱭ ᱮᱫᱟ ᱾
1490,ताकि मुझे उन चीज़ों के लिए कुछ टाइम मिल सके जो मुझे पसंद हैं।,ᱡᱟᱦᱟᱸᱛᱮ ᱤᱧ ᱠᱩᱥᱤᱭᱟᱜ ᱞᱮᱠᱟᱱ ᱠᱟᱹᱢᱤᱠᱚᱧ ᱠᱟᱹᱢᱤ ᱫᱟᱲᱮᱭᱟᱜ ᱞᱟᱹᱜᱤᱫ ᱚᱠᱛᱚᱧ ᱧᱟᱢ ᱾,ᱡᱟᱦᱟᱸᱛᱮ ᱤᱧ ᱡᱟᱦᱟᱸ ᱠᱚ ᱤᱧ ᱤᱧ ᱤᱧ ᱤᱧ ᱤᱧ ᱤᱧ ᱤᱧ ᱤᱧ ᱤᱧ ᱤᱧ ᱤᱧ ᱤᱧ ᱤᱧ ᱤᱧ ᱤᱧ ᱤᱧ ᱤᱧ ᱤᱧ ᱤᱧ ᱤᱧ ᱤᱧ ᱤᱧ ᱤᱧ ᱤᱧ ᱤᱧ ᱤᱧ ᱤᱧ ᱤᱧ ᱤᱧ ᱤᱧ ᱤᱧ ᱤᱧ ᱤᱧ ᱤᱧ ᱤᱧ ᱤᱧ ᱤᱧ ᱤᱧ ᱤᱧ ᱤᱧ ᱤᱧ ᱤᱧ ᱤᱧ ᱤᱧ ᱤᱧ ᱤᱧ ᱤᱧ ᱤᱧ ᱤᱧ ᱤᱧ ᱤᱧ ᱤᱧ ᱤᱧ ᱤᱧ ᱤᱧ ᱤᱧ ᱤᱧ ᱤᱧ ᱤᱧ ᱤᱧ ᱤᱧ ᱤᱧ ᱤᱧ ᱤᱧ ᱤᱧ ᱤᱧ ᱤᱧ ᱤᱧ ᱤᱧ ᱤᱧ ᱤᱧ ᱤᱧ ᱤᱧ ᱤᱧ ᱤᱧ ᱤᱧ ᱤᱧ ᱤᱧ ᱤᱧ ᱤᱧ ᱤᱧ ᱤᱧ ᱤᱧ ᱤᱧ ᱤᱧ ᱤᱧ ᱤᱧ ᱤᱧ ᱤᱧ ᱤᱧ ᱤᱧ ᱤᱧ ᱤᱧ ᱤᱧ ᱤᱧ ᱤᱧ ᱤᱧ ᱤᱧ ᱤᱧ ᱤᱧ ᱤᱧ ᱤᱧ ᱤᱧ ᱤᱧ ᱤᱧ ᱤᱧ ᱤᱧ ᱤᱧ ᱤᱧ ᱤᱧ ᱤᱧ ᱤᱧ ᱤᱧ ᱤᱧ ᱤᱧ ᱤᱧ ᱤᱧ ᱤᱧ ᱤᱧ ᱤᱧ ᱤᱧ ᱤᱧ ᱤᱧ
1491,"इस तरह से, मैं अपने वीकेंड म्यूज़िक सुनने और प्रैक्टिस भी करने में बिता सकती हूँ।","ᱱᱚᱝᱠᱟᱛᱮ, ᱤᱧ ᱤᱧᱟᱹᱜ ᱦᱟᱯᱛᱟ ᱨᱮᱭᱟᱜ ᱪᱷᱩᱴᱤ ᱫᱤᱱ ᱠᱚᱨᱮ ᱥᱮᱨᱮᱧ ᱟᱸᱡᱚᱢ ᱟᱨ ᱨᱮᱣᱟᱡᱽ ᱛᱮᱧ ᱯᱟᱨᱚᱢ ᱫᱟᱲᱮᱭᱟᱜᱼᱟ ᱾","ᱱᱚᱶᱟ ᱞᱮᱠᱟᱛᱮ, ᱤᱧ ᱤᱧᱟᱹᱜ ᱦᱟᱯᱛᱟ ᱨᱮᱭᱟᱜ ᱢᱩᱪᱟᱹᱫ ᱚᱠᱛᱚ ᱥᱮᱹᱨᱮᱹᱧ ᱵᱟᱰᱟᱭ ᱟᱨ ᱠᱟᱹᱢᱤ ᱞᱟᱹᱜᱤᱫ ᱦᱚᱸ ᱚᱠᱛᱚ ᱮᱢ ᱫᱚᱦᱚ ᱫᱟᱲᱮᱭᱟᱜᱼᱟ ᱾"
1492,मैं भी बिल्कुल ऐसा ही करने की कोशिश करता हूँ।,ᱤᱧᱦᱚᱸ ᱚᱱᱠᱟᱜᱮ ᱠᱚᱨᱟᱣ ᱨᱮᱭᱟᱜ ᱤᱧ ᱨᱤᱠᱟᱹᱭᱟ ᱾,ᱤᱧ ᱦᱚᱸ ᱚᱱᱟ ᱜᱮ ᱠᱚᱨᱟᱣ ᱨᱮᱭᱟᱜ ᱮ ᱨᱤᱠᱟᱹᱭ ᱮᱫᱟ ᱾
1493,लेकिन पिछले कुछ हफ़्ते बहुत व्यस्त रहे।,ᱢᱮᱱᱠᱷᱟᱱ ᱱᱤᱭᱟᱹ ᱠᱤᱪᱷᱤ ᱦᱟᱯᱛᱟ ᱫᱚ ᱟᱹᱰᱤ ᱡᱚᱦᱚᱲ ᱛᱟᱸᱦᱮ ᱠᱟᱱᱟ ᱾,ᱢᱮᱱᱠᱷᱟᱱ ᱪᱟᱞᱟᱣᱮᱱ ᱠᱤᱪᱷᱩ ᱦᱟᱯᱛᱟ ᱟᱹᱰᱤ ᱠᱟᱹᱢᱤ ᱟᱱ ᱛᱟᱦᱮᱸ ᱠᱟᱱᱟ ᱾
1494,"फिर भी, मैंने ये वीकेंड मैनेज कर लिया है।","ᱮᱱᱛᱮᱦᱚᱸ, ᱤᱧ ᱱᱤᱭᱟᱹ ᱦᱟᱯᱛᱟ ᱞᱟᱹᱜᱤᱫ ᱤᱧ ᱪᱟᱪᱞᱟᱣ ᱟᱠᱟᱫᱟ ᱾","ᱮᱱᱦᱚᱸ, ᱤᱧ ᱱᱚᱶᱟ ᱦᱟᱯᱛᱟ ᱢᱩᱪᱟᱹᱫ ᱨᱮ ᱪᱟᱪᱟᱞᱟᱣ ᱟᱠᱟᱫᱟ ᱾"
1495,तुम किस तरह की गायन प्रतियोगिता में भाग ले रही हो?,ᱟᱢ ᱚᱠᱟ ᱞᱮᱠᱟᱱ ᱥᱮᱨᱮᱧ ᱨᱮᱭᱟᱜ ᱦᱮᱯᱨᱟᱣ ᱨᱮᱢ ᱥᱮᱞᱮᱫᱚᱜ ᱠᱟᱱᱟ ?,ᱟᱢ ᱪᱮᱫ ᱞᱮᱠᱟᱱ ᱥᱮᱨᱮᱧ ᱦᱮᱯᱨᱟᱣ ᱨᱮ ᱥᱮᱞᱮᱫ ᱟᱠᱟᱱᱟ?
1496,यह एक तरह की इंटर-ऑफ़िस गायन प्रतियोगिता है।,ᱱᱚᱶᱟᱫᱚ ᱢᱤᱫ ᱞᱮᱠᱟᱱ ᱤᱱᱴᱟᱨᱼᱚᱯᱷᱤᱥ ᱥᱮᱨᱮᱧ ᱦᱮᱯᱨᱟᱣ ᱠᱟᱱᱟ ᱾,ᱱᱚᱶᱟ ᱫᱚ ᱢᱤᱫ ᱞᱮᱠᱟᱱ ᱤᱱᱴᱟᱨᱼᱳᱯᱷᱤᱥ ᱥᱮᱨᱮᱧ ᱦᱮᱯᱨᱟᱣ ᱠᱟᱱᱟ ᱾
1497,मैं इस प्रतियोगिता में अपने ऑफ़िस की तरफ से जा रही हूँ।,ᱱᱤᱭᱟᱹ ᱦᱮᱯᱨᱟᱣᱫᱚ ᱤᱧ ᱤᱧᱟᱹᱜ ᱚᱯᱷᱤᱥ ᱯᱟᱦᱟᱴᱟ ᱠᱷᱚᱱᱤᱧ ᱟᱹᱭᱩᱨ ᱮᱫᱟ ᱾,ᱤᱧ ᱤᱧᱟᱹᱜ ᱚᱯᱷᱤᱥ ᱥᱮᱫ ᱠᱷᱚᱱ ᱱᱚᱶᱟ ᱦᱮᱯᱨᱟᱣ ᱨᱮ ᱪᱟᱞᱟᱣᱚᱜ ᱠᱟᱱᱟ ᱾
1498,मैं इसे लेकर बहुत एक्साइटेड हूँ।,ᱱᱚᱶᱟ ᱤᱫᱤ ᱠᱟᱛᱮᱜ ᱤᱧ ᱟᱹᱰᱤ ᱟᱴᱽᱤᱧ ᱨᱟᱹᱥᱠᱟᱹ ᱜᱮᱭᱟ ᱾,ᱤᱧ ᱱᱚᱶᱟ ᱤᱫᱤ ᱠᱟᱛᱮ ᱟᱹᱰᱤ ᱠᱷᱮᱹᱞᱳᱰᱚᱜ ᱠᱟᱱᱟ ᱾
1499,"यह बढ़िया है, तुम्हें उसमें भाग लेना चाहिए।","ᱱᱚᱶᱟᱫᱚ ᱟᱹᱰᱤ ᱵᱮᱥ ᱜᱮᱭᱟ, ᱱᱚᱶᱟᱨᱮ ᱟᱢ ᱮᱠᱟᱞᱜᱮ ᱥᱮᱞᱮᱫᱚᱜ ᱦᱩᱭᱩᱜ ᱛᱟᱢᱟ ᱾","ᱱᱚᱶᱟ ᱫᱚ ᱟᱹᱰᱤ ᱱᱟᱯᱟᱭ, ᱟᱢ ᱱᱚᱶᱟ ᱨᱮ ᱥᱮᱞᱮᱫ ᱦᱳᱭᱳᱜᱼᱟ ᱾"
1500,मेरी शुभकामनाएँ।,ᱟᱢᱟᱜ ᱠᱟᱹᱢᱤ ᱥᱟᱹᱜᱩᱱᱚᱜ ᱢᱟᱧ ᱠᱷᱚᱡᱽ ᱠᱟᱱᱟ ᱾,ᱤᱧᱟᱹᱜ ᱥᱚᱨᱮᱥ ᱠᱚ ᱾
1501,बहुत धन्यवाद।,ᱟᱭᱢᱟ ᱥᱟᱨᱦᱟᱣ ᱾,ᱟᱹᱰᱤ ᱜᱟᱱ ᱥᱟᱨᱦᱟᱰ ᱾
1502,तुम्हारी भी ट्रिप सुरक्षित रहे।,ᱟᱢᱦᱚᱸ ᱱᱟᱯᱟᱭᱛᱮ ᱪᱟᱞᱟᱜ ᱢᱮ ᱾,ᱛᱩᱢᱦᱟᱹᱨᱤ ᱦᱚᱸ ᱴᱨᱤᱯ ᱫᱚ ᱱᱟᱯᱟᱭ ᱛᱟᱦᱮᱸ ᱠᱟᱱᱟ ᱾
1503,"धन्यवाद, लेलिना।","ᱥᱟᱨᱦᱟᱣ ᱜᱮ , ᱨᱟᱹᱦᱤ ᱾","ᱥᱟᱨᱦᱟᱰ, ᱞᱮᱞᱤᱱᱟ ᱾"
